-- Tipos de documento
INSERT INTO tipos_documento (id, nombre) VALUES (1, 'DPI');
INSERT INTO tipos_documento (id, nombre) VALUES (2, 'Carné');
INSERT INTO tipos_documento (id, nombre) VALUES (3, 'Pasaporte');

-- Editoriales
INSERT INTO editoriales (id, nombre) VALUES (1, 'Green-Torres');
INSERT INTO editoriales (id, nombre) VALUES (2, 'Mckee LLC');
INSERT INTO editoriales (id, nombre) VALUES (3, 'Shannon-Andrews');
INSERT INTO editoriales (id, nombre) VALUES (4, 'Lane-Barnett');
INSERT INTO editoriales (id, nombre) VALUES (5, 'Brown-Vang');
INSERT INTO editoriales (id, nombre) VALUES (6, 'Black-White');
INSERT INTO editoriales (id, nombre) VALUES (7, 'Avery and Sons');
INSERT INTO editoriales (id, nombre) VALUES (8, 'Perez Inc');
INSERT INTO editoriales (id, nombre) VALUES (9, 'Bryant PLC');
INSERT INTO editoriales (id, nombre) VALUES (10, 'Miller Group');

-- Categorías
INSERT INTO categorias (id, nombre) VALUES (1, 'Ficción');
INSERT INTO categorias (id, nombre) VALUES (2, 'Historia');
INSERT INTO categorias (id, nombre) VALUES (3, 'Ciencia');
INSERT INTO categorias (id, nombre) VALUES (4, 'Tecnología');
INSERT INTO categorias (id, nombre) VALUES (5, 'Arte');
INSERT INTO categorias (id, nombre) VALUES (6, 'Filosofía');
INSERT INTO categorias (id, nombre) VALUES (7, 'Matemáticas');
INSERT INTO categorias (id, nombre) VALUES (8, 'Educación');
INSERT INTO categorias (id, nombre) VALUES (9, 'Misterio');
INSERT INTO categorias (id, nombre) VALUES (10, 'Biografía');

-- Autores
INSERT INTO autores (id, nombre) VALUES (1, 'Cynthia Chandler');
INSERT INTO autores (id, nombre) VALUES (2, 'David Avery');
INSERT INTO autores (id, nombre) VALUES (3, 'Cody Delacruz');
INSERT INTO autores (id, nombre) VALUES (4, 'Gloria Powell');
INSERT INTO autores (id, nombre) VALUES (5, 'Adam Butler');
INSERT INTO autores (id, nombre) VALUES (6, 'Ian Le');
INSERT INTO autores (id, nombre) VALUES (7, 'Matthew Bowman');
INSERT INTO autores (id, nombre) VALUES (8, 'Trevor Cain');
INSERT INTO autores (id, nombre) VALUES (9, 'Vanessa Ramos');
INSERT INTO autores (id, nombre) VALUES (10, 'Ryan Jackson');
INSERT INTO autores (id, nombre) VALUES (11, 'Michael Flores');
INSERT INTO autores (id, nombre) VALUES (12, 'Elizabeth Cruz');
INSERT INTO autores (id, nombre) VALUES (13, 'Megan Moore');
INSERT INTO autores (id, nombre) VALUES (14, 'Erin Graham');
INSERT INTO autores (id, nombre) VALUES (15, 'William Stewart');
INSERT INTO autores (id, nombre) VALUES (16, 'Kevin Bell');
INSERT INTO autores (id, nombre) VALUES (17, 'Todd Campbell');
INSERT INTO autores (id, nombre) VALUES (18, 'Gabriel Brown');
INSERT INTO autores (id, nombre) VALUES (19, 'Samantha Beasley');
INSERT INTO autores (id, nombre) VALUES (20, 'Elaine Harper');

-- Usuarios
INSERT INTO usuarios (id, nombre, email, telefono, rol, tipo_documento_id) VALUES (1, 'Anthony Bradley', 'rubenlyons@rivas.com', '001-856-715-6056x8516', 'invitado', 2);
INSERT INTO direcciones (id, usuario_id, calle, ciudad, pais) VALUES (1, 1, '814 Williams Corner Apt. 002', 'Reyesberg', 'EE');
INSERT INTO usuarios (id, nombre, email, telefono, rol, tipo_documento_id) VALUES (2, 'Mary Morgan', 'castromatthew@clark.com', '+1-479-951-2609x0446', 'lector', 1);
INSERT INTO direcciones (id, usuario_id, calle, ciudad, pais) VALUES (2, 2, '665 Li Alley', 'Xavierton', 'ER');
INSERT INTO usuarios (id, nombre, email, telefono, rol, tipo_documento_id) VALUES (3, 'Abigail Kane', 'zbarrett@yahoo.com', '3748553917', 'lector', 1);
INSERT INTO direcciones (id, usuario_id, calle, ciudad, pais) VALUES (3, 3, '65439 Anderson Radial Suite 249', 'South Lee', 'BG');
INSERT INTO usuarios (id, nombre, email, telefono, rol, tipo_documento_id) VALUES (4, 'Erik Jordan', 'ladams@hotmail.com', '+1-487-240-1247x10199', 'invitado', 3);
INSERT INTO direcciones (id, usuario_id, calle, ciudad, pais) VALUES (4, 4, '2367 Wilson Street Suite 214', 'Morganside', 'MV');
INSERT INTO usuarios (id, nombre, email, telefono, rol, tipo_documento_id) VALUES (5, 'Rebecca Russo', 'bshaffer@warner-russell.net', '(704)145-4688', 'invitado', 2);
INSERT INTO direcciones (id, usuario_id, calle, ciudad, pais) VALUES (5, 5, '84907 Patrick Estates Suite 668', 'Markburgh', 'CO');
INSERT INTO usuarios (id, nombre, email, telefono, rol, tipo_documento_id) VALUES (6, 'Emily George', 'pdean@yahoo.com', '520-192-2166x7470', 'invitado', 2);
INSERT INTO direcciones (id, usuario_id, calle, ciudad, pais) VALUES (6, 6, '84741 Zachary Land', 'Lake Melissaport', 'CV');
INSERT INTO usuarios (id, nombre, email, telefono, rol, tipo_documento_id) VALUES (7, 'Jessica Becker', 'johnsonmichael@chavez.com', '001-277-829-9287x04864', 'invitado', 1);
INSERT INTO direcciones (id, usuario_id, calle, ciudad, pais) VALUES (7, 7, '13845 Mark Station Suite 281', 'West Cassidy', 'ET');
INSERT INTO usuarios (id, nombre, email, telefono, rol, tipo_documento_id) VALUES (8, 'Katherine Cook', 'nina18@yahoo.com', '428.256.8825x147', 'invitado', 2);
INSERT INTO direcciones (id, usuario_id, calle, ciudad, pais) VALUES (8, 8, '75518 Parker Hill', 'South Thomas', 'KG');
INSERT INTO usuarios (id, nombre, email, telefono, rol, tipo_documento_id) VALUES (9, 'Virginia Chandler', 'lowelarry@cooley.org', '742.655.8336x19921', 'invitado', 1);
INSERT INTO direcciones (id, usuario_id, calle, ciudad, pais) VALUES (9, 9, '782 Barbara Pines Suite 447', 'Port Janice', 'JO');
INSERT INTO usuarios (id, nombre, email, telefono, rol, tipo_documento_id) VALUES (10, 'Michael Garza', 'perrynatalie@freeman-castro.org', '001-183-563-3720x0604', 'invitado', 1);
INSERT INTO direcciones (id, usuario_id, calle, ciudad, pais) VALUES (10, 10, '047 Fox Locks', 'Mcgeehaven', 'FR');
INSERT INTO usuarios (id, nombre, email, telefono, rol, tipo_documento_id) VALUES (11, 'James Lucero', 'kelseygreen@peck.info', '790-562-7905', 'administrador', 3);
INSERT INTO direcciones (id, usuario_id, calle, ciudad, pais) VALUES (11, 11, '53886 Luis Ridges', 'New Julieport', 'BG');
INSERT INTO usuarios (id, nombre, email, telefono, rol, tipo_documento_id) VALUES (12, 'Rhonda Knox', 'christina93@hotmail.com', '063.271.9690', 'administrador', 3);
INSERT INTO direcciones (id, usuario_id, calle, ciudad, pais) VALUES (12, 12, '416 Juan Station', 'South Jonathanberg', 'MV');
INSERT INTO usuarios (id, nombre, email, telefono, rol, tipo_documento_id) VALUES (13, 'Eric Day', 'gshelton@lopez.net', '2803412821', 'administrador', 1);
INSERT INTO direcciones (id, usuario_id, calle, ciudad, pais) VALUES (13, 13, '429 Kim Manors Apt. 111', 'Jasonborough', 'JM');
INSERT INTO usuarios (id, nombre, email, telefono, rol, tipo_documento_id) VALUES (14, 'Thomas Gibson', 'manuel17@yahoo.com', '(155)957-1503x13962', 'invitado', 3);
INSERT INTO direcciones (id, usuario_id, calle, ciudad, pais) VALUES (14, 14, '596 Sara Row Apt. 096', 'East Maria', 'FJ');
INSERT INTO usuarios (id, nombre, email, telefono, rol, tipo_documento_id) VALUES (15, 'Susan Sandoval', 'mckenziecook@gmail.com', '045-055-8449x450', 'administrador', 1);
INSERT INTO direcciones (id, usuario_id, calle, ciudad, pais) VALUES (15, 15, '947 Robert Causeway Suite 457', 'Andreaborough', 'JP');
INSERT INTO usuarios (id, nombre, email, telefono, rol, tipo_documento_id) VALUES (16, 'Jennifer Ferguson', 'christopherdiaz@miles.info', '(427)545-0575', 'administrador', 2);
INSERT INTO direcciones (id, usuario_id, calle, ciudad, pais) VALUES (16, 16, '1683 Michael Green Suite 306', 'Laurenfurt', 'GE');
INSERT INTO usuarios (id, nombre, email, telefono, rol, tipo_documento_id) VALUES (17, 'Kristen Harrison', 'smithkurt@banks-fletcher.com', '284-413-9504', 'invitado', 2);
INSERT INTO direcciones (id, usuario_id, calle, ciudad, pais) VALUES (17, 17, '621 Villanueva Mountains Apt. 690', 'Port Ebonyhaven', 'BG');
INSERT INTO usuarios (id, nombre, email, telefono, rol, tipo_documento_id) VALUES (18, 'Jimmy Smith', 'richardespinoza@young.org', '(890)584-8755', 'lector', 2);
INSERT INTO direcciones (id, usuario_id, calle, ciudad, pais) VALUES (18, 18, '5534 Stevens Square Suite 123', 'South Shannonton', 'RU');
INSERT INTO usuarios (id, nombre, email, telefono, rol, tipo_documento_id) VALUES (19, 'Christopher Lawson', 'jgonzales@hendricks.org', '(824)597-8046', 'invitado', 2);
INSERT INTO direcciones (id, usuario_id, calle, ciudad, pais) VALUES (19, 19, '137 Martinez Spurs Apt. 388', 'North Michelle', 'MG');
INSERT INTO usuarios (id, nombre, email, telefono, rol, tipo_documento_id) VALUES (20, 'Barry Barnes', 'stephensbeth@campbell.com', '(508)077-9465x79431', 'administrador', 3);
INSERT INTO direcciones (id, usuario_id, calle, ciudad, pais) VALUES (20, 20, '8172 Robinson Extensions', 'Allisonside', 'BF');
INSERT INTO usuarios (id, nombre, email, telefono, rol, tipo_documento_id) VALUES (21, 'Rebecca Oneal', 'shawnwang@cox.com', '(581)890-1178x3189', 'invitado', 2);
INSERT INTO direcciones (id, usuario_id, calle, ciudad, pais) VALUES (21, 21, '912 Jenkins Glen', 'Harrisfort', 'MR');
INSERT INTO usuarios (id, nombre, email, telefono, rol, tipo_documento_id) VALUES (22, 'Pamela Ross', 'michellegreen@yahoo.com', '705.139.5764x2045', 'administrador', 3);
INSERT INTO direcciones (id, usuario_id, calle, ciudad, pais) VALUES (22, 22, '3847 Morrison Landing', 'Harperville', 'MD');
INSERT INTO usuarios (id, nombre, email, telefono, rol, tipo_documento_id) VALUES (23, 'Sarah Coffey', 'blevinsjustin@johnson.org', '108.464.6390', 'invitado', 2);
INSERT INTO direcciones (id, usuario_id, calle, ciudad, pais) VALUES (23, 23, '04422 Jacqueline Fields', 'Williamsview', 'ID');
INSERT INTO usuarios (id, nombre, email, telefono, rol, tipo_documento_id) VALUES (24, 'Stephen Morgan', 'villanuevabrian@nelson.com', '(222)092-4652', 'administrador', 1);
INSERT INTO direcciones (id, usuario_id, calle, ciudad, pais) VALUES (24, 24, '45559 Stephanie Walks', 'Stacyburgh', 'LB');
INSERT INTO usuarios (id, nombre, email, telefono, rol, tipo_documento_id) VALUES (25, 'Cynthia Lee', 'tina97@gmail.com', '(537)000-0615', 'lector', 2);
INSERT INTO direcciones (id, usuario_id, calle, ciudad, pais) VALUES (25, 25, '25918 Heather Station Apt. 528', 'Fieldsshire', 'DM');
INSERT INTO usuarios (id, nombre, email, telefono, rol, tipo_documento_id) VALUES (26, 'Albert Kennedy', 'bartonsandra@yahoo.com', '(944)242-6219x909', 'administrador', 2);
INSERT INTO direcciones (id, usuario_id, calle, ciudad, pais) VALUES (26, 26, '98414 Kelly Valley Apt. 436', 'Jasonburgh', 'QA');
INSERT INTO usuarios (id, nombre, email, telefono, rol, tipo_documento_id) VALUES (27, 'Laura Vazquez', 'kimdustin@hotmail.com', '(866)131-8608x24453', 'invitado', 2);
INSERT INTO direcciones (id, usuario_id, calle, ciudad, pais) VALUES (27, 27, '4420 Jesse River Suite 785', 'Rodgersfurt', 'TO');
INSERT INTO usuarios (id, nombre, email, telefono, rol, tipo_documento_id) VALUES (28, 'Erika Pollard', 'whudson@gmail.com', '(404)461-9792', 'administrador', 1);
INSERT INTO direcciones (id, usuario_id, calle, ciudad, pais) VALUES (28, 28, '5513 Robinson Knolls', 'Lake Robertstad', 'LR');
INSERT INTO usuarios (id, nombre, email, telefono, rol, tipo_documento_id) VALUES (29, 'Benjamin Campbell', 'sethmcintyre@hotmail.com', '+1-318-380-7073x216', 'administrador', 2);
INSERT INTO direcciones (id, usuario_id, calle, ciudad, pais) VALUES (29, 29, '4905 Sean Estate', 'Lake Zachary', 'IS');
INSERT INTO usuarios (id, nombre, email, telefono, rol, tipo_documento_id) VALUES (30, 'Teresa Carter', 'julie56@meadows-cain.com', '1290270305', 'administrador', 2);
INSERT INTO direcciones (id, usuario_id, calle, ciudad, pais) VALUES (30, 30, '5768 Jones Tunnel', 'Rhondatown', 'CZ');
INSERT INTO usuarios (id, nombre, email, telefono, rol, tipo_documento_id) VALUES (31, 'Jeremy Clements', 'william81@martin.com', '+1-955-227-9205x21528', 'invitado', 1);
INSERT INTO direcciones (id, usuario_id, calle, ciudad, pais) VALUES (31, 31, '680 Martin Curve Apt. 151', 'Lake Lauraport', 'BE');
INSERT INTO usuarios (id, nombre, email, telefono, rol, tipo_documento_id) VALUES (32, 'Edgar Bryant', 'lewiskeith@hotmail.com', '7941798244', 'lector', 2);
INSERT INTO direcciones (id, usuario_id, calle, ciudad, pais) VALUES (32, 32, '46937 Alexandria Junctions', 'Collinston', 'FR');
INSERT INTO usuarios (id, nombre, email, telefono, rol, tipo_documento_id) VALUES (33, 'Doris Anderson', 'marquezrobert@allison.com', '031.461.6727x955', 'lector', 3);
INSERT INTO direcciones (id, usuario_id, calle, ciudad, pais) VALUES (33, 33, '72098 Ruiz Circles', 'South Glennport', 'LR');
INSERT INTO usuarios (id, nombre, email, telefono, rol, tipo_documento_id) VALUES (34, 'Julie Hudson', 'hugheswendy@hotmail.com', '001-899-711-6731', 'invitado', 2);
INSERT INTO direcciones (id, usuario_id, calle, ciudad, pais) VALUES (34, 34, '117 Michael Forest', 'East Danielport', 'FJ');
INSERT INTO usuarios (id, nombre, email, telefono, rol, tipo_documento_id) VALUES (35, 'Abigail Lopez', 'jennifer99@shepard.biz', '842.172.1932', 'lector', 1);
INSERT INTO direcciones (id, usuario_id, calle, ciudad, pais) VALUES (35, 35, '16864 Clark Shores', 'Schneiderberg', 'GR');
INSERT INTO usuarios (id, nombre, email, telefono, rol, tipo_documento_id) VALUES (36, 'David Smith', 'hoodashley@brown-young.net', '001-071-158-8243x5363', 'administrador', 2);
INSERT INTO direcciones (id, usuario_id, calle, ciudad, pais) VALUES (36, 36, '53381 David Parkways', 'Staffordfort', 'MR');
INSERT INTO usuarios (id, nombre, email, telefono, rol, tipo_documento_id) VALUES (37, 'Jeremy Romero', 'johnathanbrown@rodriguez-hudson.com', '5645228136', 'invitado', 3);
INSERT INTO direcciones (id, usuario_id, calle, ciudad, pais) VALUES (37, 37, '801 Schneider Rest Suite 843', 'Port Angelaborough', 'FR');
INSERT INTO usuarios (id, nombre, email, telefono, rol, tipo_documento_id) VALUES (38, 'Lauren Mayo', 'louis25@zhang.biz', '001-581-419-3646', 'lector', 2);
INSERT INTO direcciones (id, usuario_id, calle, ciudad, pais) VALUES (38, 38, '59791 Howell Flat Apt. 015', 'Willisstad', 'PL');
INSERT INTO usuarios (id, nombre, email, telefono, rol, tipo_documento_id) VALUES (39, 'Christian Tate', 'gabrielyates@coleman.com', '001-395-809-7480', 'administrador', 1);
INSERT INTO direcciones (id, usuario_id, calle, ciudad, pais) VALUES (39, 39, '226 Lin Garden Suite 857', 'West Thomasbury', 'EG');
INSERT INTO usuarios (id, nombre, email, telefono, rol, tipo_documento_id) VALUES (40, 'Kristin Day', 'yvonnefisher@hotmail.com', '+1-211-526-9730x21420', 'lector', 1);
INSERT INTO direcciones (id, usuario_id, calle, ciudad, pais) VALUES (40, 40, '6754 Brandy Groves Suite 721', 'Contrerasmouth', 'GA');
INSERT INTO usuarios (id, nombre, email, telefono, rol, tipo_documento_id) VALUES (41, 'Timothy Cox', 'zyoung@yahoo.com', '950-664-4658x192', 'invitado', 2);
INSERT INTO direcciones (id, usuario_id, calle, ciudad, pais) VALUES (41, 41, '6566 Amy Islands Suite 803', 'Zamoraview', 'VA');
INSERT INTO usuarios (id, nombre, email, telefono, rol, tipo_documento_id) VALUES (42, 'Alexander Miranda', 'jose49@morris-sims.org', '417-425-3128x00022', 'invitado', 3);
INSERT INTO direcciones (id, usuario_id, calle, ciudad, pais) VALUES (42, 42, '562 Alexander Mountain', 'Ivanfort', 'GH');
INSERT INTO usuarios (id, nombre, email, telefono, rol, tipo_documento_id) VALUES (43, 'Daniel Butler', 'emily20@mills-mitchell.com', '(180)063-4342', 'administrador', 2);
INSERT INTO direcciones (id, usuario_id, calle, ciudad, pais) VALUES (43, 43, '375 Patricia Divide Apt. 294', 'North James', 'LU');
INSERT INTO usuarios (id, nombre, email, telefono, rol, tipo_documento_id) VALUES (44, 'Jacqueline Miller', 'charlesgregory@mayer-butler.net', '+1-610-889-3002', 'invitado', 2);
INSERT INTO direcciones (id, usuario_id, calle, ciudad, pais) VALUES (44, 44, '328 Eric Causeway', 'Kristieton', 'PT');
INSERT INTO usuarios (id, nombre, email, telefono, rol, tipo_documento_id) VALUES (45, 'Aaron Duran', 'daviskaren@hotmail.com', '(233)800-7987', 'administrador', 3);
INSERT INTO direcciones (id, usuario_id, calle, ciudad, pais) VALUES (45, 45, '068 Jennifer Mountains Suite 308', 'Williamsmouth', 'BA');
INSERT INTO usuarios (id, nombre, email, telefono, rol, tipo_documento_id) VALUES (46, 'Debbie Thompson', 'jacksontracey@gutierrez.com', '609.906.3608x81759', 'invitado', 1);
INSERT INTO direcciones (id, usuario_id, calle, ciudad, pais) VALUES (46, 46, '0424 Kyle Forest', 'Lopezland', 'ZW');
INSERT INTO usuarios (id, nombre, email, telefono, rol, tipo_documento_id) VALUES (47, 'Robin Garcia', 'weberelizabeth@francis.com', '909.082.6741x4378', 'invitado', 2);
INSERT INTO direcciones (id, usuario_id, calle, ciudad, pais) VALUES (47, 47, '6748 Kristen Way Suite 332', 'New Jeffreyview', 'NR');
INSERT INTO usuarios (id, nombre, email, telefono, rol, tipo_documento_id) VALUES (48, 'Adam Burns', 'mjohnson@johnson.info', '751-689-4822x90588', 'invitado', 3);
INSERT INTO direcciones (id, usuario_id, calle, ciudad, pais) VALUES (48, 48, '617 Thompson Groves', 'New Jakeborough', 'BH');
INSERT INTO usuarios (id, nombre, email, telefono, rol, tipo_documento_id) VALUES (49, 'Courtney Hughes', 'benjamin76@hotmail.com', '042-006-4782', 'administrador', 2);
INSERT INTO direcciones (id, usuario_id, calle, ciudad, pais) VALUES (49, 49, '955 Mark Canyon Apt. 012', 'Johnsonburgh', 'ES');
INSERT INTO usuarios (id, nombre, email, telefono, rol, tipo_documento_id) VALUES (50, 'Melissa Williams', 'deborahray@gmail.com', '818.730.9328x67886', 'invitado', 3);
INSERT INTO direcciones (id, usuario_id, calle, ciudad, pais) VALUES (50, 50, '82274 Melanie Trail', 'South Darrenmouth', 'KG');
INSERT INTO usuarios (id, nombre, email, telefono, rol, tipo_documento_id) VALUES (51, 'Brian Wilson', 'vanessaroberts@day-hensley.com', '216-757-4728', 'lector', 1);
INSERT INTO direcciones (id, usuario_id, calle, ciudad, pais) VALUES (51, 51, '15309 Lamb Meadow', 'Port Shannonview', 'NO');
INSERT INTO usuarios (id, nombre, email, telefono, rol, tipo_documento_id) VALUES (52, 'Jackson Duncan', 'david10@ford.net', '+1-800-764-5966x8264', 'invitado', 2);
INSERT INTO direcciones (id, usuario_id, calle, ciudad, pais) VALUES (52, 52, '25677 Miles Avenue Suite 667', 'Claytonshire', 'NO');
INSERT INTO usuarios (id, nombre, email, telefono, rol, tipo_documento_id) VALUES (53, 'Maurice Gray', 'roger69@myers-jenkins.biz', '450-061-5051', 'invitado', 1);
INSERT INTO direcciones (id, usuario_id, calle, ciudad, pais) VALUES (53, 53, '446 Erickson Locks', 'Lake Christopher', 'IN');
INSERT INTO usuarios (id, nombre, email, telefono, rol, tipo_documento_id) VALUES (54, 'Julie Phelps', 'acevedosean@woodward-henry.com', '001-367-134-8287', 'administrador', 1);
INSERT INTO direcciones (id, usuario_id, calle, ciudad, pais) VALUES (54, 54, '53755 Galvan Oval Apt. 997', 'Lake Nicholas', 'GY');
INSERT INTO usuarios (id, nombre, email, telefono, rol, tipo_documento_id) VALUES (55, 'Willie Maxwell', 'josephmoore@hood.com', '(939)420-5816x4398', 'lector', 3);
INSERT INTO direcciones (id, usuario_id, calle, ciudad, pais) VALUES (55, 55, '37720 Baker Crescent Suite 938', 'Lake Christopherport', 'MK');
INSERT INTO usuarios (id, nombre, email, telefono, rol, tipo_documento_id) VALUES (56, 'Jacqueline Morgan', 'dcollins@kirk.info', '814-312-7465x640', 'lector', 2);
INSERT INTO direcciones (id, usuario_id, calle, ciudad, pais) VALUES (56, 56, '0218 Mark Junction', 'New James', 'BW');
INSERT INTO usuarios (id, nombre, email, telefono, rol, tipo_documento_id) VALUES (57, 'Patricia Kirk', 'ijefferson@hotmail.com', '927-840-0111x4753', 'administrador', 2);
INSERT INTO direcciones (id, usuario_id, calle, ciudad, pais) VALUES (57, 57, '6517 Neal Manors', 'Heidibury', 'KG');
INSERT INTO usuarios (id, nombre, email, telefono, rol, tipo_documento_id) VALUES (58, 'Stephanie Hunt', 'brownkaren@morales.com', '(011)938-2160', 'invitado', 1);
INSERT INTO direcciones (id, usuario_id, calle, ciudad, pais) VALUES (58, 58, '514 Moore Shores', 'Port Kristenhaven', 'DO');
INSERT INTO usuarios (id, nombre, email, telefono, rol, tipo_documento_id) VALUES (59, 'Robert Snow', 'carterjeffrey@yahoo.com', '001-602-948-7444x789', 'lector', 3);
INSERT INTO direcciones (id, usuario_id, calle, ciudad, pais) VALUES (59, 59, '446 Justin Ports Apt. 033', 'North Matthewshire', 'VE');
INSERT INTO usuarios (id, nombre, email, telefono, rol, tipo_documento_id) VALUES (60, 'Robert Young', 'smallcolleen@gmail.com', '770-897-9973x0002', 'invitado', 1);
INSERT INTO direcciones (id, usuario_id, calle, ciudad, pais) VALUES (60, 60, '47227 Garcia Passage Suite 796', 'West Nicole', 'LU');
INSERT INTO usuarios (id, nombre, email, telefono, rol, tipo_documento_id) VALUES (61, 'Victoria Morgan', 'smithjose@hotmail.com', '+1-499-142-1968x7298', 'administrador', 2);
INSERT INTO direcciones (id, usuario_id, calle, ciudad, pais) VALUES (61, 61, '2512 Donovan Knolls', 'North Stephen', 'PA');
INSERT INTO usuarios (id, nombre, email, telefono, rol, tipo_documento_id) VALUES (62, 'Amanda Cooley', 'derekmcconnell@yahoo.com', '(517)176-8301x30898', 'administrador', 2);
INSERT INTO direcciones (id, usuario_id, calle, ciudad, pais) VALUES (62, 62, '886 Espinoza Unions', 'Matthewstad', 'VU');
INSERT INTO usuarios (id, nombre, email, telefono, rol, tipo_documento_id) VALUES (63, 'Dana White', 'egreene@yahoo.com', '001-570-250-8376x30699', 'lector', 3);
INSERT INTO direcciones (id, usuario_id, calle, ciudad, pais) VALUES (63, 63, '664 Riley Bypass Apt. 748', 'Mccallmouth', 'OM');
INSERT INTO usuarios (id, nombre, email, telefono, rol, tipo_documento_id) VALUES (64, 'Terry Michael', 'mary44@dixon.biz', '579-175-1699', 'invitado', 3);
INSERT INTO direcciones (id, usuario_id, calle, ciudad, pais) VALUES (64, 64, '3203 Thornton Roads', 'Jessicaview', 'OM');
INSERT INTO usuarios (id, nombre, email, telefono, rol, tipo_documento_id) VALUES (65, 'Michael Castro', 'ashley30@hall.biz', '756.520.3215x634', 'administrador', 3);
INSERT INTO direcciones (id, usuario_id, calle, ciudad, pais) VALUES (65, 65, '5840 Jeffrey Valleys', 'South Mary', 'VE');
INSERT INTO usuarios (id, nombre, email, telefono, rol, tipo_documento_id) VALUES (66, 'Michelle Harris', 'dylangriffin@taylor-smith.com', '+1-555-846-7398x66941', 'lector', 1);
INSERT INTO direcciones (id, usuario_id, calle, ciudad, pais) VALUES (66, 66, '6266 Taylor River', 'Jacksonview', 'GA');
INSERT INTO usuarios (id, nombre, email, telefono, rol, tipo_documento_id) VALUES (67, 'Janet Johnson', 'moralestyler@hotmail.com', '449.822.8241x743', 'lector', 2);
INSERT INTO direcciones (id, usuario_id, calle, ciudad, pais) VALUES (67, 67, '89437 Kimberly Villages', 'Jeffersontown', 'SM');
INSERT INTO usuarios (id, nombre, email, telefono, rol, tipo_documento_id) VALUES (68, 'Rodney Moran', 'mswanson@mclaughlin-hughes.com', '887.768.5886x00113', 'invitado', 1);
INSERT INTO direcciones (id, usuario_id, calle, ciudad, pais) VALUES (68, 68, '7751 Brenda Garden Apt. 479', 'Frederickton', 'FI');
INSERT INTO usuarios (id, nombre, email, telefono, rol, tipo_documento_id) VALUES (69, 'Rick Zimmerman', 'anthony48@hotmail.com', '+1-902-569-8507x67626', 'lector', 2);
INSERT INTO direcciones (id, usuario_id, calle, ciudad, pais) VALUES (69, 69, '953 Alexander Ferry', 'Port Thomasstad', 'LI');
INSERT INTO usuarios (id, nombre, email, telefono, rol, tipo_documento_id) VALUES (70, 'Bailey Duke', 'joseheath@valenzuela.info', '+1-768-659-1498x73225', 'administrador', 1);
INSERT INTO direcciones (id, usuario_id, calle, ciudad, pais) VALUES (70, 70, '7132 Cruz Drives', 'Port Williamburgh', 'MM');
INSERT INTO usuarios (id, nombre, email, telefono, rol, tipo_documento_id) VALUES (71, 'Joshua Russell', 'heathermiranda@hotmail.com', '625-390-6145x7664', 'administrador', 1);
INSERT INTO direcciones (id, usuario_id, calle, ciudad, pais) VALUES (71, 71, '46074 Aaron Stream Suite 413', 'Lake Michael', 'CN');
INSERT INTO usuarios (id, nombre, email, telefono, rol, tipo_documento_id) VALUES (72, 'Daniel Dickerson', 'pattersonmartin@gmail.com', '480.828.4399', 'administrador', 3);
INSERT INTO direcciones (id, usuario_id, calle, ciudad, pais) VALUES (72, 72, '927 Hall Mountain Apt. 791', 'Thomasborough', 'MG');
INSERT INTO usuarios (id, nombre, email, telefono, rol, tipo_documento_id) VALUES (73, 'Jamie West', 'charles58@alvarez.com', '469.825.5575x482', 'administrador', 1);
INSERT INTO direcciones (id, usuario_id, calle, ciudad, pais) VALUES (73, 73, '74869 Berry Key', 'Watersstad', 'EG');
INSERT INTO usuarios (id, nombre, email, telefono, rol, tipo_documento_id) VALUES (74, 'Elizabeth Williams', 'etaylor@elliott-hawkins.com', '001-485-467-0319x67648', 'invitado', 1);
INSERT INTO direcciones (id, usuario_id, calle, ciudad, pais) VALUES (74, 74, '265 Schroeder Bypass', 'Port Angelica', 'DJ');
INSERT INTO usuarios (id, nombre, email, telefono, rol, tipo_documento_id) VALUES (75, 'Patrick Hernandez', 'ambermitchell@gmail.com', '215-230-7591x5457', 'lector', 2);
INSERT INTO direcciones (id, usuario_id, calle, ciudad, pais) VALUES (75, 75, '4195 John Squares', 'Davistown', 'AF');
INSERT INTO usuarios (id, nombre, email, telefono, rol, tipo_documento_id) VALUES (76, 'Jonathan Moss', 'moodyeric@yahoo.com', '001-454-219-0910', 'administrador', 2);
INSERT INTO direcciones (id, usuario_id, calle, ciudad, pais) VALUES (76, 76, '21416 Brett Wells', 'Castillotown', 'IE');
INSERT INTO usuarios (id, nombre, email, telefono, rol, tipo_documento_id) VALUES (77, 'Michael Thomas', 'conleyadam@anderson.biz', '724-671-5797x42452', 'lector', 2);
INSERT INTO direcciones (id, usuario_id, calle, ciudad, pais) VALUES (77, 77, '23264 David Valleys Suite 923', 'Davischester', 'AR');
INSERT INTO usuarios (id, nombre, email, telefono, rol, tipo_documento_id) VALUES (78, 'Jeffrey Phelps', 'smithsarah@gmail.com', '+1-814-443-1695x28424', 'administrador', 3);
INSERT INTO direcciones (id, usuario_id, calle, ciudad, pais) VALUES (78, 78, '7864 Donald Groves Suite 774', 'Stevefort', 'AL');
INSERT INTO usuarios (id, nombre, email, telefono, rol, tipo_documento_id) VALUES (79, 'Kayla Jones', 'ichambers@hotmail.com', '288-461-3070x0182', 'lector', 2);
INSERT INTO direcciones (id, usuario_id, calle, ciudad, pais) VALUES (79, 79, '10560 Avery Mall', 'East Adamtown', 'VC');
INSERT INTO usuarios (id, nombre, email, telefono, rol, tipo_documento_id) VALUES (80, 'Shannon Mcmillan', 'lmoss@yahoo.com', '+1-282-387-1579x9740', 'lector', 1);
INSERT INTO direcciones (id, usuario_id, calle, ciudad, pais) VALUES (80, 80, '72612 Dunlap Trail', 'Lake Susan', 'PG');
INSERT INTO usuarios (id, nombre, email, telefono, rol, tipo_documento_id) VALUES (81, 'Justin Brown', 'youngjacob@gmail.com', '271-228-2575x857', 'administrador', 1);
INSERT INTO direcciones (id, usuario_id, calle, ciudad, pais) VALUES (81, 81, '07573 Caldwell Overpass', 'Fordchester', 'TT');
INSERT INTO usuarios (id, nombre, email, telefono, rol, tipo_documento_id) VALUES (82, 'Collin Ortiz', 'margaretlewis@powell.com', '362-851-9120x10904', 'invitado', 3);
INSERT INTO direcciones (id, usuario_id, calle, ciudad, pais) VALUES (82, 82, '33206 Williams Rue', 'North Ronnieville', 'WS');
INSERT INTO usuarios (id, nombre, email, telefono, rol, tipo_documento_id) VALUES (83, 'Deanna Marsh', 'robertparker@yahoo.com', '001-641-394-6475', 'administrador', 2);
INSERT INTO direcciones (id, usuario_id, calle, ciudad, pais) VALUES (83, 83, '4149 John Villages Apt. 700', 'Susanburgh', 'SR');
INSERT INTO usuarios (id, nombre, email, telefono, rol, tipo_documento_id) VALUES (84, 'Angela Thomas', 'schmittbarbara@gmail.com', '(140)842-4851x05910', 'lector', 2);
INSERT INTO direcciones (id, usuario_id, calle, ciudad, pais) VALUES (84, 84, '039 Tyler Stravenue', 'Mccallfort', 'RW');
INSERT INTO usuarios (id, nombre, email, telefono, rol, tipo_documento_id) VALUES (85, 'Jill Ponce', 'brandon48@lewis-gilmore.net', '+1-526-112-1913x98223', 'lector', 1);
INSERT INTO direcciones (id, usuario_id, calle, ciudad, pais) VALUES (85, 85, '28701 Williams Road', 'North Amanda', 'CG');
INSERT INTO usuarios (id, nombre, email, telefono, rol, tipo_documento_id) VALUES (86, 'Melanie Smith', 'mhughes@hotmail.com', '7929241598', 'lector', 1);
INSERT INTO direcciones (id, usuario_id, calle, ciudad, pais) VALUES (86, 86, '58538 Taylor Rue Apt. 211', 'Lake Paulberg', 'MD');
INSERT INTO usuarios (id, nombre, email, telefono, rol, tipo_documento_id) VALUES (87, 'Tracey Nichols', 'taylormartinez@johnson.com', '+1-923-335-1044', 'invitado', 2);
INSERT INTO direcciones (id, usuario_id, calle, ciudad, pais) VALUES (87, 87, '255 Harris Way', 'West Noah', 'PY');
INSERT INTO usuarios (id, nombre, email, telefono, rol, tipo_documento_id) VALUES (88, 'Steven Lowe', 'danalee@yahoo.com', '919-641-6092', 'lector', 3);
INSERT INTO direcciones (id, usuario_id, calle, ciudad, pais) VALUES (88, 88, '08928 Susan Skyway', 'West Derek', 'NR');
INSERT INTO usuarios (id, nombre, email, telefono, rol, tipo_documento_id) VALUES (89, 'Jeffrey Collins', 'anthony23@hotmail.com', '(151)975-6758x27196', 'lector', 1);
INSERT INTO direcciones (id, usuario_id, calle, ciudad, pais) VALUES (89, 89, '617 Carpenter Causeway', 'Spencerburgh', 'NE');
INSERT INTO usuarios (id, nombre, email, telefono, rol, tipo_documento_id) VALUES (90, 'Christian Taylor', 'garciaheidi@reilly-roy.com', '1088996427', 'invitado', 1);
INSERT INTO direcciones (id, usuario_id, calle, ciudad, pais) VALUES (90, 90, '01530 Hill Harbors', 'Port Bobbyfort', 'MT');
INSERT INTO usuarios (id, nombre, email, telefono, rol, tipo_documento_id) VALUES (91, 'Bobby Shields', 'ibates@jordan.net', '089-812-2972x2171', 'lector', 2);
INSERT INTO direcciones (id, usuario_id, calle, ciudad, pais) VALUES (91, 91, '05142 Love Isle', 'Lake Gary', 'TL');
INSERT INTO usuarios (id, nombre, email, telefono, rol, tipo_documento_id) VALUES (92, 'Russell Allen', 'qhayes@yahoo.com', '+1-073-916-8330x2140', 'invitado', 1);
INSERT INTO direcciones (id, usuario_id, calle, ciudad, pais) VALUES (92, 92, '4925 Fuentes Curve', 'South Elizabeth', 'SY');
INSERT INTO usuarios (id, nombre, email, telefono, rol, tipo_documento_id) VALUES (93, 'Suzanne Stone', 'miranda44@gmail.com', '+1-087-996-9664', 'administrador', 1);
INSERT INTO direcciones (id, usuario_id, calle, ciudad, pais) VALUES (93, 93, '43308 Denise Forks', 'Michellefort', 'NI');
INSERT INTO usuarios (id, nombre, email, telefono, rol, tipo_documento_id) VALUES (94, 'Theodore Saunders', 'mark04@yahoo.com', '468-156-8994x27829', 'administrador', 3);
INSERT INTO direcciones (id, usuario_id, calle, ciudad, pais) VALUES (94, 94, '235 Massey Orchard Apt. 637', 'Port Ann', 'KW');
INSERT INTO usuarios (id, nombre, email, telefono, rol, tipo_documento_id) VALUES (95, 'Bradley Moore', 'kirkmadison@gmail.com', '662.703.3489', 'administrador', 3);
INSERT INTO direcciones (id, usuario_id, calle, ciudad, pais) VALUES (95, 95, '043 William Heights Apt. 544', 'West Russelltown', 'EC');
INSERT INTO usuarios (id, nombre, email, telefono, rol, tipo_documento_id) VALUES (96, 'Vanessa Blake', 'ublevins@butler.com', '941-683-4486x202', 'administrador', 3);
INSERT INTO direcciones (id, usuario_id, calle, ciudad, pais) VALUES (96, 96, '263 Jessica Circles', 'Josephmouth', 'LU');
INSERT INTO usuarios (id, nombre, email, telefono, rol, tipo_documento_id) VALUES (97, 'Lauren Ayala', 'charlesleblanc@palmer.com', '750.332.4869x490', 'invitado', 3);
INSERT INTO direcciones (id, usuario_id, calle, ciudad, pais) VALUES (97, 97, '3059 Rhonda Corner', 'North Tasha', 'CL');
INSERT INTO usuarios (id, nombre, email, telefono, rol, tipo_documento_id) VALUES (98, 'James Clements', 'strongshawn@mcfarland.com', '315-138-9129', 'lector', 1);
INSERT INTO direcciones (id, usuario_id, calle, ciudad, pais) VALUES (98, 98, '21218 Julie Vista', 'South Rebecca', 'NI');
INSERT INTO usuarios (id, nombre, email, telefono, rol, tipo_documento_id) VALUES (99, 'Anthony Moore', 'kathrynwebb@glass.biz', '+1-296-856-1389x8732', 'administrador', 2);
INSERT INTO direcciones (id, usuario_id, calle, ciudad, pais) VALUES (99, 99, '6754 Frey Ford', 'New Robert', 'MM');
INSERT INTO usuarios (id, nombre, email, telefono, rol, tipo_documento_id) VALUES (100, 'Austin Roth', 'xtorres@rodriguez.com', '777-948-5437', 'invitado', 3);
INSERT INTO direcciones (id, usuario_id, calle, ciudad, pais) VALUES (100, 100, '02737 Shields Forks Suite 478', 'Port Mariah', 'CA');

-- Libros
INSERT INTO libros (id, titulo, isbn, anio_publicacion, estado, editorial_id) VALUES (1, 'Size wrong.', '978-1-157-12237-1', 2002, 'perdido', 7);
INSERT INTO libro_autor (libro_id, autor_id) VALUES (1, 11);
INSERT INTO libro_autor (libro_id, autor_id) VALUES (1, 20);
INSERT INTO libro_categoria (libro_id, categoria_id) VALUES (1, 7);
INSERT INTO libro_categoria (libro_id, categoria_id) VALUES (1, 5);
INSERT INTO libros (id, titulo, isbn, anio_publicacion, estado, editorial_id) VALUES (2, 'Approach professional assume.', '978-1-02-853312-1', 2006, 'danado', 7);
INSERT INTO libro_autor (libro_id, autor_id) VALUES (2, 7);
INSERT INTO libro_autor (libro_id, autor_id) VALUES (2, 4);
INSERT INTO libro_categoria (libro_id, categoria_id) VALUES (2, 4);
INSERT INTO libros (id, titulo, isbn, anio_publicacion, estado, editorial_id) VALUES (3, 'Mr usually meeting.', '978-1-373-77887-1', 2002, 'activo', 4);
INSERT INTO libro_autor (libro_id, autor_id) VALUES (3, 3);
INSERT INTO libro_autor (libro_id, autor_id) VALUES (3, 15);
INSERT INTO libro_categoria (libro_id, categoria_id) VALUES (3, 2);
INSERT INTO libros (id, titulo, isbn, anio_publicacion, estado, editorial_id) VALUES (4, 'Senior present not.', '978-0-02-987058-7', 1990, 'perdido', 8);
INSERT INTO libro_autor (libro_id, autor_id) VALUES (4, 18);
INSERT INTO libro_categoria (libro_id, categoria_id) VALUES (4, 8);
INSERT INTO libros (id, titulo, isbn, anio_publicacion, estado, editorial_id) VALUES (5, 'At work race.', '978-1-86485-002-4', 2013, 'danado', 8);
INSERT INTO libro_autor (libro_id, autor_id) VALUES (5, 7);
INSERT INTO libro_autor (libro_id, autor_id) VALUES (5, 15);
INSERT INTO libro_autor (libro_id, autor_id) VALUES (5, 16);
INSERT INTO libro_categoria (libro_id, categoria_id) VALUES (5, 7);
INSERT INTO libro_categoria (libro_id, categoria_id) VALUES (5, 5);
INSERT INTO libros (id, titulo, isbn, anio_publicacion, estado, editorial_id) VALUES (6, 'Federal agent stuff.', '978-1-286-08501-1', 2001, 'danado', 5);
INSERT INTO libro_autor (libro_id, autor_id) VALUES (6, 3);
INSERT INTO libro_autor (libro_id, autor_id) VALUES (6, 8);
INSERT INTO libro_autor (libro_id, autor_id) VALUES (6, 5);
INSERT INTO libro_categoria (libro_id, categoria_id) VALUES (6, 6);
INSERT INTO libros (id, titulo, isbn, anio_publicacion, estado, editorial_id) VALUES (7, 'Different away.', '978-0-355-53248-7', 2004, 'danado', 2);
INSERT INTO libro_autor (libro_id, autor_id) VALUES (7, 16);
INSERT INTO libro_categoria (libro_id, categoria_id) VALUES (7, 8);
INSERT INTO libro_categoria (libro_id, categoria_id) VALUES (7, 4);
INSERT INTO libros (id, titulo, isbn, anio_publicacion, estado, editorial_id) VALUES (8, 'Then see bank.', '978-1-76247-890-0', 2007, 'perdido', 3);
INSERT INTO libro_autor (libro_id, autor_id) VALUES (8, 17);
INSERT INTO libro_autor (libro_id, autor_id) VALUES (8, 9);
INSERT INTO libro_categoria (libro_id, categoria_id) VALUES (8, 9);
INSERT INTO libros (id, titulo, isbn, anio_publicacion, estado, editorial_id) VALUES (9, 'Movie south time security.', '978-0-7999-9051-5', 1990, 'activo', 10);
INSERT INTO libro_autor (libro_id, autor_id) VALUES (9, 19);
INSERT INTO libro_autor (libro_id, autor_id) VALUES (9, 17);
INSERT INTO libro_autor (libro_id, autor_id) VALUES (9, 9);
INSERT INTO libro_categoria (libro_id, categoria_id) VALUES (9, 8);
INSERT INTO libro_categoria (libro_id, categoria_id) VALUES (9, 4);
INSERT INTO libros (id, titulo, isbn, anio_publicacion, estado, editorial_id) VALUES (10, 'Present these.', '978-1-85481-837-9', 2008, 'activo', 8);
INSERT INTO libro_autor (libro_id, autor_id) VALUES (10, 14);
INSERT INTO libro_autor (libro_id, autor_id) VALUES (10, 1);
INSERT INTO libro_categoria (libro_id, categoria_id) VALUES (10, 4);
INSERT INTO libros (id, titulo, isbn, anio_publicacion, estado, editorial_id) VALUES (11, 'Me experience least.', '978-1-74075-229-9', 2000, 'danado', 8);
INSERT INTO libro_autor (libro_id, autor_id) VALUES (11, 5);
INSERT INTO libro_autor (libro_id, autor_id) VALUES (11, 14);
INSERT INTO libro_autor (libro_id, autor_id) VALUES (11, 19);
INSERT INTO libro_categoria (libro_id, categoria_id) VALUES (11, 6);
INSERT INTO libros (id, titulo, isbn, anio_publicacion, estado, editorial_id) VALUES (12, 'Agency data fund.', '978-1-944257-31-6', 2005, 'perdido', 7);
INSERT INTO libro_autor (libro_id, autor_id) VALUES (12, 4);
INSERT INTO libro_autor (libro_id, autor_id) VALUES (12, 6);
INSERT INTO libro_autor (libro_id, autor_id) VALUES (12, 13);
INSERT INTO libro_categoria (libro_id, categoria_id) VALUES (12, 5);
INSERT INTO libros (id, titulo, isbn, anio_publicacion, estado, editorial_id) VALUES (13, 'Clear magazine.', '978-1-4419-7498-3', 2023, 'activo', 5);
INSERT INTO libro_autor (libro_id, autor_id) VALUES (13, 8);
INSERT INTO libro_autor (libro_id, autor_id) VALUES (13, 5);
INSERT INTO libro_autor (libro_id, autor_id) VALUES (13, 9);
INSERT INTO libro_categoria (libro_id, categoria_id) VALUES (13, 5);
INSERT INTO libro_categoria (libro_id, categoria_id) VALUES (13, 6);
INSERT INTO libros (id, titulo, isbn, anio_publicacion, estado, editorial_id) VALUES (14, 'Month pressure guess.', '978-1-9852-0115-6', 2004, 'perdido', 7);
INSERT INTO libro_autor (libro_id, autor_id) VALUES (14, 4);
INSERT INTO libro_autor (libro_id, autor_id) VALUES (14, 14);
INSERT INTO libro_categoria (libro_id, categoria_id) VALUES (14, 8);
INSERT INTO libro_categoria (libro_id, categoria_id) VALUES (14, 5);
INSERT INTO libros (id, titulo, isbn, anio_publicacion, estado, editorial_id) VALUES (15, 'Kid around.', '978-0-05-638150-6', 1994, 'activo', 10);
INSERT INTO libro_autor (libro_id, autor_id) VALUES (15, 8);
INSERT INTO libro_categoria (libro_id, categoria_id) VALUES (15, 3);
INSERT INTO libro_categoria (libro_id, categoria_id) VALUES (15, 9);
INSERT INTO libros (id, titulo, isbn, anio_publicacion, estado, editorial_id) VALUES (16, 'Successful assume.', '978-1-959980-71-1', 2006, 'activo', 3);
INSERT INTO libro_autor (libro_id, autor_id) VALUES (16, 9);
INSERT INTO libro_autor (libro_id, autor_id) VALUES (16, 10);
INSERT INTO libro_autor (libro_id, autor_id) VALUES (16, 18);
INSERT INTO libro_categoria (libro_id, categoria_id) VALUES (16, 4);
INSERT INTO libros (id, titulo, isbn, anio_publicacion, estado, editorial_id) VALUES (17, 'Business race expert.', '978-0-327-29734-5', 2000, 'perdido', 10);
INSERT INTO libro_autor (libro_id, autor_id) VALUES (17, 15);
INSERT INTO libro_autor (libro_id, autor_id) VALUES (17, 8);
INSERT INTO libro_categoria (libro_id, categoria_id) VALUES (17, 10);
INSERT INTO libro_categoria (libro_id, categoria_id) VALUES (17, 6);
INSERT INTO libros (id, titulo, isbn, anio_publicacion, estado, editorial_id) VALUES (18, 'Way stop type cut.', '978-0-7998-9328-1', 2009, 'activo', 9);
INSERT INTO libro_autor (libro_id, autor_id) VALUES (18, 7);
INSERT INTO libro_autor (libro_id, autor_id) VALUES (18, 15);
INSERT INTO libro_autor (libro_id, autor_id) VALUES (18, 10);
INSERT INTO libro_categoria (libro_id, categoria_id) VALUES (18, 7);
INSERT INTO libro_categoria (libro_id, categoria_id) VALUES (18, 8);
INSERT INTO libros (id, titulo, isbn, anio_publicacion, estado, editorial_id) VALUES (19, 'Room car pay.', '978-0-00-153207-6', 1997, 'danado', 4);
INSERT INTO libro_autor (libro_id, autor_id) VALUES (19, 14);
INSERT INTO libro_autor (libro_id, autor_id) VALUES (19, 8);
INSERT INTO libro_autor (libro_id, autor_id) VALUES (19, 11);
INSERT INTO libro_categoria (libro_id, categoria_id) VALUES (19, 5);
INSERT INTO libros (id, titulo, isbn, anio_publicacion, estado, editorial_id) VALUES (20, 'Industry argue people perform.', '978-1-4383-6832-0', 2021, 'activo', 7);
INSERT INTO libro_autor (libro_id, autor_id) VALUES (20, 15);
INSERT INTO libro_autor (libro_id, autor_id) VALUES (20, 10);
INSERT INTO libro_autor (libro_id, autor_id) VALUES (20, 9);
INSERT INTO libro_categoria (libro_id, categoria_id) VALUES (20, 8);
INSERT INTO libro_categoria (libro_id, categoria_id) VALUES (20, 5);
INSERT INTO libros (id, titulo, isbn, anio_publicacion, estado, editorial_id) VALUES (21, 'Away late.', '978-0-616-99552-5', 1993, 'danado', 9);
INSERT INTO libro_autor (libro_id, autor_id) VALUES (21, 5);
INSERT INTO libro_autor (libro_id, autor_id) VALUES (21, 11);
INSERT INTO libro_autor (libro_id, autor_id) VALUES (21, 20);
INSERT INTO libro_categoria (libro_id, categoria_id) VALUES (21, 4);
INSERT INTO libro_categoria (libro_id, categoria_id) VALUES (21, 7);
INSERT INTO libros (id, titulo, isbn, anio_publicacion, estado, editorial_id) VALUES (22, 'Customer.', '978-0-429-35757-2', 2001, 'perdido', 5);
INSERT INTO libro_autor (libro_id, autor_id) VALUES (22, 4);
INSERT INTO libro_autor (libro_id, autor_id) VALUES (22, 17);
INSERT INTO libro_autor (libro_id, autor_id) VALUES (22, 6);
INSERT INTO libro_categoria (libro_id, categoria_id) VALUES (22, 5);
INSERT INTO libros (id, titulo, isbn, anio_publicacion, estado, editorial_id) VALUES (23, 'Itself choose.', '978-1-78917-447-2', 2006, 'perdido', 2);
INSERT INTO libro_autor (libro_id, autor_id) VALUES (23, 2);
INSERT INTO libro_categoria (libro_id, categoria_id) VALUES (23, 6);
INSERT INTO libro_categoria (libro_id, categoria_id) VALUES (23, 4);
INSERT INTO libros (id, titulo, isbn, anio_publicacion, estado, editorial_id) VALUES (24, 'Finally see.', '978-1-147-13957-0', 1992, 'activo', 5);
INSERT INTO libro_autor (libro_id, autor_id) VALUES (24, 20);
INSERT INTO libro_categoria (libro_id, categoria_id) VALUES (24, 1);
INSERT INTO libros (id, titulo, isbn, anio_publicacion, estado, editorial_id) VALUES (25, 'Thus.', '978-0-683-18288-0', 2007, 'activo', 2);
INSERT INTO libro_autor (libro_id, autor_id) VALUES (25, 10);
INSERT INTO libro_categoria (libro_id, categoria_id) VALUES (25, 3);
INSERT INTO libros (id, titulo, isbn, anio_publicacion, estado, editorial_id) VALUES (26, 'Describe support watch.', '978-0-02-040663-1', 2017, 'activo', 6);
INSERT INTO libro_autor (libro_id, autor_id) VALUES (26, 19);
INSERT INTO libro_autor (libro_id, autor_id) VALUES (26, 7);
INSERT INTO libro_categoria (libro_id, categoria_id) VALUES (26, 10);
INSERT INTO libro_categoria (libro_id, categoria_id) VALUES (26, 2);
INSERT INTO libros (id, titulo, isbn, anio_publicacion, estado, editorial_id) VALUES (27, 'Reduce law.', '978-0-6488275-1-1', 2001, 'danado', 10);
INSERT INTO libro_autor (libro_id, autor_id) VALUES (27, 18);
INSERT INTO libro_categoria (libro_id, categoria_id) VALUES (27, 10);
INSERT INTO libro_categoria (libro_id, categoria_id) VALUES (27, 8);
INSERT INTO libros (id, titulo, isbn, anio_publicacion, estado, editorial_id) VALUES (28, 'Determine international call.', '978-0-372-93007-5', 1992, 'activo', 9);
INSERT INTO libro_autor (libro_id, autor_id) VALUES (28, 1);
INSERT INTO libro_autor (libro_id, autor_id) VALUES (28, 20);
INSERT INTO libro_categoria (libro_id, categoria_id) VALUES (28, 3);
INSERT INTO libro_categoria (libro_id, categoria_id) VALUES (28, 4);
INSERT INTO libros (id, titulo, isbn, anio_publicacion, estado, editorial_id) VALUES (29, 'Idea write.', '978-1-217-78527-0', 1993, 'danado', 8);
INSERT INTO libro_autor (libro_id, autor_id) VALUES (29, 8);
INSERT INTO libro_categoria (libro_id, categoria_id) VALUES (29, 4);
INSERT INTO libro_categoria (libro_id, categoria_id) VALUES (29, 9);
INSERT INTO libros (id, titulo, isbn, anio_publicacion, estado, editorial_id) VALUES (30, 'Series instead total.', '978-1-74989-688-8', 2010, 'perdido', 8);
INSERT INTO libro_autor (libro_id, autor_id) VALUES (30, 20);
INSERT INTO libro_autor (libro_id, autor_id) VALUES (30, 16);
INSERT INTO libro_autor (libro_id, autor_id) VALUES (30, 8);
INSERT INTO libro_categoria (libro_id, categoria_id) VALUES (30, 8);
INSERT INTO libros (id, titulo, isbn, anio_publicacion, estado, editorial_id) VALUES (31, 'History senior.', '978-1-06-479397-8', 1991, 'perdido', 1);
INSERT INTO libro_autor (libro_id, autor_id) VALUES (31, 11);
INSERT INTO libro_autor (libro_id, autor_id) VALUES (31, 20);
INSERT INTO libro_autor (libro_id, autor_id) VALUES (31, 18);
INSERT INTO libro_categoria (libro_id, categoria_id) VALUES (31, 10);
INSERT INTO libros (id, titulo, isbn, anio_publicacion, estado, editorial_id) VALUES (32, 'Smile assume before.', '978-0-85653-344-0', 2016, 'perdido', 3);
INSERT INTO libro_autor (libro_id, autor_id) VALUES (32, 9);
INSERT INTO libro_categoria (libro_id, categoria_id) VALUES (32, 2);
INSERT INTO libro_categoria (libro_id, categoria_id) VALUES (32, 8);
INSERT INTO libros (id, titulo, isbn, anio_publicacion, estado, editorial_id) VALUES (33, 'Actually opportunity picture.', '978-0-550-87793-2', 2020, 'perdido', 5);
INSERT INTO libro_autor (libro_id, autor_id) VALUES (33, 3);
INSERT INTO libro_categoria (libro_id, categoria_id) VALUES (33, 3);
INSERT INTO libros (id, titulo, isbn, anio_publicacion, estado, editorial_id) VALUES (34, 'Free any television discover.', '978-0-356-97923-6', 2016, 'danado', 3);
INSERT INTO libro_autor (libro_id, autor_id) VALUES (34, 7);
INSERT INTO libro_autor (libro_id, autor_id) VALUES (34, 19);
INSERT INTO libro_autor (libro_id, autor_id) VALUES (34, 18);
INSERT INTO libro_categoria (libro_id, categoria_id) VALUES (34, 8);
INSERT INTO libro_categoria (libro_id, categoria_id) VALUES (34, 5);
INSERT INTO libros (id, titulo, isbn, anio_publicacion, estado, editorial_id) VALUES (35, 'Once before.', '978-1-927682-88-3', 2002, 'perdido', 7);
INSERT INTO libro_autor (libro_id, autor_id) VALUES (35, 16);
INSERT INTO libro_autor (libro_id, autor_id) VALUES (35, 2);
INSERT INTO libro_categoria (libro_id, categoria_id) VALUES (35, 9);
INSERT INTO libros (id, titulo, isbn, anio_publicacion, estado, editorial_id) VALUES (36, 'Community deep sing.', '978-1-9749-2359-5', 2010, 'activo', 8);
INSERT INTO libro_autor (libro_id, autor_id) VALUES (36, 2);
INSERT INTO libro_categoria (libro_id, categoria_id) VALUES (36, 1);
INSERT INTO libro_categoria (libro_id, categoria_id) VALUES (36, 6);
INSERT INTO libros (id, titulo, isbn, anio_publicacion, estado, editorial_id) VALUES (37, 'Long place important.', '978-0-240-70252-0', 2019, 'perdido', 6);
INSERT INTO libro_autor (libro_id, autor_id) VALUES (37, 4);
INSERT INTO libro_autor (libro_id, autor_id) VALUES (37, 1);
INSERT INTO libro_categoria (libro_id, categoria_id) VALUES (37, 1);
INSERT INTO libro_categoria (libro_id, categoria_id) VALUES (37, 8);
INSERT INTO libros (id, titulo, isbn, anio_publicacion, estado, editorial_id) VALUES (38, 'Article million.', '978-1-4491-4775-4', 2014, 'activo', 1);
INSERT INTO libro_autor (libro_id, autor_id) VALUES (38, 3);
INSERT INTO libro_autor (libro_id, autor_id) VALUES (38, 17);
INSERT INTO libro_categoria (libro_id, categoria_id) VALUES (38, 9);
INSERT INTO libro_categoria (libro_id, categoria_id) VALUES (38, 10);
INSERT INTO libros (id, titulo, isbn, anio_publicacion, estado, editorial_id) VALUES (39, 'Station nice.', '978-0-636-92279-2', 2008, 'activo', 4);
INSERT INTO libro_autor (libro_id, autor_id) VALUES (39, 19);
INSERT INTO libro_autor (libro_id, autor_id) VALUES (39, 2);
INSERT INTO libro_autor (libro_id, autor_id) VALUES (39, 4);
INSERT INTO libro_categoria (libro_id, categoria_id) VALUES (39, 7);
INSERT INTO libro_categoria (libro_id, categoria_id) VALUES (39, 4);
INSERT INTO libros (id, titulo, isbn, anio_publicacion, estado, editorial_id) VALUES (40, 'Ten also tonight story.', '978-0-8259-6289-9', 2016, 'danado', 10);
INSERT INTO libro_autor (libro_id, autor_id) VALUES (40, 12);
INSERT INTO libro_autor (libro_id, autor_id) VALUES (40, 14);
INSERT INTO libro_autor (libro_id, autor_id) VALUES (40, 5);
INSERT INTO libro_categoria (libro_id, categoria_id) VALUES (40, 3);
INSERT INTO libro_categoria (libro_id, categoria_id) VALUES (40, 7);
INSERT INTO libros (id, titulo, isbn, anio_publicacion, estado, editorial_id) VALUES (41, 'Two newspaper.', '978-0-494-59246-5', 2021, 'activo', 10);
INSERT INTO libro_autor (libro_id, autor_id) VALUES (41, 3);
INSERT INTO libro_autor (libro_id, autor_id) VALUES (41, 20);
INSERT INTO libro_categoria (libro_id, categoria_id) VALUES (41, 10);
INSERT INTO libro_categoria (libro_id, categoria_id) VALUES (41, 4);
INSERT INTO libros (id, titulo, isbn, anio_publicacion, estado, editorial_id) VALUES (42, 'Only activity.', '978-1-9843-1874-9', 2001, 'perdido', 7);
INSERT INTO libro_autor (libro_id, autor_id) VALUES (42, 6);
INSERT INTO libro_categoria (libro_id, categoria_id) VALUES (42, 1);
INSERT INTO libros (id, titulo, isbn, anio_publicacion, estado, editorial_id) VALUES (43, 'Anyone amount.', '978-0-210-71910-7', 2024, 'activo', 2);
INSERT INTO libro_autor (libro_id, autor_id) VALUES (43, 5);
INSERT INTO libro_categoria (libro_id, categoria_id) VALUES (43, 1);
INSERT INTO libro_categoria (libro_id, categoria_id) VALUES (43, 9);
INSERT INTO libros (id, titulo, isbn, anio_publicacion, estado, editorial_id) VALUES (44, 'Individual trouble drug.', '978-0-356-80034-9', 2007, 'perdido', 3);
INSERT INTO libro_autor (libro_id, autor_id) VALUES (44, 3);
INSERT INTO libro_categoria (libro_id, categoria_id) VALUES (44, 7);
INSERT INTO libros (id, titulo, isbn, anio_publicacion, estado, editorial_id) VALUES (45, 'Debate night light.', '978-1-4184-0739-1', 1999, 'perdido', 5);
INSERT INTO libro_autor (libro_id, autor_id) VALUES (45, 16);
INSERT INTO libro_autor (libro_id, autor_id) VALUES (45, 12);
INSERT INTO libro_categoria (libro_id, categoria_id) VALUES (45, 5);
INSERT INTO libro_categoria (libro_id, categoria_id) VALUES (45, 4);
INSERT INTO libros (id, titulo, isbn, anio_publicacion, estado, editorial_id) VALUES (46, 'I choose.', '978-0-365-61177-6', 2015, 'danado', 8);
INSERT INTO libro_autor (libro_id, autor_id) VALUES (46, 4);
INSERT INTO libro_autor (libro_id, autor_id) VALUES (46, 16);
INSERT INTO libro_categoria (libro_id, categoria_id) VALUES (46, 1);
INSERT INTO libros (id, titulo, isbn, anio_publicacion, estado, editorial_id) VALUES (47, 'Manage laugh travel.', '978-1-134-39296-4', 2018, 'danado', 7);
INSERT INTO libro_autor (libro_id, autor_id) VALUES (47, 17);
INSERT INTO libro_autor (libro_id, autor_id) VALUES (47, 11);
INSERT INTO libro_autor (libro_id, autor_id) VALUES (47, 15);
INSERT INTO libro_categoria (libro_id, categoria_id) VALUES (47, 8);
INSERT INTO libro_categoria (libro_id, categoria_id) VALUES (47, 5);
INSERT INTO libros (id, titulo, isbn, anio_publicacion, estado, editorial_id) VALUES (48, 'Fund table.', '978-1-383-31896-8', 1997, 'danado', 5);
INSERT INTO libro_autor (libro_id, autor_id) VALUES (48, 6);
INSERT INTO libro_autor (libro_id, autor_id) VALUES (48, 3);
INSERT INTO libro_categoria (libro_id, categoria_id) VALUES (48, 3);
INSERT INTO libros (id, titulo, isbn, anio_publicacion, estado, editorial_id) VALUES (49, 'Several upon figure.', '978-0-636-14770-6', 1996, 'danado', 5);
INSERT INTO libro_autor (libro_id, autor_id) VALUES (49, 17);
INSERT INTO libro_autor (libro_id, autor_id) VALUES (49, 6);
INSERT INTO libro_categoria (libro_id, categoria_id) VALUES (49, 2);
INSERT INTO libro_categoria (libro_id, categoria_id) VALUES (49, 3);
INSERT INTO libros (id, titulo, isbn, anio_publicacion, estado, editorial_id) VALUES (50, 'Health successful.', '978-1-921948-33-6', 1999, 'perdido', 2);
INSERT INTO libro_autor (libro_id, autor_id) VALUES (50, 15);
INSERT INTO libro_categoria (libro_id, categoria_id) VALUES (50, 6);
INSERT INTO libro_categoria (libro_id, categoria_id) VALUES (50, 5);
INSERT INTO libros (id, titulo, isbn, anio_publicacion, estado, editorial_id) VALUES (51, 'Camera type.', '978-0-08-351890-6', 2001, 'perdido', 9);
INSERT INTO libro_autor (libro_id, autor_id) VALUES (51, 18);
INSERT INTO libro_categoria (libro_id, categoria_id) VALUES (51, 1);
INSERT INTO libros (id, titulo, isbn, anio_publicacion, estado, editorial_id) VALUES (52, 'Story.', '978-0-411-71325-6', 2004, 'perdido', 4);
INSERT INTO libro_autor (libro_id, autor_id) VALUES (52, 9);
INSERT INTO libro_autor (libro_id, autor_id) VALUES (52, 13);
INSERT INTO libro_categoria (libro_id, categoria_id) VALUES (52, 7);
INSERT INTO libro_categoria (libro_id, categoria_id) VALUES (52, 10);
INSERT INTO libros (id, titulo, isbn, anio_publicacion, estado, editorial_id) VALUES (53, 'Power hope foot.', '978-1-227-21451-7', 1994, 'perdido', 8);
INSERT INTO libro_autor (libro_id, autor_id) VALUES (53, 11);
INSERT INTO libro_autor (libro_id, autor_id) VALUES (53, 7);
INSERT INTO libro_categoria (libro_id, categoria_id) VALUES (53, 4);
INSERT INTO libro_categoria (libro_id, categoria_id) VALUES (53, 9);
INSERT INTO libros (id, titulo, isbn, anio_publicacion, estado, editorial_id) VALUES (54, 'According.', '978-0-230-01081-9', 1993, 'activo', 5);
INSERT INTO libro_autor (libro_id, autor_id) VALUES (54, 16);
INSERT INTO libro_autor (libro_id, autor_id) VALUES (54, 4);
INSERT INTO libro_categoria (libro_id, categoria_id) VALUES (54, 2);
INSERT INTO libro_categoria (libro_id, categoria_id) VALUES (54, 9);
INSERT INTO libros (id, titulo, isbn, anio_publicacion, estado, editorial_id) VALUES (55, 'Decide when.', '978-1-65939-338-5', 2010, 'danado', 8);
INSERT INTO libro_autor (libro_id, autor_id) VALUES (55, 9);
INSERT INTO libro_autor (libro_id, autor_id) VALUES (55, 5);
INSERT INTO libro_autor (libro_id, autor_id) VALUES (55, 16);
INSERT INTO libro_categoria (libro_id, categoria_id) VALUES (55, 2);
INSERT INTO libro_categoria (libro_id, categoria_id) VALUES (55, 3);
INSERT INTO libros (id, titulo, isbn, anio_publicacion, estado, editorial_id) VALUES (56, 'Realize never.', '978-1-385-22557-8', 1996, 'activo', 10);
INSERT INTO libro_autor (libro_id, autor_id) VALUES (56, 13);
INSERT INTO libro_categoria (libro_id, categoria_id) VALUES (56, 8);
INSERT INTO libros (id, titulo, isbn, anio_publicacion, estado, editorial_id) VALUES (57, 'Natural mention.', '978-0-10-634116-0', 2005, 'perdido', 8);
INSERT INTO libro_autor (libro_id, autor_id) VALUES (57, 4);
INSERT INTO libro_autor (libro_id, autor_id) VALUES (57, 6);
INSERT INTO libro_autor (libro_id, autor_id) VALUES (57, 15);
INSERT INTO libro_categoria (libro_id, categoria_id) VALUES (57, 5);
INSERT INTO libros (id, titulo, isbn, anio_publicacion, estado, editorial_id) VALUES (58, 'Early consider.', '978-0-544-18969-0', 2015, 'activo', 8);
INSERT INTO libro_autor (libro_id, autor_id) VALUES (58, 15);
INSERT INTO libro_autor (libro_id, autor_id) VALUES (58, 2);
INSERT INTO libro_autor (libro_id, autor_id) VALUES (58, 7);
INSERT INTO libro_categoria (libro_id, categoria_id) VALUES (58, 8);
INSERT INTO libro_categoria (libro_id, categoria_id) VALUES (58, 3);
INSERT INTO libros (id, titulo, isbn, anio_publicacion, estado, editorial_id) VALUES (59, 'Try real couple.', '978-0-13-297731-9', 2018, 'activo', 8);
INSERT INTO libro_autor (libro_id, autor_id) VALUES (59, 2);
INSERT INTO libro_autor (libro_id, autor_id) VALUES (59, 1);
INSERT INTO libro_autor (libro_id, autor_id) VALUES (59, 10);
INSERT INTO libro_categoria (libro_id, categoria_id) VALUES (59, 2);
INSERT INTO libros (id, titulo, isbn, anio_publicacion, estado, editorial_id) VALUES (60, 'Experience citizen.', '978-1-113-45218-4', 2013, 'activo', 3);
INSERT INTO libro_autor (libro_id, autor_id) VALUES (60, 17);
INSERT INTO libro_autor (libro_id, autor_id) VALUES (60, 9);
INSERT INTO libro_autor (libro_id, autor_id) VALUES (60, 15);
INSERT INTO libro_categoria (libro_id, categoria_id) VALUES (60, 3);
INSERT INTO libros (id, titulo, isbn, anio_publicacion, estado, editorial_id) VALUES (61, 'Door law society.', '978-1-972650-32-5', 2018, 'danado', 7);
INSERT INTO libro_autor (libro_id, autor_id) VALUES (61, 20);
INSERT INTO libro_autor (libro_id, autor_id) VALUES (61, 7);
INSERT INTO libro_autor (libro_id, autor_id) VALUES (61, 17);
INSERT INTO libro_categoria (libro_id, categoria_id) VALUES (61, 5);
INSERT INTO libro_categoria (libro_id, categoria_id) VALUES (61, 8);
INSERT INTO libros (id, titulo, isbn, anio_publicacion, estado, editorial_id) VALUES (62, 'Federal impact to.', '978-0-05-356630-2', 2000, 'danado', 3);
INSERT INTO libro_autor (libro_id, autor_id) VALUES (62, 17);
INSERT INTO libro_categoria (libro_id, categoria_id) VALUES (62, 4);
INSERT INTO libros (id, titulo, isbn, anio_publicacion, estado, editorial_id) VALUES (63, 'Future.', '978-0-15-720791-0', 2001, 'perdido', 4);
INSERT INTO libro_autor (libro_id, autor_id) VALUES (63, 4);
INSERT INTO libro_autor (libro_id, autor_id) VALUES (63, 13);
INSERT INTO libro_categoria (libro_id, categoria_id) VALUES (63, 6);
INSERT INTO libro_categoria (libro_id, categoria_id) VALUES (63, 4);
INSERT INTO libros (id, titulo, isbn, anio_publicacion, estado, editorial_id) VALUES (64, 'Capital identify product.', '978-1-306-72991-8', 2015, 'perdido', 1);
INSERT INTO libro_autor (libro_id, autor_id) VALUES (64, 14);
INSERT INTO libro_categoria (libro_id, categoria_id) VALUES (64, 8);
INSERT INTO libros (id, titulo, isbn, anio_publicacion, estado, editorial_id) VALUES (65, 'Throw fact.', '978-1-4284-0007-8', 2002, 'danado', 9);
INSERT INTO libro_autor (libro_id, autor_id) VALUES (65, 8);
INSERT INTO libro_autor (libro_id, autor_id) VALUES (65, 19);
INSERT INTO libro_categoria (libro_id, categoria_id) VALUES (65, 2);
INSERT INTO libro_categoria (libro_id, categoria_id) VALUES (65, 7);
INSERT INTO libros (id, titulo, isbn, anio_publicacion, estado, editorial_id) VALUES (66, 'Wife.', '978-0-8375-0331-8', 2020, 'perdido', 5);
INSERT INTO libro_autor (libro_id, autor_id) VALUES (66, 15);
INSERT INTO libro_autor (libro_id, autor_id) VALUES (66, 11);
INSERT INTO libro_autor (libro_id, autor_id) VALUES (66, 14);
INSERT INTO libro_categoria (libro_id, categoria_id) VALUES (66, 8);
INSERT INTO libro_categoria (libro_id, categoria_id) VALUES (66, 2);
INSERT INTO libros (id, titulo, isbn, anio_publicacion, estado, editorial_id) VALUES (67, 'Chance produce marriage.', '978-0-7277-4885-0', 2012, 'activo', 5);
INSERT INTO libro_autor (libro_id, autor_id) VALUES (67, 6);
INSERT INTO libro_categoria (libro_id, categoria_id) VALUES (67, 3);
INSERT INTO libro_categoria (libro_id, categoria_id) VALUES (67, 9);
INSERT INTO libros (id, titulo, isbn, anio_publicacion, estado, editorial_id) VALUES (68, 'Good firm.', '978-0-87312-031-9', 1999, 'activo', 7);
INSERT INTO libro_autor (libro_id, autor_id) VALUES (68, 5);
INSERT INTO libro_categoria (libro_id, categoria_id) VALUES (68, 4);
INSERT INTO libros (id, titulo, isbn, anio_publicacion, estado, editorial_id) VALUES (69, 'Century week.', '978-1-124-52783-3', 2010, 'danado', 5);
INSERT INTO libro_autor (libro_id, autor_id) VALUES (69, 17);
INSERT INTO libro_autor (libro_id, autor_id) VALUES (69, 6);
INSERT INTO libro_autor (libro_id, autor_id) VALUES (69, 3);
INSERT INTO libro_categoria (libro_id, categoria_id) VALUES (69, 6);
INSERT INTO libro_categoria (libro_id, categoria_id) VALUES (69, 9);
INSERT INTO libros (id, titulo, isbn, anio_publicacion, estado, editorial_id) VALUES (70, 'Run memory air.', '978-0-926383-20-3', 1995, 'activo', 4);
INSERT INTO libro_autor (libro_id, autor_id) VALUES (70, 1);
INSERT INTO libro_autor (libro_id, autor_id) VALUES (70, 17);
INSERT INTO libro_categoria (libro_id, categoria_id) VALUES (70, 10);
INSERT INTO libros (id, titulo, isbn, anio_publicacion, estado, editorial_id) VALUES (71, 'Student American picture.', '978-0-02-570058-1', 1994, 'perdido', 3);
INSERT INTO libro_autor (libro_id, autor_id) VALUES (71, 8);
INSERT INTO libro_autor (libro_id, autor_id) VALUES (71, 2);
INSERT INTO libro_autor (libro_id, autor_id) VALUES (71, 14);
INSERT INTO libro_categoria (libro_id, categoria_id) VALUES (71, 3);
INSERT INTO libro_categoria (libro_id, categoria_id) VALUES (71, 10);
INSERT INTO libros (id, titulo, isbn, anio_publicacion, estado, editorial_id) VALUES (72, 'Just cup.', '978-1-320-59226-0', 1994, 'perdido', 10);
INSERT INTO libro_autor (libro_id, autor_id) VALUES (72, 4);
INSERT INTO libro_autor (libro_id, autor_id) VALUES (72, 5);
INSERT INTO libro_categoria (libro_id, categoria_id) VALUES (72, 4);
INSERT INTO libro_categoria (libro_id, categoria_id) VALUES (72, 7);
INSERT INTO libros (id, titulo, isbn, anio_publicacion, estado, editorial_id) VALUES (73, 'Significant pick.', '978-0-8195-2302-0', 2004, 'perdido', 8);
INSERT INTO libro_autor (libro_id, autor_id) VALUES (73, 4);
INSERT INTO libro_autor (libro_id, autor_id) VALUES (73, 6);
INSERT INTO libro_categoria (libro_id, categoria_id) VALUES (73, 2);
INSERT INTO libros (id, titulo, isbn, anio_publicacion, estado, editorial_id) VALUES (74, 'Effect provide.', '978-1-325-13242-3', 1994, 'activo', 9);
INSERT INTO libro_autor (libro_id, autor_id) VALUES (74, 10);
INSERT INTO libro_autor (libro_id, autor_id) VALUES (74, 3);
INSERT INTO libro_autor (libro_id, autor_id) VALUES (74, 14);
INSERT INTO libro_categoria (libro_id, categoria_id) VALUES (74, 8);
INSERT INTO libros (id, titulo, isbn, anio_publicacion, estado, editorial_id) VALUES (75, 'Form nearly according future.', '978-1-08-183973-4', 1997, 'activo', 8);
INSERT INTO libro_autor (libro_id, autor_id) VALUES (75, 8);
INSERT INTO libro_categoria (libro_id, categoria_id) VALUES (75, 10);
INSERT INTO libros (id, titulo, isbn, anio_publicacion, estado, editorial_id) VALUES (76, 'Life never discuss.', '978-1-83344-929-7', 2024, 'danado', 1);
INSERT INTO libro_autor (libro_id, autor_id) VALUES (76, 10);
INSERT INTO libro_categoria (libro_id, categoria_id) VALUES (76, 7);
INSERT INTO libros (id, titulo, isbn, anio_publicacion, estado, editorial_id) VALUES (77, 'Religious decide.', '978-1-69213-145-6', 1998, 'perdido', 5);
INSERT INTO libro_autor (libro_id, autor_id) VALUES (77, 20);
INSERT INTO libro_autor (libro_id, autor_id) VALUES (77, 4);
INSERT INTO libro_autor (libro_id, autor_id) VALUES (77, 8);
INSERT INTO libro_categoria (libro_id, categoria_id) VALUES (77, 10);
INSERT INTO libros (id, titulo, isbn, anio_publicacion, estado, editorial_id) VALUES (78, 'Keep television.', '978-1-962050-98-2', 2023, 'perdido', 6);
INSERT INTO libro_autor (libro_id, autor_id) VALUES (78, 7);
INSERT INTO libro_autor (libro_id, autor_id) VALUES (78, 15);
INSERT INTO libro_autor (libro_id, autor_id) VALUES (78, 11);
INSERT INTO libro_categoria (libro_id, categoria_id) VALUES (78, 9);
INSERT INTO libros (id, titulo, isbn, anio_publicacion, estado, editorial_id) VALUES (79, 'Prepare item.', '978-1-916364-03-5', 2021, 'danado', 8);
INSERT INTO libro_autor (libro_id, autor_id) VALUES (79, 10);
INSERT INTO libro_autor (libro_id, autor_id) VALUES (79, 6);
INSERT INTO libro_autor (libro_id, autor_id) VALUES (79, 14);
INSERT INTO libro_categoria (libro_id, categoria_id) VALUES (79, 2);
INSERT INTO libros (id, titulo, isbn, anio_publicacion, estado, editorial_id) VALUES (80, 'Inside just.', '978-0-239-75178-2', 2016, 'activo', 7);
INSERT INTO libro_autor (libro_id, autor_id) VALUES (80, 2);
INSERT INTO libro_autor (libro_id, autor_id) VALUES (80, 6);
INSERT INTO libro_autor (libro_id, autor_id) VALUES (80, 5);
INSERT INTO libro_categoria (libro_id, categoria_id) VALUES (80, 10);
INSERT INTO libro_categoria (libro_id, categoria_id) VALUES (80, 7);
INSERT INTO libros (id, titulo, isbn, anio_publicacion, estado, editorial_id) VALUES (81, 'Quite prove.', '978-0-421-57659-9', 2022, 'activo', 3);
INSERT INTO libro_autor (libro_id, autor_id) VALUES (81, 19);
INSERT INTO libro_autor (libro_id, autor_id) VALUES (81, 16);
INSERT INTO libro_categoria (libro_id, categoria_id) VALUES (81, 4);
INSERT INTO libro_categoria (libro_id, categoria_id) VALUES (81, 5);
INSERT INTO libros (id, titulo, isbn, anio_publicacion, estado, editorial_id) VALUES (82, 'Name yard.', '978-1-85607-973-0', 1994, 'activo', 4);
INSERT INTO libro_autor (libro_id, autor_id) VALUES (82, 15);
INSERT INTO libro_categoria (libro_id, categoria_id) VALUES (82, 10);
INSERT INTO libros (id, titulo, isbn, anio_publicacion, estado, editorial_id) VALUES (83, 'Social their.', '978-1-123-01934-6', 2003, 'danado', 9);
INSERT INTO libro_autor (libro_id, autor_id) VALUES (83, 4);
INSERT INTO libro_autor (libro_id, autor_id) VALUES (83, 3);
INSERT INTO libro_autor (libro_id, autor_id) VALUES (83, 20);
INSERT INTO libro_categoria (libro_id, categoria_id) VALUES (83, 6);
INSERT INTO libros (id, titulo, isbn, anio_publicacion, estado, editorial_id) VALUES (84, 'Focus edge as.', '978-0-12-601907-0', 2020, 'perdido', 6);
INSERT INTO libro_autor (libro_id, autor_id) VALUES (84, 7);
INSERT INTO libro_categoria (libro_id, categoria_id) VALUES (84, 7);
INSERT INTO libros (id, titulo, isbn, anio_publicacion, estado, editorial_id) VALUES (85, 'Arrive line.', '978-1-00-263071-6', 2003, 'perdido', 4);
INSERT INTO libro_autor (libro_id, autor_id) VALUES (85, 2);
INSERT INTO libro_autor (libro_id, autor_id) VALUES (85, 20);
INSERT INTO libro_categoria (libro_id, categoria_id) VALUES (85, 4);
INSERT INTO libro_categoria (libro_id, categoria_id) VALUES (85, 10);
INSERT INTO libros (id, titulo, isbn, anio_publicacion, estado, editorial_id) VALUES (86, 'Imagine boy.', '978-1-938225-84-0', 2016, 'activo', 8);
INSERT INTO libro_autor (libro_id, autor_id) VALUES (86, 1);
INSERT INTO libro_autor (libro_id, autor_id) VALUES (86, 7);
INSERT INTO libro_categoria (libro_id, categoria_id) VALUES (86, 9);
INSERT INTO libros (id, titulo, isbn, anio_publicacion, estado, editorial_id) VALUES (87, 'About necessary per.', '978-0-451-96766-4', 2016, 'danado', 6);
INSERT INTO libro_autor (libro_id, autor_id) VALUES (87, 9);
INSERT INTO libro_autor (libro_id, autor_id) VALUES (87, 3);
INSERT INTO libro_categoria (libro_id, categoria_id) VALUES (87, 7);
INSERT INTO libro_categoria (libro_id, categoria_id) VALUES (87, 8);
INSERT INTO libros (id, titulo, isbn, anio_publicacion, estado, editorial_id) VALUES (88, 'Condition program defense.', '978-1-4407-7945-9', 2010, 'activo', 9);
INSERT INTO libro_autor (libro_id, autor_id) VALUES (88, 14);
INSERT INTO libro_autor (libro_id, autor_id) VALUES (88, 7);
INSERT INTO libro_autor (libro_id, autor_id) VALUES (88, 17);
INSERT INTO libro_categoria (libro_id, categoria_id) VALUES (88, 1);
INSERT INTO libros (id, titulo, isbn, anio_publicacion, estado, editorial_id) VALUES (89, 'Cost authority.', '978-0-386-11982-4', 2015, 'activo', 2);
INSERT INTO libro_autor (libro_id, autor_id) VALUES (89, 7);
INSERT INTO libro_autor (libro_id, autor_id) VALUES (89, 18);
INSERT INTO libro_categoria (libro_id, categoria_id) VALUES (89, 3);
INSERT INTO libro_categoria (libro_id, categoria_id) VALUES (89, 10);
INSERT INTO libros (id, titulo, isbn, anio_publicacion, estado, editorial_id) VALUES (90, 'Story.', '978-0-9924285-8-7', 1996, 'perdido', 1);
INSERT INTO libro_autor (libro_id, autor_id) VALUES (90, 6);
INSERT INTO libro_categoria (libro_id, categoria_id) VALUES (90, 7);
INSERT INTO libros (id, titulo, isbn, anio_publicacion, estado, editorial_id) VALUES (91, 'Former beyond student.', '978-0-17-947726-1', 2020, 'danado', 7);
INSERT INTO libro_autor (libro_id, autor_id) VALUES (91, 12);
INSERT INTO libro_autor (libro_id, autor_id) VALUES (91, 6);
INSERT INTO libro_autor (libro_id, autor_id) VALUES (91, 9);
INSERT INTO libro_categoria (libro_id, categoria_id) VALUES (91, 7);
INSERT INTO libros (id, titulo, isbn, anio_publicacion, estado, editorial_id) VALUES (92, 'Test character.', '978-1-86685-417-4', 2014, 'perdido', 8);
INSERT INTO libro_autor (libro_id, autor_id) VALUES (92, 9);
INSERT INTO libro_autor (libro_id, autor_id) VALUES (92, 10);
INSERT INTO libro_autor (libro_id, autor_id) VALUES (92, 13);
INSERT INTO libro_categoria (libro_id, categoria_id) VALUES (92, 4);
INSERT INTO libros (id, titulo, isbn, anio_publicacion, estado, editorial_id) VALUES (93, 'Skill risk.', '978-1-61267-984-6', 2023, 'perdido', 6);
INSERT INTO libro_autor (libro_id, autor_id) VALUES (93, 5);
INSERT INTO libro_autor (libro_id, autor_id) VALUES (93, 4);
INSERT INTO libro_categoria (libro_id, categoria_id) VALUES (93, 7);
INSERT INTO libros (id, titulo, isbn, anio_publicacion, estado, editorial_id) VALUES (94, 'Design indicate.', '978-1-85000-685-5', 1994, 'activo', 9);
INSERT INTO libro_autor (libro_id, autor_id) VALUES (94, 7);
INSERT INTO libro_autor (libro_id, autor_id) VALUES (94, 5);
INSERT INTO libro_autor (libro_id, autor_id) VALUES (94, 6);
INSERT INTO libro_categoria (libro_id, categoria_id) VALUES (94, 9);
INSERT INTO libros (id, titulo, isbn, anio_publicacion, estado, editorial_id) VALUES (95, 'Should appear.', '978-1-314-34775-3', 2024, 'perdido', 6);
INSERT INTO libro_autor (libro_id, autor_id) VALUES (95, 7);
INSERT INTO libro_autor (libro_id, autor_id) VALUES (95, 10);
INSERT INTO libro_autor (libro_id, autor_id) VALUES (95, 17);
INSERT INTO libro_categoria (libro_id, categoria_id) VALUES (95, 8);
INSERT INTO libro_categoria (libro_id, categoria_id) VALUES (95, 1);
INSERT INTO libros (id, titulo, isbn, anio_publicacion, estado, editorial_id) VALUES (96, 'Wind.', '978-1-906598-38-9', 2005, 'danado', 10);
INSERT INTO libro_autor (libro_id, autor_id) VALUES (96, 8);
INSERT INTO libro_autor (libro_id, autor_id) VALUES (96, 12);
INSERT INTO libro_autor (libro_id, autor_id) VALUES (96, 1);
INSERT INTO libro_categoria (libro_id, categoria_id) VALUES (96, 6);
INSERT INTO libro_categoria (libro_id, categoria_id) VALUES (96, 3);
INSERT INTO libros (id, titulo, isbn, anio_publicacion, estado, editorial_id) VALUES (97, 'Firm beyond law.', '978-1-4625-0779-5', 2020, 'activo', 3);
INSERT INTO libro_autor (libro_id, autor_id) VALUES (97, 16);
INSERT INTO libro_autor (libro_id, autor_id) VALUES (97, 5);
INSERT INTO libro_autor (libro_id, autor_id) VALUES (97, 12);
INSERT INTO libro_categoria (libro_id, categoria_id) VALUES (97, 3);
INSERT INTO libro_categoria (libro_id, categoria_id) VALUES (97, 1);
INSERT INTO libros (id, titulo, isbn, anio_publicacion, estado, editorial_id) VALUES (98, 'Hair power create.', '978-1-398-93750-5', 2023, 'danado', 9);
INSERT INTO libro_autor (libro_id, autor_id) VALUES (98, 2);
INSERT INTO libro_categoria (libro_id, categoria_id) VALUES (98, 7);
INSERT INTO libros (id, titulo, isbn, anio_publicacion, estado, editorial_id) VALUES (99, 'Discuss some quality.', '978-1-76662-624-6', 1993, 'perdido', 5);
INSERT INTO libro_autor (libro_id, autor_id) VALUES (99, 19);
INSERT INTO libro_autor (libro_id, autor_id) VALUES (99, 1);
INSERT INTO libro_categoria (libro_id, categoria_id) VALUES (99, 3);
INSERT INTO libros (id, titulo, isbn, anio_publicacion, estado, editorial_id) VALUES (100, 'Candidate enter.', '978-1-941557-94-5', 1992, 'danado', 1);
INSERT INTO libro_autor (libro_id, autor_id) VALUES (100, 13);
INSERT INTO libro_categoria (libro_id, categoria_id) VALUES (100, 5);
INSERT INTO libros (id, titulo, isbn, anio_publicacion, estado, editorial_id) VALUES (101, 'Coach skin show physical.', '978-0-297-76946-0', 2018, 'perdido', 5);
INSERT INTO libro_autor (libro_id, autor_id) VALUES (101, 2);
INSERT INTO libro_categoria (libro_id, categoria_id) VALUES (101, 10);
INSERT INTO libro_categoria (libro_id, categoria_id) VALUES (101, 8);
INSERT INTO libros (id, titulo, isbn, anio_publicacion, estado, editorial_id) VALUES (102, 'Economic election whatever worker.', '978-1-76156-434-5', 2020, 'activo', 1);
INSERT INTO libro_autor (libro_id, autor_id) VALUES (102, 3);
INSERT INTO libro_categoria (libro_id, categoria_id) VALUES (102, 3);
INSERT INTO libro_categoria (libro_id, categoria_id) VALUES (102, 9);
INSERT INTO libros (id, titulo, isbn, anio_publicacion, estado, editorial_id) VALUES (103, 'Investment.', '978-0-657-90854-6', 2018, 'perdido', 9);
INSERT INTO libro_autor (libro_id, autor_id) VALUES (103, 18);
INSERT INTO libro_autor (libro_id, autor_id) VALUES (103, 12);
INSERT INTO libro_autor (libro_id, autor_id) VALUES (103, 20);
INSERT INTO libro_categoria (libro_id, categoria_id) VALUES (103, 5);
INSERT INTO libros (id, titulo, isbn, anio_publicacion, estado, editorial_id) VALUES (104, 'Notice make door.', '978-0-589-99974-2', 1995, 'danado', 1);
INSERT INTO libro_autor (libro_id, autor_id) VALUES (104, 13);
INSERT INTO libro_autor (libro_id, autor_id) VALUES (104, 15);
INSERT INTO libro_autor (libro_id, autor_id) VALUES (104, 10);
INSERT INTO libro_categoria (libro_id, categoria_id) VALUES (104, 5);
INSERT INTO libro_categoria (libro_id, categoria_id) VALUES (104, 8);
INSERT INTO libros (id, titulo, isbn, anio_publicacion, estado, editorial_id) VALUES (105, 'Big end our.', '978-1-00-127082-1', 2002, 'danado', 7);
INSERT INTO libro_autor (libro_id, autor_id) VALUES (105, 6);
INSERT INTO libro_autor (libro_id, autor_id) VALUES (105, 14);
INSERT INTO libro_categoria (libro_id, categoria_id) VALUES (105, 8);
INSERT INTO libros (id, titulo, isbn, anio_publicacion, estado, editorial_id) VALUES (106, 'Nature deal without.', '978-0-10-561764-8', 2020, 'danado', 4);
INSERT INTO libro_autor (libro_id, autor_id) VALUES (106, 2);
INSERT INTO libro_autor (libro_id, autor_id) VALUES (106, 17);
INSERT INTO libro_categoria (libro_id, categoria_id) VALUES (106, 7);
INSERT INTO libros (id, titulo, isbn, anio_publicacion, estado, editorial_id) VALUES (107, 'Edge by wide.', '978-0-319-15266-9', 2013, 'perdido', 5);
INSERT INTO libro_autor (libro_id, autor_id) VALUES (107, 1);
INSERT INTO libro_categoria (libro_id, categoria_id) VALUES (107, 10);
INSERT INTO libros (id, titulo, isbn, anio_publicacion, estado, editorial_id) VALUES (108, 'Can challenge.', '978-0-00-434591-8', 1993, 'activo', 9);
INSERT INTO libro_autor (libro_id, autor_id) VALUES (108, 19);
INSERT INTO libro_autor (libro_id, autor_id) VALUES (108, 13);
INSERT INTO libro_categoria (libro_id, categoria_id) VALUES (108, 10);
INSERT INTO libros (id, titulo, isbn, anio_publicacion, estado, editorial_id) VALUES (109, 'Up dog.', '978-1-4674-6658-5', 2019, 'danado', 4);
INSERT INTO libro_autor (libro_id, autor_id) VALUES (109, 12);
INSERT INTO libro_autor (libro_id, autor_id) VALUES (109, 17);
INSERT INTO libro_categoria (libro_id, categoria_id) VALUES (109, 8);
INSERT INTO libros (id, titulo, isbn, anio_publicacion, estado, editorial_id) VALUES (110, 'Point investment type.', '978-1-343-13500-0', 2009, 'danado', 1);
INSERT INTO libro_autor (libro_id, autor_id) VALUES (110, 3);
INSERT INTO libro_categoria (libro_id, categoria_id) VALUES (110, 5);
INSERT INTO libros (id, titulo, isbn, anio_publicacion, estado, editorial_id) VALUES (111, 'System near.', '978-1-216-85134-1', 1995, 'activo', 4);
INSERT INTO libro_autor (libro_id, autor_id) VALUES (111, 5);
INSERT INTO libro_autor (libro_id, autor_id) VALUES (111, 10);
INSERT INTO libro_categoria (libro_id, categoria_id) VALUES (111, 10);
INSERT INTO libros (id, titulo, isbn, anio_publicacion, estado, editorial_id) VALUES (112, 'Herself ground.', '978-0-9919156-2-0', 2014, 'perdido', 5);
INSERT INTO libro_autor (libro_id, autor_id) VALUES (112, 7);
INSERT INTO libro_autor (libro_id, autor_id) VALUES (112, 6);
INSERT INTO libro_categoria (libro_id, categoria_id) VALUES (112, 2);
INSERT INTO libro_categoria (libro_id, categoria_id) VALUES (112, 6);
INSERT INTO libros (id, titulo, isbn, anio_publicacion, estado, editorial_id) VALUES (113, 'Director represent.', '978-0-7755-2823-7', 2018, 'perdido', 3);
INSERT INTO libro_autor (libro_id, autor_id) VALUES (113, 19);
INSERT INTO libro_autor (libro_id, autor_id) VALUES (113, 16);
INSERT INTO libro_categoria (libro_id, categoria_id) VALUES (113, 9);
INSERT INTO libros (id, titulo, isbn, anio_publicacion, estado, editorial_id) VALUES (114, 'Sit edge.', '978-1-04-035616-6', 2020, 'danado', 2);
INSERT INTO libro_autor (libro_id, autor_id) VALUES (114, 18);
INSERT INTO libro_autor (libro_id, autor_id) VALUES (114, 17);
INSERT INTO libro_autor (libro_id, autor_id) VALUES (114, 16);
INSERT INTO libro_categoria (libro_id, categoria_id) VALUES (114, 1);
INSERT INTO libro_categoria (libro_id, categoria_id) VALUES (114, 10);
INSERT INTO libros (id, titulo, isbn, anio_publicacion, estado, editorial_id) VALUES (115, 'In.', '978-1-4607-2898-7', 2011, 'activo', 1);
INSERT INTO libro_autor (libro_id, autor_id) VALUES (115, 7);
INSERT INTO libro_autor (libro_id, autor_id) VALUES (115, 13);
INSERT INTO libro_categoria (libro_id, categoria_id) VALUES (115, 8);
INSERT INTO libro_categoria (libro_id, categoria_id) VALUES (115, 6);
INSERT INTO libros (id, titulo, isbn, anio_publicacion, estado, editorial_id) VALUES (116, 'Clear plan break.', '978-0-19-550188-9', 2003, 'danado', 10);
INSERT INTO libro_autor (libro_id, autor_id) VALUES (116, 15);
INSERT INTO libro_autor (libro_id, autor_id) VALUES (116, 4);
INSERT INTO libro_autor (libro_id, autor_id) VALUES (116, 11);
INSERT INTO libro_categoria (libro_id, categoria_id) VALUES (116, 7);
INSERT INTO libros (id, titulo, isbn, anio_publicacion, estado, editorial_id) VALUES (117, 'Before which project although.', '978-0-468-90477-5', 1999, 'activo', 2);
INSERT INTO libro_autor (libro_id, autor_id) VALUES (117, 1);
INSERT INTO libro_autor (libro_id, autor_id) VALUES (117, 18);
INSERT INTO libro_categoria (libro_id, categoria_id) VALUES (117, 5);
INSERT INTO libro_categoria (libro_id, categoria_id) VALUES (117, 2);
INSERT INTO libros (id, titulo, isbn, anio_publicacion, estado, editorial_id) VALUES (118, 'Actually budget.', '978-1-368-05556-7', 2016, 'danado', 5);
INSERT INTO libro_autor (libro_id, autor_id) VALUES (118, 18);
INSERT INTO libro_autor (libro_id, autor_id) VALUES (118, 9);
INSERT INTO libro_categoria (libro_id, categoria_id) VALUES (118, 3);
INSERT INTO libros (id, titulo, isbn, anio_publicacion, estado, editorial_id) VALUES (119, 'Daughter describe in.', '978-0-8027-8381-3', 1998, 'activo', 3);
INSERT INTO libro_autor (libro_id, autor_id) VALUES (119, 18);
INSERT INTO libro_autor (libro_id, autor_id) VALUES (119, 16);
INSERT INTO libro_categoria (libro_id, categoria_id) VALUES (119, 6);
INSERT INTO libros (id, titulo, isbn, anio_publicacion, estado, editorial_id) VALUES (120, 'Let.', '978-0-7861-1195-4', 2011, 'perdido', 4);
INSERT INTO libro_autor (libro_id, autor_id) VALUES (120, 12);
INSERT INTO libro_categoria (libro_id, categoria_id) VALUES (120, 10);
INSERT INTO libro_categoria (libro_id, categoria_id) VALUES (120, 2);
INSERT INTO libros (id, titulo, isbn, anio_publicacion, estado, editorial_id) VALUES (121, 'Career account including.', '978-1-249-61001-4', 1990, 'perdido', 8);
INSERT INTO libro_autor (libro_id, autor_id) VALUES (121, 13);
INSERT INTO libro_autor (libro_id, autor_id) VALUES (121, 1);
INSERT INTO libro_autor (libro_id, autor_id) VALUES (121, 17);
INSERT INTO libro_categoria (libro_id, categoria_id) VALUES (121, 5);
INSERT INTO libro_categoria (libro_id, categoria_id) VALUES (121, 10);
INSERT INTO libros (id, titulo, isbn, anio_publicacion, estado, editorial_id) VALUES (122, 'Animal pattern.', '978-1-374-21117-9', 2015, 'activo', 10);
INSERT INTO libro_autor (libro_id, autor_id) VALUES (122, 7);
INSERT INTO libro_categoria (libro_id, categoria_id) VALUES (122, 8);
INSERT INTO libro_categoria (libro_id, categoria_id) VALUES (122, 7);
INSERT INTO libros (id, titulo, isbn, anio_publicacion, estado, editorial_id) VALUES (123, 'Daughter half.', '978-1-4762-6766-1', 2018, 'perdido', 9);
INSERT INTO libro_autor (libro_id, autor_id) VALUES (123, 12);
INSERT INTO libro_autor (libro_id, autor_id) VALUES (123, 5);
INSERT INTO libro_categoria (libro_id, categoria_id) VALUES (123, 4);
INSERT INTO libro_categoria (libro_id, categoria_id) VALUES (123, 3);
INSERT INTO libros (id, titulo, isbn, anio_publicacion, estado, editorial_id) VALUES (124, 'Defense once.', '978-0-7220-8326-0', 2015, 'perdido', 10);
INSERT INTO libro_autor (libro_id, autor_id) VALUES (124, 17);
INSERT INTO libro_autor (libro_id, autor_id) VALUES (124, 8);
INSERT INTO libro_categoria (libro_id, categoria_id) VALUES (124, 6);
INSERT INTO libros (id, titulo, isbn, anio_publicacion, estado, editorial_id) VALUES (125, 'Issue organization.', '978-1-307-15805-2', 2009, 'danado', 9);
INSERT INTO libro_autor (libro_id, autor_id) VALUES (125, 9);
INSERT INTO libro_categoria (libro_id, categoria_id) VALUES (125, 9);
INSERT INTO libro_categoria (libro_id, categoria_id) VALUES (125, 3);
INSERT INTO libros (id, titulo, isbn, anio_publicacion, estado, editorial_id) VALUES (126, 'Two card.', '978-1-76237-887-3', 2006, 'perdido', 10);
INSERT INTO libro_autor (libro_id, autor_id) VALUES (126, 6);
INSERT INTO libro_autor (libro_id, autor_id) VALUES (126, 4);
INSERT INTO libro_categoria (libro_id, categoria_id) VALUES (126, 4);
INSERT INTO libro_categoria (libro_id, categoria_id) VALUES (126, 1);
INSERT INTO libros (id, titulo, isbn, anio_publicacion, estado, editorial_id) VALUES (127, 'Send attention.', '978-0-618-78918-4', 2004, 'danado', 6);
INSERT INTO libro_autor (libro_id, autor_id) VALUES (127, 3);
INSERT INTO libro_autor (libro_id, autor_id) VALUES (127, 4);
INSERT INTO libro_categoria (libro_id, categoria_id) VALUES (127, 6);
INSERT INTO libro_categoria (libro_id, categoria_id) VALUES (127, 1);
INSERT INTO libros (id, titulo, isbn, anio_publicacion, estado, editorial_id) VALUES (128, 'Pretty four sister.', '978-1-198-09684-6', 2024, 'danado', 9);
INSERT INTO libro_autor (libro_id, autor_id) VALUES (128, 11);
INSERT INTO libro_categoria (libro_id, categoria_id) VALUES (128, 7);
INSERT INTO libros (id, titulo, isbn, anio_publicacion, estado, editorial_id) VALUES (129, 'Company.', '978-1-214-12720-2', 2008, 'danado', 8);
INSERT INTO libro_autor (libro_id, autor_id) VALUES (129, 8);
INSERT INTO libro_categoria (libro_id, categoria_id) VALUES (129, 9);
INSERT INTO libros (id, titulo, isbn, anio_publicacion, estado, editorial_id) VALUES (130, 'Recognize politics.', '978-1-214-68760-7', 2004, 'danado', 4);
INSERT INTO libro_autor (libro_id, autor_id) VALUES (130, 7);
INSERT INTO libro_categoria (libro_id, categoria_id) VALUES (130, 4);
INSERT INTO libro_categoria (libro_id, categoria_id) VALUES (130, 10);
INSERT INTO libros (id, titulo, isbn, anio_publicacion, estado, editorial_id) VALUES (131, 'Office positive something marriage.', '978-1-4916-6441-4', 1994, 'perdido', 3);
INSERT INTO libro_autor (libro_id, autor_id) VALUES (131, 11);
INSERT INTO libro_autor (libro_id, autor_id) VALUES (131, 10);
INSERT INTO libro_categoria (libro_id, categoria_id) VALUES (131, 4);
INSERT INTO libros (id, titulo, isbn, anio_publicacion, estado, editorial_id) VALUES (132, 'Including evening.', '978-1-85493-261-7', 2006, 'perdido', 9);
INSERT INTO libro_autor (libro_id, autor_id) VALUES (132, 4);
INSERT INTO libro_categoria (libro_id, categoria_id) VALUES (132, 10);
INSERT INTO libros (id, titulo, isbn, anio_publicacion, estado, editorial_id) VALUES (133, 'Line deep if.', '978-1-4820-6164-2', 2015, 'perdido', 9);
INSERT INTO libro_autor (libro_id, autor_id) VALUES (133, 10);
INSERT INTO libro_autor (libro_id, autor_id) VALUES (133, 18);
INSERT INTO libro_categoria (libro_id, categoria_id) VALUES (133, 2);
INSERT INTO libros (id, titulo, isbn, anio_publicacion, estado, editorial_id) VALUES (134, 'Issue financial.', '978-1-4681-3216-8', 2012, 'perdido', 9);
INSERT INTO libro_autor (libro_id, autor_id) VALUES (134, 4);
INSERT INTO libro_categoria (libro_id, categoria_id) VALUES (134, 10);
INSERT INTO libros (id, titulo, isbn, anio_publicacion, estado, editorial_id) VALUES (135, 'Explain send away maintain.', '978-1-07-533504-4', 2015, 'perdido', 7);
INSERT INTO libro_autor (libro_id, autor_id) VALUES (135, 19);
INSERT INTO libro_categoria (libro_id, categoria_id) VALUES (135, 5);
INSERT INTO libro_categoria (libro_id, categoria_id) VALUES (135, 8);
INSERT INTO libros (id, titulo, isbn, anio_publicacion, estado, editorial_id) VALUES (136, 'Wish professional.', '978-0-619-85794-3', 1993, 'activo', 10);
INSERT INTO libro_autor (libro_id, autor_id) VALUES (136, 20);
INSERT INTO libro_categoria (libro_id, categoria_id) VALUES (136, 9);
INSERT INTO libros (id, titulo, isbn, anio_publicacion, estado, editorial_id) VALUES (137, 'Whom rock unit.', '978-0-16-063385-0', 2021, 'perdido', 4);
INSERT INTO libro_autor (libro_id, autor_id) VALUES (137, 5);
INSERT INTO libro_autor (libro_id, autor_id) VALUES (137, 8);
INSERT INTO libro_autor (libro_id, autor_id) VALUES (137, 4);
INSERT INTO libro_categoria (libro_id, categoria_id) VALUES (137, 9);
INSERT INTO libros (id, titulo, isbn, anio_publicacion, estado, editorial_id) VALUES (138, 'Fund ok.', '978-0-262-28030-3', 2010, 'danado', 4);
INSERT INTO libro_autor (libro_id, autor_id) VALUES (138, 13);
INSERT INTO libro_autor (libro_id, autor_id) VALUES (138, 15);
INSERT INTO libro_categoria (libro_id, categoria_id) VALUES (138, 4);
INSERT INTO libros (id, titulo, isbn, anio_publicacion, estado, editorial_id) VALUES (139, 'Sell.', '978-1-308-59877-2', 1991, 'perdido', 5);
INSERT INTO libro_autor (libro_id, autor_id) VALUES (139, 13);
INSERT INTO libro_autor (libro_id, autor_id) VALUES (139, 12);
INSERT INTO libro_autor (libro_id, autor_id) VALUES (139, 20);
INSERT INTO libro_categoria (libro_id, categoria_id) VALUES (139, 6);
INSERT INTO libros (id, titulo, isbn, anio_publicacion, estado, editorial_id) VALUES (140, 'Arrive two.', '978-1-57773-352-2', 2004, 'activo', 9);
INSERT INTO libro_autor (libro_id, autor_id) VALUES (140, 2);
INSERT INTO libro_autor (libro_id, autor_id) VALUES (140, 3);
INSERT INTO libro_autor (libro_id, autor_id) VALUES (140, 1);
INSERT INTO libro_categoria (libro_id, categoria_id) VALUES (140, 6);
INSERT INTO libro_categoria (libro_id, categoria_id) VALUES (140, 8);
INSERT INTO libros (id, titulo, isbn, anio_publicacion, estado, editorial_id) VALUES (141, 'Music church.', '978-1-55336-838-0', 2004, 'danado', 5);
INSERT INTO libro_autor (libro_id, autor_id) VALUES (141, 12);
INSERT INTO libro_categoria (libro_id, categoria_id) VALUES (141, 5);
INSERT INTO libro_categoria (libro_id, categoria_id) VALUES (141, 9);
INSERT INTO libros (id, titulo, isbn, anio_publicacion, estado, editorial_id) VALUES (142, 'Stop realize outside.', '978-1-967868-05-6', 1991, 'perdido', 5);
INSERT INTO libro_autor (libro_id, autor_id) VALUES (142, 18);
INSERT INTO libro_autor (libro_id, autor_id) VALUES (142, 6);
INSERT INTO libro_categoria (libro_id, categoria_id) VALUES (142, 1);
INSERT INTO libros (id, titulo, isbn, anio_publicacion, estado, editorial_id) VALUES (143, 'Far son use.', '978-0-322-82904-6', 2001, 'activo', 5);
INSERT INTO libro_autor (libro_id, autor_id) VALUES (143, 19);
INSERT INTO libro_autor (libro_id, autor_id) VALUES (143, 6);
INSERT INTO libro_autor (libro_id, autor_id) VALUES (143, 17);
INSERT INTO libro_categoria (libro_id, categoria_id) VALUES (143, 4);
INSERT INTO libro_categoria (libro_id, categoria_id) VALUES (143, 6);
INSERT INTO libros (id, titulo, isbn, anio_publicacion, estado, editorial_id) VALUES (144, 'Him about.', '978-1-9845-5088-0', 2009, 'perdido', 4);
INSERT INTO libro_autor (libro_id, autor_id) VALUES (144, 14);
INSERT INTO libro_autor (libro_id, autor_id) VALUES (144, 12);
INSERT INTO libro_categoria (libro_id, categoria_id) VALUES (144, 5);
INSERT INTO libro_categoria (libro_id, categoria_id) VALUES (144, 4);
INSERT INTO libros (id, titulo, isbn, anio_publicacion, estado, editorial_id) VALUES (145, 'Building social lay.', '978-1-61549-732-4', 1991, 'activo', 7);
INSERT INTO libro_autor (libro_id, autor_id) VALUES (145, 18);
INSERT INTO libro_autor (libro_id, autor_id) VALUES (145, 6);
INSERT INTO libro_autor (libro_id, autor_id) VALUES (145, 16);
INSERT INTO libro_categoria (libro_id, categoria_id) VALUES (145, 2);
INSERT INTO libro_categoria (libro_id, categoria_id) VALUES (145, 7);
INSERT INTO libros (id, titulo, isbn, anio_publicacion, estado, editorial_id) VALUES (146, 'Station ok interesting black.', '978-1-885344-28-1', 2004, 'activo', 1);
INSERT INTO libro_autor (libro_id, autor_id) VALUES (146, 1);
INSERT INTO libro_autor (libro_id, autor_id) VALUES (146, 9);
INSERT INTO libro_autor (libro_id, autor_id) VALUES (146, 18);
INSERT INTO libro_categoria (libro_id, categoria_id) VALUES (146, 5);
INSERT INTO libro_categoria (libro_id, categoria_id) VALUES (146, 2);
INSERT INTO libros (id, titulo, isbn, anio_publicacion, estado, editorial_id) VALUES (147, 'Not off.', '978-1-4502-5790-9', 1992, 'danado', 10);
INSERT INTO libro_autor (libro_id, autor_id) VALUES (147, 16);
INSERT INTO libro_autor (libro_id, autor_id) VALUES (147, 6);
INSERT INTO libro_autor (libro_id, autor_id) VALUES (147, 2);
INSERT INTO libro_categoria (libro_id, categoria_id) VALUES (147, 4);
INSERT INTO libro_categoria (libro_id, categoria_id) VALUES (147, 7);
INSERT INTO libros (id, titulo, isbn, anio_publicacion, estado, editorial_id) VALUES (148, 'Night condition and.', '978-0-902692-50-3', 1992, 'activo', 5);
INSERT INTO libro_autor (libro_id, autor_id) VALUES (148, 15);
INSERT INTO libro_categoria (libro_id, categoria_id) VALUES (148, 3);
INSERT INTO libro_categoria (libro_id, categoria_id) VALUES (148, 7);
INSERT INTO libros (id, titulo, isbn, anio_publicacion, estado, editorial_id) VALUES (149, 'Front perhaps.', '978-0-16-594543-9', 2011, 'activo', 1);
INSERT INTO libro_autor (libro_id, autor_id) VALUES (149, 16);
INSERT INTO libro_autor (libro_id, autor_id) VALUES (149, 18);
INSERT INTO libro_autor (libro_id, autor_id) VALUES (149, 10);
INSERT INTO libro_categoria (libro_id, categoria_id) VALUES (149, 1);
INSERT INTO libros (id, titulo, isbn, anio_publicacion, estado, editorial_id) VALUES (150, 'Table between.', '978-1-318-18878-9', 2014, 'perdido', 9);
INSERT INTO libro_autor (libro_id, autor_id) VALUES (150, 3);
INSERT INTO libro_autor (libro_id, autor_id) VALUES (150, 2);
INSERT INTO libro_categoria (libro_id, categoria_id) VALUES (150, 6);
INSERT INTO libros (id, titulo, isbn, anio_publicacion, estado, editorial_id) VALUES (151, 'Consider sport growth.', '978-1-63646-668-2', 2005, 'perdido', 9);
INSERT INTO libro_autor (libro_id, autor_id) VALUES (151, 10);
INSERT INTO libro_categoria (libro_id, categoria_id) VALUES (151, 2);
INSERT INTO libro_categoria (libro_id, categoria_id) VALUES (151, 4);
INSERT INTO libros (id, titulo, isbn, anio_publicacion, estado, editorial_id) VALUES (152, 'Its small.', '978-0-9683886-3-1', 2013, 'perdido', 8);
INSERT INTO libro_autor (libro_id, autor_id) VALUES (152, 9);
INSERT INTO libro_autor (libro_id, autor_id) VALUES (152, 1);
INSERT INTO libro_autor (libro_id, autor_id) VALUES (152, 10);
INSERT INTO libro_categoria (libro_id, categoria_id) VALUES (152, 5);
INSERT INTO libro_categoria (libro_id, categoria_id) VALUES (152, 8);
INSERT INTO libros (id, titulo, isbn, anio_publicacion, estado, editorial_id) VALUES (153, 'Food.', '978-1-4961-5704-1', 2013, 'danado', 10);
INSERT INTO libro_autor (libro_id, autor_id) VALUES (153, 15);
INSERT INTO libro_categoria (libro_id, categoria_id) VALUES (153, 6);
INSERT INTO libros (id, titulo, isbn, anio_publicacion, estado, editorial_id) VALUES (154, 'Sure upon beat trouble.', '978-0-7904-1984-8', 2000, 'danado', 7);
INSERT INTO libro_autor (libro_id, autor_id) VALUES (154, 9);
INSERT INTO libro_categoria (libro_id, categoria_id) VALUES (154, 9);
INSERT INTO libro_categoria (libro_id, categoria_id) VALUES (154, 1);
INSERT INTO libros (id, titulo, isbn, anio_publicacion, estado, editorial_id) VALUES (155, 'Inside wide difficult.', '978-1-74696-760-4', 2000, 'perdido', 8);
INSERT INTO libro_autor (libro_id, autor_id) VALUES (155, 3);
INSERT INTO libro_autor (libro_id, autor_id) VALUES (155, 20);
INSERT INTO libro_autor (libro_id, autor_id) VALUES (155, 4);
INSERT INTO libro_categoria (libro_id, categoria_id) VALUES (155, 8);
INSERT INTO libro_categoria (libro_id, categoria_id) VALUES (155, 4);
INSERT INTO libros (id, titulo, isbn, anio_publicacion, estado, editorial_id) VALUES (156, 'Line born second gun.', '978-0-497-28401-5', 2001, 'danado', 3);
INSERT INTO libro_autor (libro_id, autor_id) VALUES (156, 19);
INSERT INTO libro_categoria (libro_id, categoria_id) VALUES (156, 7);
INSERT INTO libro_categoria (libro_id, categoria_id) VALUES (156, 5);
INSERT INTO libros (id, titulo, isbn, anio_publicacion, estado, editorial_id) VALUES (157, 'Red expert however.', '978-0-87821-127-2', 2024, 'danado', 10);
INSERT INTO libro_autor (libro_id, autor_id) VALUES (157, 19);
INSERT INTO libro_categoria (libro_id, categoria_id) VALUES (157, 8);
INSERT INTO libros (id, titulo, isbn, anio_publicacion, estado, editorial_id) VALUES (158, 'Perhaps audience.', '978-1-241-35933-1', 1990, 'activo', 5);
INSERT INTO libro_autor (libro_id, autor_id) VALUES (158, 15);
INSERT INTO libro_categoria (libro_id, categoria_id) VALUES (158, 1);
INSERT INTO libros (id, titulo, isbn, anio_publicacion, estado, editorial_id) VALUES (159, 'Society person.', '978-0-682-58978-9', 2019, 'activo', 4);
INSERT INTO libro_autor (libro_id, autor_id) VALUES (159, 20);
INSERT INTO libro_categoria (libro_id, categoria_id) VALUES (159, 2);
INSERT INTO libros (id, titulo, isbn, anio_publicacion, estado, editorial_id) VALUES (160, 'Trip anything body range.', '978-0-282-39646-6', 2020, 'danado', 6);
INSERT INTO libro_autor (libro_id, autor_id) VALUES (160, 13);
INSERT INTO libro_categoria (libro_id, categoria_id) VALUES (160, 2);
INSERT INTO libros (id, titulo, isbn, anio_publicacion, estado, editorial_id) VALUES (161, 'West project.', '978-1-71385-831-7', 2004, 'danado', 2);
INSERT INTO libro_autor (libro_id, autor_id) VALUES (161, 12);
INSERT INTO libro_categoria (libro_id, categoria_id) VALUES (161, 6);
INSERT INTO libros (id, titulo, isbn, anio_publicacion, estado, editorial_id) VALUES (162, 'Attorney finally.', '978-0-19-527879-8', 2019, 'danado', 3);
INSERT INTO libro_autor (libro_id, autor_id) VALUES (162, 5);
INSERT INTO libro_autor (libro_id, autor_id) VALUES (162, 9);
INSERT INTO libro_categoria (libro_id, categoria_id) VALUES (162, 2);
INSERT INTO libro_categoria (libro_id, categoria_id) VALUES (162, 4);
INSERT INTO libros (id, titulo, isbn, anio_publicacion, estado, editorial_id) VALUES (163, 'Least but speak.', '978-1-356-93333-4', 2013, 'perdido', 6);
INSERT INTO libro_autor (libro_id, autor_id) VALUES (163, 20);
INSERT INTO libro_autor (libro_id, autor_id) VALUES (163, 12);
INSERT INTO libro_categoria (libro_id, categoria_id) VALUES (163, 4);
INSERT INTO libro_categoria (libro_id, categoria_id) VALUES (163, 9);
INSERT INTO libros (id, titulo, isbn, anio_publicacion, estado, editorial_id) VALUES (164, 'Drive drop join.', '978-1-75191-985-8', 1991, 'danado', 2);
INSERT INTO libro_autor (libro_id, autor_id) VALUES (164, 8);
INSERT INTO libro_categoria (libro_id, categoria_id) VALUES (164, 3);
INSERT INTO libros (id, titulo, isbn, anio_publicacion, estado, editorial_id) VALUES (165, 'Degree generation.', '978-0-583-08567-0', 1998, 'activo', 2);
INSERT INTO libro_autor (libro_id, autor_id) VALUES (165, 19);
INSERT INTO libro_categoria (libro_id, categoria_id) VALUES (165, 1);
INSERT INTO libro_categoria (libro_id, categoria_id) VALUES (165, 3);
INSERT INTO libros (id, titulo, isbn, anio_publicacion, estado, editorial_id) VALUES (166, 'Consider positive as.', '978-0-17-424468-4', 2015, 'danado', 1);
INSERT INTO libro_autor (libro_id, autor_id) VALUES (166, 3);
INSERT INTO libro_autor (libro_id, autor_id) VALUES (166, 15);
INSERT INTO libro_categoria (libro_id, categoria_id) VALUES (166, 10);
INSERT INTO libros (id, titulo, isbn, anio_publicacion, estado, editorial_id) VALUES (167, 'Contain hundred.', '978-1-919721-26-2', 2017, 'danado', 8);
INSERT INTO libro_autor (libro_id, autor_id) VALUES (167, 20);
INSERT INTO libro_categoria (libro_id, categoria_id) VALUES (167, 4);
INSERT INTO libros (id, titulo, isbn, anio_publicacion, estado, editorial_id) VALUES (168, 'Kitchen improve special from.', '978-1-928005-70-4', 1993, 'perdido', 6);
INSERT INTO libro_autor (libro_id, autor_id) VALUES (168, 3);
INSERT INTO libro_autor (libro_id, autor_id) VALUES (168, 4);
INSERT INTO libro_categoria (libro_id, categoria_id) VALUES (168, 7);
INSERT INTO libro_categoria (libro_id, categoria_id) VALUES (168, 2);
INSERT INTO libros (id, titulo, isbn, anio_publicacion, estado, editorial_id) VALUES (169, 'Hundred now pressure.', '978-0-227-07106-9', 2024, 'activo', 5);
INSERT INTO libro_autor (libro_id, autor_id) VALUES (169, 20);
INSERT INTO libro_categoria (libro_id, categoria_id) VALUES (169, 2);
INSERT INTO libro_categoria (libro_id, categoria_id) VALUES (169, 4);
INSERT INTO libros (id, titulo, isbn, anio_publicacion, estado, editorial_id) VALUES (170, 'Century consider.', '978-0-18-077957-6', 1991, 'activo', 5);
INSERT INTO libro_autor (libro_id, autor_id) VALUES (170, 6);
INSERT INTO libro_autor (libro_id, autor_id) VALUES (170, 4);
INSERT INTO libro_categoria (libro_id, categoria_id) VALUES (170, 4);
INSERT INTO libro_categoria (libro_id, categoria_id) VALUES (170, 1);
INSERT INTO libros (id, titulo, isbn, anio_publicacion, estado, editorial_id) VALUES (171, 'Option themselves.', '978-1-368-01710-7', 1994, 'perdido', 2);
INSERT INTO libro_autor (libro_id, autor_id) VALUES (171, 17);
INSERT INTO libro_categoria (libro_id, categoria_id) VALUES (171, 8);
INSERT INTO libros (id, titulo, isbn, anio_publicacion, estado, editorial_id) VALUES (172, 'Hair single.', '978-1-139-47730-7', 2018, 'perdido', 9);
INSERT INTO libro_autor (libro_id, autor_id) VALUES (172, 19);
INSERT INTO libro_autor (libro_id, autor_id) VALUES (172, 16);
INSERT INTO libro_autor (libro_id, autor_id) VALUES (172, 20);
INSERT INTO libro_categoria (libro_id, categoria_id) VALUES (172, 6);
INSERT INTO libro_categoria (libro_id, categoria_id) VALUES (172, 10);
INSERT INTO libros (id, titulo, isbn, anio_publicacion, estado, editorial_id) VALUES (173, 'Everybody family.', '978-1-236-44651-0', 2000, 'perdido', 6);
INSERT INTO libro_autor (libro_id, autor_id) VALUES (173, 15);
INSERT INTO libro_autor (libro_id, autor_id) VALUES (173, 3);
INSERT INTO libro_autor (libro_id, autor_id) VALUES (173, 12);
INSERT INTO libro_categoria (libro_id, categoria_id) VALUES (173, 3);
INSERT INTO libro_categoria (libro_id, categoria_id) VALUES (173, 1);
INSERT INTO libros (id, titulo, isbn, anio_publicacion, estado, editorial_id) VALUES (174, 'Likely physical the.', '978-1-295-82303-1', 2001, 'danado', 5);
INSERT INTO libro_autor (libro_id, autor_id) VALUES (174, 18);
INSERT INTO libro_categoria (libro_id, categoria_id) VALUES (174, 4);
INSERT INTO libros (id, titulo, isbn, anio_publicacion, estado, editorial_id) VALUES (175, 'Wonder security.', '978-0-948477-64-5', 2014, 'danado', 5);
INSERT INTO libro_autor (libro_id, autor_id) VALUES (175, 11);
INSERT INTO libro_autor (libro_id, autor_id) VALUES (175, 12);
INSERT INTO libro_categoria (libro_id, categoria_id) VALUES (175, 2);
INSERT INTO libros (id, titulo, isbn, anio_publicacion, estado, editorial_id) VALUES (176, 'Mean clearly.', '978-1-259-32979-1', 1990, 'activo', 1);
INSERT INTO libro_autor (libro_id, autor_id) VALUES (176, 6);
INSERT INTO libro_categoria (libro_id, categoria_id) VALUES (176, 6);
INSERT INTO libro_categoria (libro_id, categoria_id) VALUES (176, 4);
INSERT INTO libros (id, titulo, isbn, anio_publicacion, estado, editorial_id) VALUES (177, 'Book wife yes reduce.', '978-1-4537-4929-6', 1992, 'activo', 9);
INSERT INTO libro_autor (libro_id, autor_id) VALUES (177, 3);
INSERT INTO libro_categoria (libro_id, categoria_id) VALUES (177, 8);
INSERT INTO libro_categoria (libro_id, categoria_id) VALUES (177, 5);
INSERT INTO libros (id, titulo, isbn, anio_publicacion, estado, editorial_id) VALUES (178, 'Occur issue card.', '978-0-7065-1891-7', 2021, 'activo', 8);
INSERT INTO libro_autor (libro_id, autor_id) VALUES (178, 4);
INSERT INTO libro_categoria (libro_id, categoria_id) VALUES (178, 2);
INSERT INTO libros (id, titulo, isbn, anio_publicacion, estado, editorial_id) VALUES (179, 'Someone modern.', '978-1-5375-7515-5', 2000, 'activo', 3);
INSERT INTO libro_autor (libro_id, autor_id) VALUES (179, 14);
INSERT INTO libro_categoria (libro_id, categoria_id) VALUES (179, 1);
INSERT INTO libro_categoria (libro_id, categoria_id) VALUES (179, 7);
INSERT INTO libros (id, titulo, isbn, anio_publicacion, estado, editorial_id) VALUES (180, 'Political consider interesting.', '978-0-376-10032-0', 2012, 'danado', 4);
INSERT INTO libro_autor (libro_id, autor_id) VALUES (180, 20);
INSERT INTO libro_categoria (libro_id, categoria_id) VALUES (180, 4);
INSERT INTO libros (id, titulo, isbn, anio_publicacion, estado, editorial_id) VALUES (181, 'Congress art different task.', '978-1-9778-9209-6', 2000, 'danado', 10);
INSERT INTO libro_autor (libro_id, autor_id) VALUES (181, 1);
INSERT INTO libro_categoria (libro_id, categoria_id) VALUES (181, 7);
INSERT INTO libro_categoria (libro_id, categoria_id) VALUES (181, 1);
INSERT INTO libros (id, titulo, isbn, anio_publicacion, estado, editorial_id) VALUES (182, 'Seat almost.', '978-1-293-53460-1', 2016, 'perdido', 4);
INSERT INTO libro_autor (libro_id, autor_id) VALUES (182, 6);
INSERT INTO libro_categoria (libro_id, categoria_id) VALUES (182, 2);
INSERT INTO libros (id, titulo, isbn, anio_publicacion, estado, editorial_id) VALUES (183, 'Report particular.', '978-1-936821-19-8', 2000, 'perdido', 2);
INSERT INTO libro_autor (libro_id, autor_id) VALUES (183, 20);
INSERT INTO libro_categoria (libro_id, categoria_id) VALUES (183, 10);
INSERT INTO libro_categoria (libro_id, categoria_id) VALUES (183, 6);
INSERT INTO libros (id, titulo, isbn, anio_publicacion, estado, editorial_id) VALUES (184, 'Low various style.', '978-1-69606-353-1', 2007, 'danado', 6);
INSERT INTO libro_autor (libro_id, autor_id) VALUES (184, 5);
INSERT INTO libro_autor (libro_id, autor_id) VALUES (184, 11);
INSERT INTO libro_categoria (libro_id, categoria_id) VALUES (184, 6);
INSERT INTO libro_categoria (libro_id, categoria_id) VALUES (184, 8);
INSERT INTO libros (id, titulo, isbn, anio_publicacion, estado, editorial_id) VALUES (185, 'Mr around.', '978-0-411-51394-8', 2008, 'perdido', 3);
INSERT INTO libro_autor (libro_id, autor_id) VALUES (185, 7);
INSERT INTO libro_autor (libro_id, autor_id) VALUES (185, 6);
INSERT INTO libro_autor (libro_id, autor_id) VALUES (185, 3);
INSERT INTO libro_categoria (libro_id, categoria_id) VALUES (185, 2);
INSERT INTO libros (id, titulo, isbn, anio_publicacion, estado, editorial_id) VALUES (186, 'National group guess.', '978-1-881612-78-0', 2011, 'danado', 3);
INSERT INTO libro_autor (libro_id, autor_id) VALUES (186, 13);
INSERT INTO libro_categoria (libro_id, categoria_id) VALUES (186, 3);
INSERT INTO libro_categoria (libro_id, categoria_id) VALUES (186, 1);
INSERT INTO libros (id, titulo, isbn, anio_publicacion, estado, editorial_id) VALUES (187, 'Out safe their.', '978-1-153-63548-6', 1997, 'danado', 7);
INSERT INTO libro_autor (libro_id, autor_id) VALUES (187, 16);
INSERT INTO libro_categoria (libro_id, categoria_id) VALUES (187, 9);
INSERT INTO libro_categoria (libro_id, categoria_id) VALUES (187, 3);
INSERT INTO libros (id, titulo, isbn, anio_publicacion, estado, editorial_id) VALUES (188, 'Change pattern.', '978-1-07-162642-9', 2002, 'activo', 10);
INSERT INTO libro_autor (libro_id, autor_id) VALUES (188, 10);
INSERT INTO libro_autor (libro_id, autor_id) VALUES (188, 7);
INSERT INTO libro_autor (libro_id, autor_id) VALUES (188, 18);
INSERT INTO libro_categoria (libro_id, categoria_id) VALUES (188, 7);
INSERT INTO libro_categoria (libro_id, categoria_id) VALUES (188, 8);
INSERT INTO libros (id, titulo, isbn, anio_publicacion, estado, editorial_id) VALUES (189, 'Offer school.', '978-0-7631-8769-9', 2003, 'danado', 5);
INSERT INTO libro_autor (libro_id, autor_id) VALUES (189, 6);
INSERT INTO libro_autor (libro_id, autor_id) VALUES (189, 18);
INSERT INTO libro_categoria (libro_id, categoria_id) VALUES (189, 10);
INSERT INTO libros (id, titulo, isbn, anio_publicacion, estado, editorial_id) VALUES (190, 'Learn worker.', '978-1-4965-7660-6', 2007, 'activo', 6);
INSERT INTO libro_autor (libro_id, autor_id) VALUES (190, 7);
INSERT INTO libro_categoria (libro_id, categoria_id) VALUES (190, 4);
INSERT INTO libros (id, titulo, isbn, anio_publicacion, estado, editorial_id) VALUES (191, 'Cup window.', '978-0-17-180557-4', 1991, 'perdido', 7);
INSERT INTO libro_autor (libro_id, autor_id) VALUES (191, 3);
INSERT INTO libro_autor (libro_id, autor_id) VALUES (191, 15);
INSERT INTO libro_autor (libro_id, autor_id) VALUES (191, 17);
INSERT INTO libro_categoria (libro_id, categoria_id) VALUES (191, 10);
INSERT INTO libro_categoria (libro_id, categoria_id) VALUES (191, 6);
INSERT INTO libros (id, titulo, isbn, anio_publicacion, estado, editorial_id) VALUES (192, 'Computer maybe identify.', '978-0-509-66350-0', 2016, 'danado', 3);
INSERT INTO libro_autor (libro_id, autor_id) VALUES (192, 8);
INSERT INTO libro_categoria (libro_id, categoria_id) VALUES (192, 9);
INSERT INTO libro_categoria (libro_id, categoria_id) VALUES (192, 2);
INSERT INTO libros (id, titulo, isbn, anio_publicacion, estado, editorial_id) VALUES (193, 'Expect power.', '978-0-371-89091-2', 2017, 'danado', 4);
INSERT INTO libro_autor (libro_id, autor_id) VALUES (193, 6);
INSERT INTO libro_categoria (libro_id, categoria_id) VALUES (193, 9);
INSERT INTO libros (id, titulo, isbn, anio_publicacion, estado, editorial_id) VALUES (194, 'Before require.', '978-0-902787-36-0', 1998, 'danado', 10);
INSERT INTO libro_autor (libro_id, autor_id) VALUES (194, 14);
INSERT INTO libro_autor (libro_id, autor_id) VALUES (194, 17);
INSERT INTO libro_autor (libro_id, autor_id) VALUES (194, 16);
INSERT INTO libro_categoria (libro_id, categoria_id) VALUES (194, 2);
INSERT INTO libro_categoria (libro_id, categoria_id) VALUES (194, 7);
INSERT INTO libros (id, titulo, isbn, anio_publicacion, estado, editorial_id) VALUES (195, 'Tend.', '978-1-58697-454-1', 1997, 'activo', 9);
INSERT INTO libro_autor (libro_id, autor_id) VALUES (195, 17);
INSERT INTO libro_autor (libro_id, autor_id) VALUES (195, 1);
INSERT INTO libro_categoria (libro_id, categoria_id) VALUES (195, 3);
INSERT INTO libros (id, titulo, isbn, anio_publicacion, estado, editorial_id) VALUES (196, 'Exist begin.', '978-0-344-46203-0', 1991, 'danado', 4);
INSERT INTO libro_autor (libro_id, autor_id) VALUES (196, 8);
INSERT INTO libro_autor (libro_id, autor_id) VALUES (196, 20);
INSERT INTO libro_categoria (libro_id, categoria_id) VALUES (196, 3);
INSERT INTO libro_categoria (libro_id, categoria_id) VALUES (196, 8);
INSERT INTO libros (id, titulo, isbn, anio_publicacion, estado, editorial_id) VALUES (197, 'Political.', '978-1-08-886483-8', 2024, 'perdido', 8);
INSERT INTO libro_autor (libro_id, autor_id) VALUES (197, 19);
INSERT INTO libro_autor (libro_id, autor_id) VALUES (197, 15);
INSERT INTO libro_autor (libro_id, autor_id) VALUES (197, 10);
INSERT INTO libro_categoria (libro_id, categoria_id) VALUES (197, 8);
INSERT INTO libros (id, titulo, isbn, anio_publicacion, estado, editorial_id) VALUES (198, 'Camera world material.', '978-0-273-30301-5', 2003, 'activo', 7);
INSERT INTO libro_autor (libro_id, autor_id) VALUES (198, 3);
INSERT INTO libro_categoria (libro_id, categoria_id) VALUES (198, 2);
INSERT INTO libros (id, titulo, isbn, anio_publicacion, estado, editorial_id) VALUES (199, 'Describe lot maintain.', '978-0-88351-071-1', 2020, 'danado', 7);
INSERT INTO libro_autor (libro_id, autor_id) VALUES (199, 9);
INSERT INTO libro_categoria (libro_id, categoria_id) VALUES (199, 7);
INSERT INTO libro_categoria (libro_id, categoria_id) VALUES (199, 9);
INSERT INTO libros (id, titulo, isbn, anio_publicacion, estado, editorial_id) VALUES (200, 'Would try just.', '978-0-8305-3931-4', 2007, 'activo', 3);
INSERT INTO libro_autor (libro_id, autor_id) VALUES (200, 17);
INSERT INTO libro_autor (libro_id, autor_id) VALUES (200, 9);
INSERT INTO libro_categoria (libro_id, categoria_id) VALUES (200, 1);
INSERT INTO libro_categoria (libro_id, categoria_id) VALUES (200, 10);
INSERT INTO libros (id, titulo, isbn, anio_publicacion, estado, editorial_id) VALUES (201, 'Somebody game ahead.', '978-1-4559-9259-1', 2016, 'perdido', 1);
INSERT INTO libro_autor (libro_id, autor_id) VALUES (201, 16);
INSERT INTO libro_autor (libro_id, autor_id) VALUES (201, 5);
INSERT INTO libro_autor (libro_id, autor_id) VALUES (201, 4);
INSERT INTO libro_categoria (libro_id, categoria_id) VALUES (201, 3);
INSERT INTO libro_categoria (libro_id, categoria_id) VALUES (201, 4);
INSERT INTO libros (id, titulo, isbn, anio_publicacion, estado, editorial_id) VALUES (202, 'Investment data rest choose.', '978-1-117-90341-5', 1990, 'perdido', 5);
INSERT INTO libro_autor (libro_id, autor_id) VALUES (202, 13);
INSERT INTO libro_categoria (libro_id, categoria_id) VALUES (202, 1);
INSERT INTO libros (id, titulo, isbn, anio_publicacion, estado, editorial_id) VALUES (203, 'Eye good history cost.', '978-0-9878898-2-9', 1997, 'danado', 5);
INSERT INTO libro_autor (libro_id, autor_id) VALUES (203, 9);
INSERT INTO libro_autor (libro_id, autor_id) VALUES (203, 13);
INSERT INTO libro_autor (libro_id, autor_id) VALUES (203, 14);
INSERT INTO libro_categoria (libro_id, categoria_id) VALUES (203, 3);
INSERT INTO libros (id, titulo, isbn, anio_publicacion, estado, editorial_id) VALUES (204, 'First wrong just.', '978-0-456-32065-5', 1990, 'danado', 10);
INSERT INTO libro_autor (libro_id, autor_id) VALUES (204, 11);
INSERT INTO libro_autor (libro_id, autor_id) VALUES (204, 17);
INSERT INTO libro_categoria (libro_id, categoria_id) VALUES (204, 6);
INSERT INTO libro_categoria (libro_id, categoria_id) VALUES (204, 3);
INSERT INTO libros (id, titulo, isbn, anio_publicacion, estado, editorial_id) VALUES (205, 'Present bill kid.', '978-0-236-62302-0', 1999, 'perdido', 9);
INSERT INTO libro_autor (libro_id, autor_id) VALUES (205, 19);
INSERT INTO libro_autor (libro_id, autor_id) VALUES (205, 11);
INSERT INTO libro_categoria (libro_id, categoria_id) VALUES (205, 6);
INSERT INTO libro_categoria (libro_id, categoria_id) VALUES (205, 1);
INSERT INTO libros (id, titulo, isbn, anio_publicacion, estado, editorial_id) VALUES (206, 'Without nothing.', '978-1-207-37535-1', 2009, 'perdido', 9);
INSERT INTO libro_autor (libro_id, autor_id) VALUES (206, 15);
INSERT INTO libro_categoria (libro_id, categoria_id) VALUES (206, 2);
INSERT INTO libros (id, titulo, isbn, anio_publicacion, estado, editorial_id) VALUES (207, 'Voice foot.', '978-0-593-51666-9', 2022, 'perdido', 7);
INSERT INTO libro_autor (libro_id, autor_id) VALUES (207, 9);
INSERT INTO libro_autor (libro_id, autor_id) VALUES (207, 5);
INSERT INTO libro_autor (libro_id, autor_id) VALUES (207, 11);
INSERT INTO libro_categoria (libro_id, categoria_id) VALUES (207, 10);
INSERT INTO libro_categoria (libro_id, categoria_id) VALUES (207, 2);
INSERT INTO libros (id, titulo, isbn, anio_publicacion, estado, editorial_id) VALUES (208, 'None whom perhaps deal.', '978-1-906011-04-8', 2007, 'perdido', 6);
INSERT INTO libro_autor (libro_id, autor_id) VALUES (208, 15);
INSERT INTO libro_autor (libro_id, autor_id) VALUES (208, 7);
INSERT INTO libro_autor (libro_id, autor_id) VALUES (208, 10);
INSERT INTO libro_categoria (libro_id, categoria_id) VALUES (208, 4);
INSERT INTO libro_categoria (libro_id, categoria_id) VALUES (208, 6);
INSERT INTO libros (id, titulo, isbn, anio_publicacion, estado, editorial_id) VALUES (209, 'Lead discover simple.', '978-1-4007-7282-7', 2014, 'danado', 9);
INSERT INTO libro_autor (libro_id, autor_id) VALUES (209, 2);
INSERT INTO libro_autor (libro_id, autor_id) VALUES (209, 16);
INSERT INTO libro_autor (libro_id, autor_id) VALUES (209, 8);
INSERT INTO libro_categoria (libro_id, categoria_id) VALUES (209, 3);
INSERT INTO libro_categoria (libro_id, categoria_id) VALUES (209, 4);
INSERT INTO libros (id, titulo, isbn, anio_publicacion, estado, editorial_id) VALUES (210, 'Worry office.', '978-0-407-12431-8', 1993, 'perdido', 6);
INSERT INTO libro_autor (libro_id, autor_id) VALUES (210, 8);
INSERT INTO libro_categoria (libro_id, categoria_id) VALUES (210, 1);
INSERT INTO libros (id, titulo, isbn, anio_publicacion, estado, editorial_id) VALUES (211, 'Deal meet item whatever.', '978-0-8323-7734-1', 1996, 'perdido', 9);
INSERT INTO libro_autor (libro_id, autor_id) VALUES (211, 5);
INSERT INTO libro_autor (libro_id, autor_id) VALUES (211, 10);
INSERT INTO libro_autor (libro_id, autor_id) VALUES (211, 7);
INSERT INTO libro_categoria (libro_id, categoria_id) VALUES (211, 8);
INSERT INTO libros (id, titulo, isbn, anio_publicacion, estado, editorial_id) VALUES (212, 'Past bill situation.', '978-1-04-767227-6', 2023, 'activo', 3);
INSERT INTO libro_autor (libro_id, autor_id) VALUES (212, 17);
INSERT INTO libro_autor (libro_id, autor_id) VALUES (212, 13);
INSERT INTO libro_autor (libro_id, autor_id) VALUES (212, 9);
INSERT INTO libro_categoria (libro_id, categoria_id) VALUES (212, 2);
INSERT INTO libros (id, titulo, isbn, anio_publicacion, estado, editorial_id) VALUES (213, 'Stand what trial.', '978-1-70227-441-8', 2009, 'danado', 5);
INSERT INTO libro_autor (libro_id, autor_id) VALUES (213, 8);
INSERT INTO libro_categoria (libro_id, categoria_id) VALUES (213, 9);
INSERT INTO libro_categoria (libro_id, categoria_id) VALUES (213, 6);
INSERT INTO libros (id, titulo, isbn, anio_publicacion, estado, editorial_id) VALUES (214, 'Floor bar from particularly.', '978-1-4935-2926-1', 2018, 'danado', 4);
INSERT INTO libro_autor (libro_id, autor_id) VALUES (214, 17);
INSERT INTO libro_autor (libro_id, autor_id) VALUES (214, 20);
INSERT INTO libro_autor (libro_id, autor_id) VALUES (214, 6);
INSERT INTO libro_categoria (libro_id, categoria_id) VALUES (214, 6);
INSERT INTO libros (id, titulo, isbn, anio_publicacion, estado, editorial_id) VALUES (215, 'Part security oil.', '978-1-253-32809-7', 2007, 'activo', 6);
INSERT INTO libro_autor (libro_id, autor_id) VALUES (215, 16);
INSERT INTO libro_autor (libro_id, autor_id) VALUES (215, 19);
INSERT INTO libro_autor (libro_id, autor_id) VALUES (215, 6);
INSERT INTO libro_categoria (libro_id, categoria_id) VALUES (215, 4);
INSERT INTO libro_categoria (libro_id, categoria_id) VALUES (215, 10);
INSERT INTO libros (id, titulo, isbn, anio_publicacion, estado, editorial_id) VALUES (216, 'Indicate us.', '978-1-06-137972-4', 1997, 'danado', 4);
INSERT INTO libro_autor (libro_id, autor_id) VALUES (216, 5);
INSERT INTO libro_autor (libro_id, autor_id) VALUES (216, 2);
INSERT INTO libro_categoria (libro_id, categoria_id) VALUES (216, 5);
INSERT INTO libro_categoria (libro_id, categoria_id) VALUES (216, 2);
INSERT INTO libros (id, titulo, isbn, anio_publicacion, estado, editorial_id) VALUES (217, 'Do would behavior.', '978-1-5458-5764-9', 2024, 'activo', 10);
INSERT INTO libro_autor (libro_id, autor_id) VALUES (217, 9);
INSERT INTO libro_autor (libro_id, autor_id) VALUES (217, 3);
INSERT INTO libro_categoria (libro_id, categoria_id) VALUES (217, 7);
INSERT INTO libro_categoria (libro_id, categoria_id) VALUES (217, 3);
INSERT INTO libros (id, titulo, isbn, anio_publicacion, estado, editorial_id) VALUES (218, 'Happy chair.', '978-1-5077-5962-2', 1993, 'perdido', 6);
INSERT INTO libro_autor (libro_id, autor_id) VALUES (218, 5);
INSERT INTO libro_autor (libro_id, autor_id) VALUES (218, 4);
INSERT INTO libro_categoria (libro_id, categoria_id) VALUES (218, 9);
INSERT INTO libro_categoria (libro_id, categoria_id) VALUES (218, 5);
INSERT INTO libros (id, titulo, isbn, anio_publicacion, estado, editorial_id) VALUES (219, 'Rise more safe.', '978-1-03-898762-4', 2005, 'danado', 4);
INSERT INTO libro_autor (libro_id, autor_id) VALUES (219, 8);
INSERT INTO libro_autor (libro_id, autor_id) VALUES (219, 7);
INSERT INTO libro_autor (libro_id, autor_id) VALUES (219, 15);
INSERT INTO libro_categoria (libro_id, categoria_id) VALUES (219, 1);
INSERT INTO libros (id, titulo, isbn, anio_publicacion, estado, editorial_id) VALUES (220, 'New difference manager.', '978-1-332-42235-7', 2016, 'activo', 10);
INSERT INTO libro_autor (libro_id, autor_id) VALUES (220, 20);
INSERT INTO libro_autor (libro_id, autor_id) VALUES (220, 12);
INSERT INTO libro_autor (libro_id, autor_id) VALUES (220, 17);
INSERT INTO libro_categoria (libro_id, categoria_id) VALUES (220, 4);
INSERT INTO libro_categoria (libro_id, categoria_id) VALUES (220, 7);
INSERT INTO libros (id, titulo, isbn, anio_publicacion, estado, editorial_id) VALUES (221, 'Factor way mother.', '978-0-596-34997-4', 2007, 'perdido', 4);
INSERT INTO libro_autor (libro_id, autor_id) VALUES (221, 20);
INSERT INTO libro_autor (libro_id, autor_id) VALUES (221, 14);
INSERT INTO libro_autor (libro_id, autor_id) VALUES (221, 16);
INSERT INTO libro_categoria (libro_id, categoria_id) VALUES (221, 10);
INSERT INTO libros (id, titulo, isbn, anio_publicacion, estado, editorial_id) VALUES (222, 'Follow enough federal.', '978-0-562-81217-4', 2024, 'danado', 7);
INSERT INTO libro_autor (libro_id, autor_id) VALUES (222, 12);
INSERT INTO libro_autor (libro_id, autor_id) VALUES (222, 4);
INSERT INTO libro_autor (libro_id, autor_id) VALUES (222, 8);
INSERT INTO libro_categoria (libro_id, categoria_id) VALUES (222, 1);
INSERT INTO libro_categoria (libro_id, categoria_id) VALUES (222, 2);
INSERT INTO libros (id, titulo, isbn, anio_publicacion, estado, editorial_id) VALUES (223, 'Participant court.', '978-1-07-775967-1', 1991, 'perdido', 4);
INSERT INTO libro_autor (libro_id, autor_id) VALUES (223, 11);
INSERT INTO libro_autor (libro_id, autor_id) VALUES (223, 12);
INSERT INTO libro_categoria (libro_id, categoria_id) VALUES (223, 4);
INSERT INTO libros (id, titulo, isbn, anio_publicacion, estado, editorial_id) VALUES (224, 'Both military fear house.', '978-0-949620-94-1', 2000, 'activo', 5);
INSERT INTO libro_autor (libro_id, autor_id) VALUES (224, 10);
INSERT INTO libro_autor (libro_id, autor_id) VALUES (224, 15);
INSERT INTO libro_autor (libro_id, autor_id) VALUES (224, 17);
INSERT INTO libro_categoria (libro_id, categoria_id) VALUES (224, 5);
INSERT INTO libro_categoria (libro_id, categoria_id) VALUES (224, 9);
INSERT INTO libros (id, titulo, isbn, anio_publicacion, estado, editorial_id) VALUES (225, 'Produce glass win.', '978-1-876859-00-8', 1997, 'danado', 3);
INSERT INTO libro_autor (libro_id, autor_id) VALUES (225, 17);
INSERT INTO libro_categoria (libro_id, categoria_id) VALUES (225, 2);
INSERT INTO libro_categoria (libro_id, categoria_id) VALUES (225, 6);
INSERT INTO libros (id, titulo, isbn, anio_publicacion, estado, editorial_id) VALUES (226, 'Hot thus.', '978-0-674-50167-6', 2005, 'danado', 9);
INSERT INTO libro_autor (libro_id, autor_id) VALUES (226, 1);
INSERT INTO libro_autor (libro_id, autor_id) VALUES (226, 16);
INSERT INTO libro_categoria (libro_id, categoria_id) VALUES (226, 4);
INSERT INTO libros (id, titulo, isbn, anio_publicacion, estado, editorial_id) VALUES (227, 'Recently year machine.', '978-0-600-62616-9', 1994, 'activo', 6);
INSERT INTO libro_autor (libro_id, autor_id) VALUES (227, 14);
INSERT INTO libro_autor (libro_id, autor_id) VALUES (227, 1);
INSERT INTO libro_categoria (libro_id, categoria_id) VALUES (227, 4);
INSERT INTO libros (id, titulo, isbn, anio_publicacion, estado, editorial_id) VALUES (228, 'Television window might.', '978-1-361-08541-7', 2010, 'danado', 10);
INSERT INTO libro_autor (libro_id, autor_id) VALUES (228, 1);
INSERT INTO libro_autor (libro_id, autor_id) VALUES (228, 15);
INSERT INTO libro_categoria (libro_id, categoria_id) VALUES (228, 6);
INSERT INTO libro_categoria (libro_id, categoria_id) VALUES (228, 3);
INSERT INTO libros (id, titulo, isbn, anio_publicacion, estado, editorial_id) VALUES (229, 'Center bill.', '978-0-314-58795-4', 2001, 'perdido', 7);
INSERT INTO libro_autor (libro_id, autor_id) VALUES (229, 10);
INSERT INTO libro_autor (libro_id, autor_id) VALUES (229, 18);
INSERT INTO libro_categoria (libro_id, categoria_id) VALUES (229, 6);
INSERT INTO libros (id, titulo, isbn, anio_publicacion, estado, editorial_id) VALUES (230, 'Maintain.', '978-0-86108-174-5', 1997, 'danado', 3);
INSERT INTO libro_autor (libro_id, autor_id) VALUES (230, 16);
INSERT INTO libro_autor (libro_id, autor_id) VALUES (230, 1);
INSERT INTO libro_autor (libro_id, autor_id) VALUES (230, 10);
INSERT INTO libro_categoria (libro_id, categoria_id) VALUES (230, 3);
INSERT INTO libro_categoria (libro_id, categoria_id) VALUES (230, 5);
INSERT INTO libros (id, titulo, isbn, anio_publicacion, estado, editorial_id) VALUES (231, 'Phone drive.', '978-0-17-001385-7', 2006, 'danado', 10);
INSERT INTO libro_autor (libro_id, autor_id) VALUES (231, 19);
INSERT INTO libro_autor (libro_id, autor_id) VALUES (231, 20);
INSERT INTO libro_autor (libro_id, autor_id) VALUES (231, 14);
INSERT INTO libro_categoria (libro_id, categoria_id) VALUES (231, 3);
INSERT INTO libro_categoria (libro_id, categoria_id) VALUES (231, 6);
INSERT INTO libros (id, titulo, isbn, anio_publicacion, estado, editorial_id) VALUES (232, 'Final bar finally.', '978-0-633-41720-8', 2017, 'perdido', 6);
INSERT INTO libro_autor (libro_id, autor_id) VALUES (232, 10);
INSERT INTO libro_autor (libro_id, autor_id) VALUES (232, 20);
INSERT INTO libro_autor (libro_id, autor_id) VALUES (232, 5);
INSERT INTO libro_categoria (libro_id, categoria_id) VALUES (232, 9);
INSERT INTO libro_categoria (libro_id, categoria_id) VALUES (232, 10);
INSERT INTO libros (id, titulo, isbn, anio_publicacion, estado, editorial_id) VALUES (233, 'Score significant.', '978-0-339-02746-6', 1990, 'perdido', 6);
INSERT INTO libro_autor (libro_id, autor_id) VALUES (233, 2);
INSERT INTO libro_categoria (libro_id, categoria_id) VALUES (233, 8);
INSERT INTO libros (id, titulo, isbn, anio_publicacion, estado, editorial_id) VALUES (234, 'Light art must.', '978-0-9623357-2-3', 2001, 'danado', 9);
INSERT INTO libro_autor (libro_id, autor_id) VALUES (234, 13);
INSERT INTO libro_categoria (libro_id, categoria_id) VALUES (234, 8);
INSERT INTO libros (id, titulo, isbn, anio_publicacion, estado, editorial_id) VALUES (235, 'Him such military.', '978-1-04-964667-1', 2024, 'danado', 1);
INSERT INTO libro_autor (libro_id, autor_id) VALUES (235, 4);
INSERT INTO libro_categoria (libro_id, categoria_id) VALUES (235, 3);
INSERT INTO libros (id, titulo, isbn, anio_publicacion, estado, editorial_id) VALUES (236, 'Do in.', '978-0-86945-628-6', 1997, 'perdido', 1);
INSERT INTO libro_autor (libro_id, autor_id) VALUES (236, 17);
INSERT INTO libro_autor (libro_id, autor_id) VALUES (236, 5);
INSERT INTO libro_autor (libro_id, autor_id) VALUES (236, 16);
INSERT INTO libro_categoria (libro_id, categoria_id) VALUES (236, 7);
INSERT INTO libros (id, titulo, isbn, anio_publicacion, estado, editorial_id) VALUES (237, 'Own send suffer.', '978-0-539-11861-2', 2021, 'danado', 2);
INSERT INTO libro_autor (libro_id, autor_id) VALUES (237, 10);
INSERT INTO libro_categoria (libro_id, categoria_id) VALUES (237, 3);
INSERT INTO libros (id, titulo, isbn, anio_publicacion, estado, editorial_id) VALUES (238, 'Author through relate have.', '978-0-241-98562-5', 1991, 'perdido', 5);
INSERT INTO libro_autor (libro_id, autor_id) VALUES (238, 5);
INSERT INTO libro_autor (libro_id, autor_id) VALUES (238, 11);
INSERT INTO libro_categoria (libro_id, categoria_id) VALUES (238, 2);
INSERT INTO libros (id, titulo, isbn, anio_publicacion, estado, editorial_id) VALUES (239, 'Agreement field.', '978-1-08-634859-0', 2023, 'activo', 2);
INSERT INTO libro_autor (libro_id, autor_id) VALUES (239, 11);
INSERT INTO libro_autor (libro_id, autor_id) VALUES (239, 9);
INSERT INTO libro_categoria (libro_id, categoria_id) VALUES (239, 8);
INSERT INTO libros (id, titulo, isbn, anio_publicacion, estado, editorial_id) VALUES (240, 'Pm soldier which.', '978-0-15-320318-3', 2004, 'activo', 9);
INSERT INTO libro_autor (libro_id, autor_id) VALUES (240, 14);
INSERT INTO libro_autor (libro_id, autor_id) VALUES (240, 4);
INSERT INTO libro_categoria (libro_id, categoria_id) VALUES (240, 9);
INSERT INTO libros (id, titulo, isbn, anio_publicacion, estado, editorial_id) VALUES (241, 'Really.', '978-1-67386-603-2', 2009, 'activo', 3);
INSERT INTO libro_autor (libro_id, autor_id) VALUES (241, 10);
INSERT INTO libro_autor (libro_id, autor_id) VALUES (241, 8);
INSERT INTO libro_categoria (libro_id, categoria_id) VALUES (241, 8);
INSERT INTO libro_categoria (libro_id, categoria_id) VALUES (241, 6);
INSERT INTO libros (id, titulo, isbn, anio_publicacion, estado, editorial_id) VALUES (242, 'Ok head international.', '978-1-102-92159-2', 2006, 'perdido', 10);
INSERT INTO libro_autor (libro_id, autor_id) VALUES (242, 2);
INSERT INTO libro_autor (libro_id, autor_id) VALUES (242, 11);
INSERT INTO libro_categoria (libro_id, categoria_id) VALUES (242, 10);
INSERT INTO libros (id, titulo, isbn, anio_publicacion, estado, editorial_id) VALUES (243, 'Record some.', '978-0-472-08438-8', 1991, 'danado', 3);
INSERT INTO libro_autor (libro_id, autor_id) VALUES (243, 17);
INSERT INTO libro_categoria (libro_id, categoria_id) VALUES (243, 7);
INSERT INTO libro_categoria (libro_id, categoria_id) VALUES (243, 2);
INSERT INTO libros (id, titulo, isbn, anio_publicacion, estado, editorial_id) VALUES (244, 'Talk every.', '978-0-491-98460-7', 1991, 'danado', 1);
INSERT INTO libro_autor (libro_id, autor_id) VALUES (244, 5);
INSERT INTO libro_categoria (libro_id, categoria_id) VALUES (244, 8);
INSERT INTO libro_categoria (libro_id, categoria_id) VALUES (244, 7);
INSERT INTO libros (id, titulo, isbn, anio_publicacion, estado, editorial_id) VALUES (245, 'Real.', '978-0-650-85832-9', 2006, 'danado', 6);
INSERT INTO libro_autor (libro_id, autor_id) VALUES (245, 17);
INSERT INTO libro_autor (libro_id, autor_id) VALUES (245, 18);
INSERT INTO libro_autor (libro_id, autor_id) VALUES (245, 8);
INSERT INTO libro_categoria (libro_id, categoria_id) VALUES (245, 7);
INSERT INTO libros (id, titulo, isbn, anio_publicacion, estado, editorial_id) VALUES (246, 'Street early position fact.', '978-1-4031-9823-5', 2017, 'perdido', 6);
INSERT INTO libro_autor (libro_id, autor_id) VALUES (246, 10);
INSERT INTO libro_categoria (libro_id, categoria_id) VALUES (246, 8);
INSERT INTO libro_categoria (libro_id, categoria_id) VALUES (246, 7);
INSERT INTO libros (id, titulo, isbn, anio_publicacion, estado, editorial_id) VALUES (247, 'Ok nature question.', '978-1-64249-252-1', 2011, 'activo', 8);
INSERT INTO libro_autor (libro_id, autor_id) VALUES (247, 1);
INSERT INTO libro_autor (libro_id, autor_id) VALUES (247, 20);
INSERT INTO libro_autor (libro_id, autor_id) VALUES (247, 11);
INSERT INTO libro_categoria (libro_id, categoria_id) VALUES (247, 1);
INSERT INTO libro_categoria (libro_id, categoria_id) VALUES (247, 10);
INSERT INTO libros (id, titulo, isbn, anio_publicacion, estado, editorial_id) VALUES (248, 'Last top.', '978-0-435-70811-5', 1993, 'perdido', 9);
INSERT INTO libro_autor (libro_id, autor_id) VALUES (248, 6);
INSERT INTO libro_autor (libro_id, autor_id) VALUES (248, 17);
INSERT INTO libro_autor (libro_id, autor_id) VALUES (248, 16);
INSERT INTO libro_categoria (libro_id, categoria_id) VALUES (248, 2);
INSERT INTO libro_categoria (libro_id, categoria_id) VALUES (248, 6);
INSERT INTO libros (id, titulo, isbn, anio_publicacion, estado, editorial_id) VALUES (249, 'Majority trip.', '978-0-249-87286-6', 2023, 'danado', 1);
INSERT INTO libro_autor (libro_id, autor_id) VALUES (249, 5);
INSERT INTO libro_autor (libro_id, autor_id) VALUES (249, 4);
INSERT INTO libro_autor (libro_id, autor_id) VALUES (249, 13);
INSERT INTO libro_categoria (libro_id, categoria_id) VALUES (249, 8);
INSERT INTO libro_categoria (libro_id, categoria_id) VALUES (249, 6);
INSERT INTO libros (id, titulo, isbn, anio_publicacion, estado, editorial_id) VALUES (250, 'Edge kind card.', '978-1-9843-2304-0', 1992, 'perdido', 2);
INSERT INTO libro_autor (libro_id, autor_id) VALUES (250, 15);
INSERT INTO libro_categoria (libro_id, categoria_id) VALUES (250, 1);
INSERT INTO libro_categoria (libro_id, categoria_id) VALUES (250, 2);
INSERT INTO libros (id, titulo, isbn, anio_publicacion, estado, editorial_id) VALUES (251, 'Month glass never.', '978-0-00-301995-7', 2001, 'danado', 8);
INSERT INTO libro_autor (libro_id, autor_id) VALUES (251, 20);
INSERT INTO libro_autor (libro_id, autor_id) VALUES (251, 15);
INSERT INTO libro_autor (libro_id, autor_id) VALUES (251, 5);
INSERT INTO libro_categoria (libro_id, categoria_id) VALUES (251, 4);
INSERT INTO libros (id, titulo, isbn, anio_publicacion, estado, editorial_id) VALUES (252, 'Pretty officer.', '978-0-12-372899-9', 1990, 'perdido', 8);
INSERT INTO libro_autor (libro_id, autor_id) VALUES (252, 20);
INSERT INTO libro_autor (libro_id, autor_id) VALUES (252, 18);
INSERT INTO libro_categoria (libro_id, categoria_id) VALUES (252, 3);
INSERT INTO libros (id, titulo, isbn, anio_publicacion, estado, editorial_id) VALUES (253, 'Actually daughter daughter.', '978-0-9969470-3-9', 2005, 'perdido', 9);
INSERT INTO libro_autor (libro_id, autor_id) VALUES (253, 6);
INSERT INTO libro_categoria (libro_id, categoria_id) VALUES (253, 5);
INSERT INTO libro_categoria (libro_id, categoria_id) VALUES (253, 2);
INSERT INTO libros (id, titulo, isbn, anio_publicacion, estado, editorial_id) VALUES (254, 'Manager suddenly.', '978-1-59419-772-7', 2006, 'activo', 5);
INSERT INTO libro_autor (libro_id, autor_id) VALUES (254, 18);
INSERT INTO libro_autor (libro_id, autor_id) VALUES (254, 9);
INSERT INTO libro_autor (libro_id, autor_id) VALUES (254, 6);
INSERT INTO libro_categoria (libro_id, categoria_id) VALUES (254, 6);
INSERT INTO libro_categoria (libro_id, categoria_id) VALUES (254, 2);
INSERT INTO libros (id, titulo, isbn, anio_publicacion, estado, editorial_id) VALUES (255, 'Energy drive off.', '978-0-527-25316-5', 2002, 'perdido', 10);
INSERT INTO libro_autor (libro_id, autor_id) VALUES (255, 15);
INSERT INTO libro_autor (libro_id, autor_id) VALUES (255, 17);
INSERT INTO libro_autor (libro_id, autor_id) VALUES (255, 5);
INSERT INTO libro_categoria (libro_id, categoria_id) VALUES (255, 1);
INSERT INTO libros (id, titulo, isbn, anio_publicacion, estado, editorial_id) VALUES (256, 'Arm contain.', '978-0-509-54622-3', 1994, 'perdido', 1);
INSERT INTO libro_autor (libro_id, autor_id) VALUES (256, 1);
INSERT INTO libro_categoria (libro_id, categoria_id) VALUES (256, 2);
INSERT INTO libros (id, titulo, isbn, anio_publicacion, estado, editorial_id) VALUES (257, 'Whatever water.', '978-0-315-15851-1', 1990, 'activo', 5);
INSERT INTO libro_autor (libro_id, autor_id) VALUES (257, 17);
INSERT INTO libro_autor (libro_id, autor_id) VALUES (257, 10);
INSERT INTO libro_autor (libro_id, autor_id) VALUES (257, 6);
INSERT INTO libro_categoria (libro_id, categoria_id) VALUES (257, 10);
INSERT INTO libros (id, titulo, isbn, anio_publicacion, estado, editorial_id) VALUES (258, 'Again my exist.', '978-0-287-76883-1', 2020, 'perdido', 10);
INSERT INTO libro_autor (libro_id, autor_id) VALUES (258, 18);
INSERT INTO libro_categoria (libro_id, categoria_id) VALUES (258, 3);
INSERT INTO libros (id, titulo, isbn, anio_publicacion, estado, editorial_id) VALUES (259, 'Sense agree discuss.', '978-0-329-09783-7', 1994, 'perdido', 9);
INSERT INTO libro_autor (libro_id, autor_id) VALUES (259, 14);
INSERT INTO libro_autor (libro_id, autor_id) VALUES (259, 15);
INSERT INTO libro_autor (libro_id, autor_id) VALUES (259, 3);
INSERT INTO libro_categoria (libro_id, categoria_id) VALUES (259, 1);
INSERT INTO libros (id, titulo, isbn, anio_publicacion, estado, editorial_id) VALUES (260, 'Fight activity left.', '978-0-8119-2464-1', 1994, 'activo', 6);
INSERT INTO libro_autor (libro_id, autor_id) VALUES (260, 17);
INSERT INTO libro_categoria (libro_id, categoria_id) VALUES (260, 8);
INSERT INTO libros (id, titulo, isbn, anio_publicacion, estado, editorial_id) VALUES (261, 'Past way realize.', '978-1-55541-071-1', 2001, 'perdido', 3);
INSERT INTO libro_autor (libro_id, autor_id) VALUES (261, 9);
INSERT INTO libro_autor (libro_id, autor_id) VALUES (261, 15);
INSERT INTO libro_autor (libro_id, autor_id) VALUES (261, 14);
INSERT INTO libro_categoria (libro_id, categoria_id) VALUES (261, 8);
INSERT INTO libro_categoria (libro_id, categoria_id) VALUES (261, 6);
INSERT INTO libros (id, titulo, isbn, anio_publicacion, estado, editorial_id) VALUES (262, 'Truth amount.', '978-1-4261-8066-8', 2007, 'activo', 9);
INSERT INTO libro_autor (libro_id, autor_id) VALUES (262, 11);
INSERT INTO libro_autor (libro_id, autor_id) VALUES (262, 5);
INSERT INTO libro_categoria (libro_id, categoria_id) VALUES (262, 5);
INSERT INTO libros (id, titulo, isbn, anio_publicacion, estado, editorial_id) VALUES (263, 'Send knowledge.', '978-0-00-003937-8', 1990, 'activo', 6);
INSERT INTO libro_autor (libro_id, autor_id) VALUES (263, 19);
INSERT INTO libro_categoria (libro_id, categoria_id) VALUES (263, 7);
INSERT INTO libros (id, titulo, isbn, anio_publicacion, estado, editorial_id) VALUES (264, 'Whether.', '978-0-944485-98-9', 2011, 'activo', 3);
INSERT INTO libro_autor (libro_id, autor_id) VALUES (264, 12);
INSERT INTO libro_categoria (libro_id, categoria_id) VALUES (264, 9);
INSERT INTO libros (id, titulo, isbn, anio_publicacion, estado, editorial_id) VALUES (265, 'Start thousand generation.', '978-1-5351-7793-1', 2009, 'perdido', 4);
INSERT INTO libro_autor (libro_id, autor_id) VALUES (265, 19);
INSERT INTO libro_categoria (libro_id, categoria_id) VALUES (265, 9);
INSERT INTO libros (id, titulo, isbn, anio_publicacion, estado, editorial_id) VALUES (266, 'Consider ready year.', '978-1-4838-8921-4', 1996, 'activo', 1);
INSERT INTO libro_autor (libro_id, autor_id) VALUES (266, 19);
INSERT INTO libro_autor (libro_id, autor_id) VALUES (266, 5);
INSERT INTO libro_autor (libro_id, autor_id) VALUES (266, 16);
INSERT INTO libro_categoria (libro_id, categoria_id) VALUES (266, 3);
INSERT INTO libros (id, titulo, isbn, anio_publicacion, estado, editorial_id) VALUES (267, 'Determine memory and.', '978-1-334-40301-9', 2015, 'activo', 7);
INSERT INTO libro_autor (libro_id, autor_id) VALUES (267, 10);
INSERT INTO libro_autor (libro_id, autor_id) VALUES (267, 18);
INSERT INTO libro_categoria (libro_id, categoria_id) VALUES (267, 1);
INSERT INTO libro_categoria (libro_id, categoria_id) VALUES (267, 9);
INSERT INTO libros (id, titulo, isbn, anio_publicacion, estado, editorial_id) VALUES (268, 'Worker bank.', '978-0-413-51562-9', 2001, 'perdido', 9);
INSERT INTO libro_autor (libro_id, autor_id) VALUES (268, 16);
INSERT INTO libro_autor (libro_id, autor_id) VALUES (268, 11);
INSERT INTO libro_autor (libro_id, autor_id) VALUES (268, 18);
INSERT INTO libro_categoria (libro_id, categoria_id) VALUES (268, 1);
INSERT INTO libro_categoria (libro_id, categoria_id) VALUES (268, 7);
INSERT INTO libros (id, titulo, isbn, anio_publicacion, estado, editorial_id) VALUES (269, 'Number.', '978-0-630-69930-0', 2023, 'perdido', 1);
INSERT INTO libro_autor (libro_id, autor_id) VALUES (269, 4);
INSERT INTO libro_categoria (libro_id, categoria_id) VALUES (269, 6);
INSERT INTO libro_categoria (libro_id, categoria_id) VALUES (269, 5);
INSERT INTO libros (id, titulo, isbn, anio_publicacion, estado, editorial_id) VALUES (270, 'Develop center.', '978-0-279-51576-4', 1990, 'activo', 2);
INSERT INTO libro_autor (libro_id, autor_id) VALUES (270, 15);
INSERT INTO libro_autor (libro_id, autor_id) VALUES (270, 4);
INSERT INTO libro_categoria (libro_id, categoria_id) VALUES (270, 3);
INSERT INTO libros (id, titulo, isbn, anio_publicacion, estado, editorial_id) VALUES (271, 'Party sign this.', '978-1-233-48476-8', 2005, 'danado', 4);
INSERT INTO libro_autor (libro_id, autor_id) VALUES (271, 16);
INSERT INTO libro_autor (libro_id, autor_id) VALUES (271, 15);
INSERT INTO libro_autor (libro_id, autor_id) VALUES (271, 11);
INSERT INTO libro_categoria (libro_id, categoria_id) VALUES (271, 6);
INSERT INTO libros (id, titulo, isbn, anio_publicacion, estado, editorial_id) VALUES (272, 'Out according.', '978-0-7642-9038-1', 2001, 'activo', 6);
INSERT INTO libro_autor (libro_id, autor_id) VALUES (272, 9);
INSERT INTO libro_categoria (libro_id, categoria_id) VALUES (272, 1);
INSERT INTO libros (id, titulo, isbn, anio_publicacion, estado, editorial_id) VALUES (273, 'All month.', '978-0-11-960049-0', 1992, 'activo', 6);
INSERT INTO libro_autor (libro_id, autor_id) VALUES (273, 20);
INSERT INTO libro_autor (libro_id, autor_id) VALUES (273, 5);
INSERT INTO libro_categoria (libro_id, categoria_id) VALUES (273, 10);
INSERT INTO libro_categoria (libro_id, categoria_id) VALUES (273, 8);
INSERT INTO libros (id, titulo, isbn, anio_publicacion, estado, editorial_id) VALUES (274, 'Situation evidence.', '978-0-464-94042-5', 1990, 'perdido', 3);
INSERT INTO libro_autor (libro_id, autor_id) VALUES (274, 7);
INSERT INTO libro_categoria (libro_id, categoria_id) VALUES (274, 1);
INSERT INTO libros (id, titulo, isbn, anio_publicacion, estado, editorial_id) VALUES (275, 'Figure less.', '978-0-569-19902-5', 2010, 'perdido', 7);
INSERT INTO libro_autor (libro_id, autor_id) VALUES (275, 17);
INSERT INTO libro_categoria (libro_id, categoria_id) VALUES (275, 5);
INSERT INTO libro_categoria (libro_id, categoria_id) VALUES (275, 7);
INSERT INTO libros (id, titulo, isbn, anio_publicacion, estado, editorial_id) VALUES (276, 'Piece total full region.', '978-1-84760-425-5', 1998, 'danado', 5);
INSERT INTO libro_autor (libro_id, autor_id) VALUES (276, 15);
INSERT INTO libro_autor (libro_id, autor_id) VALUES (276, 6);
INSERT INTO libro_categoria (libro_id, categoria_id) VALUES (276, 8);
INSERT INTO libro_categoria (libro_id, categoria_id) VALUES (276, 1);
INSERT INTO libros (id, titulo, isbn, anio_publicacion, estado, editorial_id) VALUES (277, 'Pay so building.', '978-1-971873-34-3', 1998, 'perdido', 3);
INSERT INTO libro_autor (libro_id, autor_id) VALUES (277, 17);
INSERT INTO libro_autor (libro_id, autor_id) VALUES (277, 2);
INSERT INTO libro_categoria (libro_id, categoria_id) VALUES (277, 1);
INSERT INTO libro_categoria (libro_id, categoria_id) VALUES (277, 8);
INSERT INTO libros (id, titulo, isbn, anio_publicacion, estado, editorial_id) VALUES (278, 'Consumer she.', '978-1-4735-8577-5', 1997, 'activo', 3);
INSERT INTO libro_autor (libro_id, autor_id) VALUES (278, 10);
INSERT INTO libro_categoria (libro_id, categoria_id) VALUES (278, 4);
INSERT INTO libros (id, titulo, isbn, anio_publicacion, estado, editorial_id) VALUES (279, 'Color eat.', '978-1-4840-2457-7', 2020, 'activo', 10);
INSERT INTO libro_autor (libro_id, autor_id) VALUES (279, 2);
INSERT INTO libro_autor (libro_id, autor_id) VALUES (279, 8);
INSERT INTO libro_categoria (libro_id, categoria_id) VALUES (279, 6);
INSERT INTO libros (id, titulo, isbn, anio_publicacion, estado, editorial_id) VALUES (280, 'Open painting dream.', '978-1-71162-653-6', 2003, 'danado', 3);
INSERT INTO libro_autor (libro_id, autor_id) VALUES (280, 13);
INSERT INTO libro_categoria (libro_id, categoria_id) VALUES (280, 6);
INSERT INTO libros (id, titulo, isbn, anio_publicacion, estado, editorial_id) VALUES (281, 'College you citizen.', '978-1-55822-791-0', 1998, 'activo', 2);
INSERT INTO libro_autor (libro_id, autor_id) VALUES (281, 2);
INSERT INTO libro_autor (libro_id, autor_id) VALUES (281, 20);
INSERT INTO libro_autor (libro_id, autor_id) VALUES (281, 15);
INSERT INTO libro_categoria (libro_id, categoria_id) VALUES (281, 8);
INSERT INTO libro_categoria (libro_id, categoria_id) VALUES (281, 4);
INSERT INTO libros (id, titulo, isbn, anio_publicacion, estado, editorial_id) VALUES (282, 'Collection.', '978-0-432-11474-2', 1992, 'danado', 2);
INSERT INTO libro_autor (libro_id, autor_id) VALUES (282, 13);
INSERT INTO libro_autor (libro_id, autor_id) VALUES (282, 16);
INSERT INTO libro_autor (libro_id, autor_id) VALUES (282, 5);
INSERT INTO libro_categoria (libro_id, categoria_id) VALUES (282, 3);
INSERT INTO libro_categoria (libro_id, categoria_id) VALUES (282, 10);
INSERT INTO libros (id, titulo, isbn, anio_publicacion, estado, editorial_id) VALUES (283, 'Long top.', '978-0-490-12499-8', 2017, 'perdido', 10);
INSERT INTO libro_autor (libro_id, autor_id) VALUES (283, 13);
INSERT INTO libro_categoria (libro_id, categoria_id) VALUES (283, 2);
INSERT INTO libros (id, titulo, isbn, anio_publicacion, estado, editorial_id) VALUES (284, 'Expect responsibility general city.', '978-1-4360-8000-2', 1992, 'danado', 9);
INSERT INTO libro_autor (libro_id, autor_id) VALUES (284, 13);
INSERT INTO libro_categoria (libro_id, categoria_id) VALUES (284, 4);
INSERT INTO libros (id, titulo, isbn, anio_publicacion, estado, editorial_id) VALUES (285, 'Phone boy learn.', '978-0-7846-1268-2', 2017, 'activo', 9);
INSERT INTO libro_autor (libro_id, autor_id) VALUES (285, 16);
INSERT INTO libro_categoria (libro_id, categoria_id) VALUES (285, 4);
INSERT INTO libros (id, titulo, isbn, anio_publicacion, estado, editorial_id) VALUES (286, 'Sign upon catch.', '978-1-66247-445-3', 2000, 'activo', 2);
INSERT INTO libro_autor (libro_id, autor_id) VALUES (286, 8);
INSERT INTO libro_autor (libro_id, autor_id) VALUES (286, 16);
INSERT INTO libro_autor (libro_id, autor_id) VALUES (286, 18);
INSERT INTO libro_categoria (libro_id, categoria_id) VALUES (286, 5);
INSERT INTO libro_categoria (libro_id, categoria_id) VALUES (286, 10);
INSERT INTO libros (id, titulo, isbn, anio_publicacion, estado, editorial_id) VALUES (287, 'Machine international.', '978-0-292-96905-6', 2002, 'activo', 6);
INSERT INTO libro_autor (libro_id, autor_id) VALUES (287, 16);
INSERT INTO libro_autor (libro_id, autor_id) VALUES (287, 19);
INSERT INTO libro_categoria (libro_id, categoria_id) VALUES (287, 7);
INSERT INTO libro_categoria (libro_id, categoria_id) VALUES (287, 9);
INSERT INTO libros (id, titulo, isbn, anio_publicacion, estado, editorial_id) VALUES (288, 'Opportunity everything morning.', '978-0-288-19616-9', 1994, 'danado', 2);
INSERT INTO libro_autor (libro_id, autor_id) VALUES (288, 1);
INSERT INTO libro_autor (libro_id, autor_id) VALUES (288, 19);
INSERT INTO libro_categoria (libro_id, categoria_id) VALUES (288, 10);
INSERT INTO libros (id, titulo, isbn, anio_publicacion, estado, editorial_id) VALUES (289, 'Including type.', '978-1-56741-803-3', 2016, 'perdido', 4);
INSERT INTO libro_autor (libro_id, autor_id) VALUES (289, 3);
INSERT INTO libro_autor (libro_id, autor_id) VALUES (289, 10);
INSERT INTO libro_categoria (libro_id, categoria_id) VALUES (289, 1);
INSERT INTO libros (id, titulo, isbn, anio_publicacion, estado, editorial_id) VALUES (290, 'Turn voice.', '978-0-933078-74-1', 2019, 'activo', 10);
INSERT INTO libro_autor (libro_id, autor_id) VALUES (290, 19);
INSERT INTO libro_categoria (libro_id, categoria_id) VALUES (290, 9);
INSERT INTO libro_categoria (libro_id, categoria_id) VALUES (290, 5);
INSERT INTO libros (id, titulo, isbn, anio_publicacion, estado, editorial_id) VALUES (291, 'Home range.', '978-0-365-41819-1', 2017, 'danado', 3);
INSERT INTO libro_autor (libro_id, autor_id) VALUES (291, 6);
INSERT INTO libro_categoria (libro_id, categoria_id) VALUES (291, 7);
INSERT INTO libro_categoria (libro_id, categoria_id) VALUES (291, 1);
INSERT INTO libros (id, titulo, isbn, anio_publicacion, estado, editorial_id) VALUES (292, 'Two should trip.', '978-1-227-61349-5', 2010, 'danado', 5);
INSERT INTO libro_autor (libro_id, autor_id) VALUES (292, 12);
INSERT INTO libro_autor (libro_id, autor_id) VALUES (292, 18);
INSERT INTO libro_categoria (libro_id, categoria_id) VALUES (292, 5);
INSERT INTO libros (id, titulo, isbn, anio_publicacion, estado, editorial_id) VALUES (293, 'Foot toward concern.', '978-1-171-77858-5', 2019, 'activo', 1);
INSERT INTO libro_autor (libro_id, autor_id) VALUES (293, 2);
INSERT INTO libro_categoria (libro_id, categoria_id) VALUES (293, 3);
INSERT INTO libros (id, titulo, isbn, anio_publicacion, estado, editorial_id) VALUES (294, 'Everyone box.', '978-1-83767-283-7', 1993, 'perdido', 8);
INSERT INTO libro_autor (libro_id, autor_id) VALUES (294, 11);
INSERT INTO libro_autor (libro_id, autor_id) VALUES (294, 3);
INSERT INTO libro_categoria (libro_id, categoria_id) VALUES (294, 3);
INSERT INTO libro_categoria (libro_id, categoria_id) VALUES (294, 1);
INSERT INTO libros (id, titulo, isbn, anio_publicacion, estado, editorial_id) VALUES (295, 'Cost hit.', '978-1-4967-8762-0', 2010, 'danado', 10);
INSERT INTO libro_autor (libro_id, autor_id) VALUES (295, 5);
INSERT INTO libro_autor (libro_id, autor_id) VALUES (295, 14);
INSERT INTO libro_autor (libro_id, autor_id) VALUES (295, 9);
INSERT INTO libro_categoria (libro_id, categoria_id) VALUES (295, 9);
INSERT INTO libros (id, titulo, isbn, anio_publicacion, estado, editorial_id) VALUES (296, 'Service suffer.', '978-1-63550-080-6', 1995, 'activo', 3);
INSERT INTO libro_autor (libro_id, autor_id) VALUES (296, 1);
INSERT INTO libro_autor (libro_id, autor_id) VALUES (296, 4);
INSERT INTO libro_autor (libro_id, autor_id) VALUES (296, 3);
INSERT INTO libro_categoria (libro_id, categoria_id) VALUES (296, 9);
INSERT INTO libro_categoria (libro_id, categoria_id) VALUES (296, 6);
INSERT INTO libros (id, titulo, isbn, anio_publicacion, estado, editorial_id) VALUES (297, 'System security.', '978-0-7625-0396-4', 2001, 'perdido', 3);
INSERT INTO libro_autor (libro_id, autor_id) VALUES (297, 4);
INSERT INTO libro_autor (libro_id, autor_id) VALUES (297, 14);
INSERT INTO libro_autor (libro_id, autor_id) VALUES (297, 18);
INSERT INTO libro_categoria (libro_id, categoria_id) VALUES (297, 9);
INSERT INTO libro_categoria (libro_id, categoria_id) VALUES (297, 3);
INSERT INTO libros (id, titulo, isbn, anio_publicacion, estado, editorial_id) VALUES (298, 'Possible politics develop.', '978-1-63040-784-1', 2015, 'danado', 3);
INSERT INTO libro_autor (libro_id, autor_id) VALUES (298, 17);
INSERT INTO libro_autor (libro_id, autor_id) VALUES (298, 7);
INSERT INTO libro_autor (libro_id, autor_id) VALUES (298, 9);
INSERT INTO libro_categoria (libro_id, categoria_id) VALUES (298, 5);
INSERT INTO libro_categoria (libro_id, categoria_id) VALUES (298, 7);
INSERT INTO libros (id, titulo, isbn, anio_publicacion, estado, editorial_id) VALUES (299, 'Kid change Congress.', '978-0-294-83731-5', 2007, 'danado', 4);
INSERT INTO libro_autor (libro_id, autor_id) VALUES (299, 4);
INSERT INTO libro_categoria (libro_id, categoria_id) VALUES (299, 10);
INSERT INTO libro_categoria (libro_id, categoria_id) VALUES (299, 5);
INSERT INTO libros (id, titulo, isbn, anio_publicacion, estado, editorial_id) VALUES (300, 'Month manage hour.', '978-0-335-56667-9', 1991, 'perdido', 9);
INSERT INTO libro_autor (libro_id, autor_id) VALUES (300, 18);
INSERT INTO libro_autor (libro_id, autor_id) VALUES (300, 11);
INSERT INTO libro_autor (libro_id, autor_id) VALUES (300, 8);
INSERT INTO libro_categoria (libro_id, categoria_id) VALUES (300, 3);
INSERT INTO libros (id, titulo, isbn, anio_publicacion, estado, editorial_id) VALUES (301, 'Capital person consider.', '978-1-908341-66-2', 1996, 'activo', 6);
INSERT INTO libro_autor (libro_id, autor_id) VALUES (301, 4);
INSERT INTO libro_autor (libro_id, autor_id) VALUES (301, 19);
INSERT INTO libro_categoria (libro_id, categoria_id) VALUES (301, 8);
INSERT INTO libro_categoria (libro_id, categoria_id) VALUES (301, 5);
INSERT INTO libros (id, titulo, isbn, anio_publicacion, estado, editorial_id) VALUES (302, 'Year color require.', '978-1-4919-8529-8', 1997, 'perdido', 3);
INSERT INTO libro_autor (libro_id, autor_id) VALUES (302, 8);
INSERT INTO libro_autor (libro_id, autor_id) VALUES (302, 15);
INSERT INTO libro_autor (libro_id, autor_id) VALUES (302, 2);
INSERT INTO libro_categoria (libro_id, categoria_id) VALUES (302, 2);
INSERT INTO libros (id, titulo, isbn, anio_publicacion, estado, editorial_id) VALUES (303, 'Institution model almost.', '978-1-874614-64-7', 2007, 'perdido', 6);
INSERT INTO libro_autor (libro_id, autor_id) VALUES (303, 2);
INSERT INTO libro_autor (libro_id, autor_id) VALUES (303, 11);
INSERT INTO libro_categoria (libro_id, categoria_id) VALUES (303, 7);
INSERT INTO libro_categoria (libro_id, categoria_id) VALUES (303, 6);
INSERT INTO libros (id, titulo, isbn, anio_publicacion, estado, editorial_id) VALUES (304, 'Other middle glass.', '978-0-9610293-4-0', 1994, 'activo', 4);
INSERT INTO libro_autor (libro_id, autor_id) VALUES (304, 20);
INSERT INTO libro_autor (libro_id, autor_id) VALUES (304, 19);
INSERT INTO libro_autor (libro_id, autor_id) VALUES (304, 12);
INSERT INTO libro_categoria (libro_id, categoria_id) VALUES (304, 3);
INSERT INTO libros (id, titulo, isbn, anio_publicacion, estado, editorial_id) VALUES (305, 'Smile who.', '978-0-375-05168-5', 1993, 'danado', 3);
INSERT INTO libro_autor (libro_id, autor_id) VALUES (305, 4);
INSERT INTO libro_autor (libro_id, autor_id) VALUES (305, 19);
INSERT INTO libro_categoria (libro_id, categoria_id) VALUES (305, 7);
INSERT INTO libros (id, titulo, isbn, anio_publicacion, estado, editorial_id) VALUES (306, 'Tree realize.', '978-0-87509-616-2', 2018, 'perdido', 10);
INSERT INTO libro_autor (libro_id, autor_id) VALUES (306, 10);
INSERT INTO libro_autor (libro_id, autor_id) VALUES (306, 19);
INSERT INTO libro_autor (libro_id, autor_id) VALUES (306, 4);
INSERT INTO libro_categoria (libro_id, categoria_id) VALUES (306, 5);
INSERT INTO libros (id, titulo, isbn, anio_publicacion, estado, editorial_id) VALUES (307, 'Minute.', '978-0-560-39124-4', 2014, 'activo', 10);
INSERT INTO libro_autor (libro_id, autor_id) VALUES (307, 13);
INSERT INTO libro_categoria (libro_id, categoria_id) VALUES (307, 9);
INSERT INTO libro_categoria (libro_id, categoria_id) VALUES (307, 2);
INSERT INTO libros (id, titulo, isbn, anio_publicacion, estado, editorial_id) VALUES (308, 'Factor public.', '978-1-871217-45-2', 2003, 'activo', 10);
INSERT INTO libro_autor (libro_id, autor_id) VALUES (308, 11);
INSERT INTO libro_autor (libro_id, autor_id) VALUES (308, 12);
INSERT INTO libro_categoria (libro_id, categoria_id) VALUES (308, 2);
INSERT INTO libros (id, titulo, isbn, anio_publicacion, estado, editorial_id) VALUES (309, 'Raise future same.', '978-0-521-10642-9', 2008, 'perdido', 7);
INSERT INTO libro_autor (libro_id, autor_id) VALUES (309, 3);
INSERT INTO libro_autor (libro_id, autor_id) VALUES (309, 19);
INSERT INTO libro_categoria (libro_id, categoria_id) VALUES (309, 1);
INSERT INTO libros (id, titulo, isbn, anio_publicacion, estado, editorial_id) VALUES (310, 'Process bad.', '978-1-59871-465-4', 2014, 'perdido', 3);
INSERT INTO libro_autor (libro_id, autor_id) VALUES (310, 8);
INSERT INTO libro_categoria (libro_id, categoria_id) VALUES (310, 8);
INSERT INTO libro_categoria (libro_id, categoria_id) VALUES (310, 7);
INSERT INTO libros (id, titulo, isbn, anio_publicacion, estado, editorial_id) VALUES (311, 'Anything successful number.', '978-1-884254-72-7', 2021, 'danado', 3);
INSERT INTO libro_autor (libro_id, autor_id) VALUES (311, 8);
INSERT INTO libro_autor (libro_id, autor_id) VALUES (311, 2);
INSERT INTO libro_categoria (libro_id, categoria_id) VALUES (311, 7);
INSERT INTO libro_categoria (libro_id, categoria_id) VALUES (311, 10);
INSERT INTO libros (id, titulo, isbn, anio_publicacion, estado, editorial_id) VALUES (312, 'Process view.', '978-0-695-48742-3', 2015, 'danado', 7);
INSERT INTO libro_autor (libro_id, autor_id) VALUES (312, 16);
INSERT INTO libro_autor (libro_id, autor_id) VALUES (312, 14);
INSERT INTO libro_categoria (libro_id, categoria_id) VALUES (312, 3);
INSERT INTO libros (id, titulo, isbn, anio_publicacion, estado, editorial_id) VALUES (313, 'Baby bar.', '978-0-16-767121-3', 2022, 'perdido', 7);
INSERT INTO libro_autor (libro_id, autor_id) VALUES (313, 3);
INSERT INTO libro_autor (libro_id, autor_id) VALUES (313, 4);
INSERT INTO libro_categoria (libro_id, categoria_id) VALUES (313, 5);
INSERT INTO libro_categoria (libro_id, categoria_id) VALUES (313, 8);
INSERT INTO libros (id, titulo, isbn, anio_publicacion, estado, editorial_id) VALUES (314, 'Religious production although.', '978-1-73059-464-9', 2019, 'perdido', 3);
INSERT INTO libro_autor (libro_id, autor_id) VALUES (314, 13);
INSERT INTO libro_autor (libro_id, autor_id) VALUES (314, 18);
INSERT INTO libro_autor (libro_id, autor_id) VALUES (314, 15);
INSERT INTO libro_categoria (libro_id, categoria_id) VALUES (314, 10);
INSERT INTO libros (id, titulo, isbn, anio_publicacion, estado, editorial_id) VALUES (315, 'Protect point.', '978-0-238-16874-1', 2003, 'activo', 3);
INSERT INTO libro_autor (libro_id, autor_id) VALUES (315, 9);
INSERT INTO libro_autor (libro_id, autor_id) VALUES (315, 1);
INSERT INTO libro_autor (libro_id, autor_id) VALUES (315, 14);
INSERT INTO libro_categoria (libro_id, categoria_id) VALUES (315, 3);
INSERT INTO libros (id, titulo, isbn, anio_publicacion, estado, editorial_id) VALUES (316, 'Health than main.', '978-1-02-768937-9', 2007, 'danado', 4);
INSERT INTO libro_autor (libro_id, autor_id) VALUES (316, 8);
INSERT INTO libro_autor (libro_id, autor_id) VALUES (316, 10);
INSERT INTO libro_categoria (libro_id, categoria_id) VALUES (316, 2);
INSERT INTO libros (id, titulo, isbn, anio_publicacion, estado, editorial_id) VALUES (317, 'Pm ground camera.', '978-1-57910-949-3', 2021, 'activo', 10);
INSERT INTO libro_autor (libro_id, autor_id) VALUES (317, 7);
INSERT INTO libro_autor (libro_id, autor_id) VALUES (317, 10);
INSERT INTO libro_categoria (libro_id, categoria_id) VALUES (317, 5);
INSERT INTO libro_categoria (libro_id, categoria_id) VALUES (317, 2);
INSERT INTO libros (id, titulo, isbn, anio_publicacion, estado, editorial_id) VALUES (318, 'Artist risk.', '978-0-8113-9087-3', 2012, 'danado', 8);
INSERT INTO libro_autor (libro_id, autor_id) VALUES (318, 13);
INSERT INTO libro_categoria (libro_id, categoria_id) VALUES (318, 3);
INSERT INTO libro_categoria (libro_id, categoria_id) VALUES (318, 9);
INSERT INTO libros (id, titulo, isbn, anio_publicacion, estado, editorial_id) VALUES (319, 'Hit election memory.', '978-0-12-003556-4', 2001, 'danado', 7);
INSERT INTO libro_autor (libro_id, autor_id) VALUES (319, 13);
INSERT INTO libro_autor (libro_id, autor_id) VALUES (319, 9);
INSERT INTO libro_autor (libro_id, autor_id) VALUES (319, 4);
INSERT INTO libro_categoria (libro_id, categoria_id) VALUES (319, 10);
INSERT INTO libro_categoria (libro_id, categoria_id) VALUES (319, 1);
INSERT INTO libros (id, titulo, isbn, anio_publicacion, estado, editorial_id) VALUES (320, 'Expect trade.', '978-1-356-38729-8', 2004, 'activo', 4);
INSERT INTO libro_autor (libro_id, autor_id) VALUES (320, 1);
INSERT INTO libro_categoria (libro_id, categoria_id) VALUES (320, 4);
INSERT INTO libro_categoria (libro_id, categoria_id) VALUES (320, 9);
INSERT INTO libros (id, titulo, isbn, anio_publicacion, estado, editorial_id) VALUES (321, 'Sure education.', '978-0-9962354-7-1', 1993, 'danado', 1);
INSERT INTO libro_autor (libro_id, autor_id) VALUES (321, 13);
INSERT INTO libro_autor (libro_id, autor_id) VALUES (321, 3);
INSERT INTO libro_autor (libro_id, autor_id) VALUES (321, 7);
INSERT INTO libro_categoria (libro_id, categoria_id) VALUES (321, 6);
INSERT INTO libro_categoria (libro_id, categoria_id) VALUES (321, 3);
INSERT INTO libros (id, titulo, isbn, anio_publicacion, estado, editorial_id) VALUES (322, 'Candidate plant.', '978-1-4490-1017-1', 2011, 'activo', 6);
INSERT INTO libro_autor (libro_id, autor_id) VALUES (322, 13);
INSERT INTO libro_autor (libro_id, autor_id) VALUES (322, 6);
INSERT INTO libro_categoria (libro_id, categoria_id) VALUES (322, 2);
INSERT INTO libros (id, titulo, isbn, anio_publicacion, estado, editorial_id) VALUES (323, 'Entire become.', '978-0-602-72095-7', 2009, 'danado', 3);
INSERT INTO libro_autor (libro_id, autor_id) VALUES (323, 8);
INSERT INTO libro_autor (libro_id, autor_id) VALUES (323, 1);
INSERT INTO libro_categoria (libro_id, categoria_id) VALUES (323, 7);
INSERT INTO libros (id, titulo, isbn, anio_publicacion, estado, editorial_id) VALUES (324, 'International late campaign.', '978-1-121-24819-9', 2010, 'danado', 10);
INSERT INTO libro_autor (libro_id, autor_id) VALUES (324, 5);
INSERT INTO libro_autor (libro_id, autor_id) VALUES (324, 12);
INSERT INTO libro_autor (libro_id, autor_id) VALUES (324, 7);
INSERT INTO libro_categoria (libro_id, categoria_id) VALUES (324, 9);
INSERT INTO libro_categoria (libro_id, categoria_id) VALUES (324, 10);
INSERT INTO libros (id, titulo, isbn, anio_publicacion, estado, editorial_id) VALUES (325, 'Sound section current.', '978-0-480-03672-0', 2020, 'activo', 9);
INSERT INTO libro_autor (libro_id, autor_id) VALUES (325, 12);
INSERT INTO libro_categoria (libro_id, categoria_id) VALUES (325, 4);
INSERT INTO libros (id, titulo, isbn, anio_publicacion, estado, editorial_id) VALUES (326, 'Memory treatment.', '978-1-04-870535-5', 2001, 'activo', 2);
INSERT INTO libro_autor (libro_id, autor_id) VALUES (326, 16);
INSERT INTO libro_autor (libro_id, autor_id) VALUES (326, 6);
INSERT INTO libro_autor (libro_id, autor_id) VALUES (326, 4);
INSERT INTO libro_categoria (libro_id, categoria_id) VALUES (326, 4);
INSERT INTO libros (id, titulo, isbn, anio_publicacion, estado, editorial_id) VALUES (327, 'Eat avoid.', '978-0-601-18831-4', 1994, 'activo', 10);
INSERT INTO libro_autor (libro_id, autor_id) VALUES (327, 5);
INSERT INTO libro_autor (libro_id, autor_id) VALUES (327, 11);
INSERT INTO libro_autor (libro_id, autor_id) VALUES (327, 7);
INSERT INTO libro_categoria (libro_id, categoria_id) VALUES (327, 9);
INSERT INTO libro_categoria (libro_id, categoria_id) VALUES (327, 3);
INSERT INTO libros (id, titulo, isbn, anio_publicacion, estado, editorial_id) VALUES (328, 'Maintain political green.', '978-1-322-81011-9', 2015, 'perdido', 3);
INSERT INTO libro_autor (libro_id, autor_id) VALUES (328, 17);
INSERT INTO libro_autor (libro_id, autor_id) VALUES (328, 18);
INSERT INTO libro_categoria (libro_id, categoria_id) VALUES (328, 1);
INSERT INTO libros (id, titulo, isbn, anio_publicacion, estado, editorial_id) VALUES (329, 'Before huge let.', '978-1-66833-946-6', 2007, 'danado', 2);
INSERT INTO libro_autor (libro_id, autor_id) VALUES (329, 20);
INSERT INTO libro_autor (libro_id, autor_id) VALUES (329, 9);
INSERT INTO libro_autor (libro_id, autor_id) VALUES (329, 5);
INSERT INTO libro_categoria (libro_id, categoria_id) VALUES (329, 6);
INSERT INTO libro_categoria (libro_id, categoria_id) VALUES (329, 5);
INSERT INTO libros (id, titulo, isbn, anio_publicacion, estado, editorial_id) VALUES (330, 'Cover manager contain standard.', '978-0-17-226767-8', 1993, 'activo', 7);
INSERT INTO libro_autor (libro_id, autor_id) VALUES (330, 9);
INSERT INTO libro_autor (libro_id, autor_id) VALUES (330, 5);
INSERT INTO libro_autor (libro_id, autor_id) VALUES (330, 8);
INSERT INTO libro_categoria (libro_id, categoria_id) VALUES (330, 10);
INSERT INTO libros (id, titulo, isbn, anio_publicacion, estado, editorial_id) VALUES (331, 'Happen space yeah.', '978-1-4009-5741-5', 2020, 'perdido', 1);
INSERT INTO libro_autor (libro_id, autor_id) VALUES (331, 18);
INSERT INTO libro_categoria (libro_id, categoria_id) VALUES (331, 8);
INSERT INTO libros (id, titulo, isbn, anio_publicacion, estado, editorial_id) VALUES (332, 'Mission as push.', '978-0-273-75266-0', 2017, 'activo', 1);
INSERT INTO libro_autor (libro_id, autor_id) VALUES (332, 10);
INSERT INTO libro_autor (libro_id, autor_id) VALUES (332, 13);
INSERT INTO libro_autor (libro_id, autor_id) VALUES (332, 20);
INSERT INTO libro_categoria (libro_id, categoria_id) VALUES (332, 2);
INSERT INTO libro_categoria (libro_id, categoria_id) VALUES (332, 9);
INSERT INTO libros (id, titulo, isbn, anio_publicacion, estado, editorial_id) VALUES (333, 'Yet determine.', '978-0-327-30161-5', 2009, 'activo', 3);
INSERT INTO libro_autor (libro_id, autor_id) VALUES (333, 13);
INSERT INTO libro_autor (libro_id, autor_id) VALUES (333, 1);
INSERT INTO libro_categoria (libro_id, categoria_id) VALUES (333, 7);
INSERT INTO libros (id, titulo, isbn, anio_publicacion, estado, editorial_id) VALUES (334, 'Special tonight stay.', '978-0-01-217727-3', 1999, 'danado', 9);
INSERT INTO libro_autor (libro_id, autor_id) VALUES (334, 1);
INSERT INTO libro_autor (libro_id, autor_id) VALUES (334, 2);
INSERT INTO libro_categoria (libro_id, categoria_id) VALUES (334, 4);
INSERT INTO libro_categoria (libro_id, categoria_id) VALUES (334, 9);
INSERT INTO libros (id, titulo, isbn, anio_publicacion, estado, editorial_id) VALUES (335, 'Movie.', '978-1-5256-3759-9', 2007, 'activo', 5);
INSERT INTO libro_autor (libro_id, autor_id) VALUES (335, 6);
INSERT INTO libro_autor (libro_id, autor_id) VALUES (335, 17);
INSERT INTO libro_autor (libro_id, autor_id) VALUES (335, 20);
INSERT INTO libro_categoria (libro_id, categoria_id) VALUES (335, 5);
INSERT INTO libro_categoria (libro_id, categoria_id) VALUES (335, 4);
INSERT INTO libros (id, titulo, isbn, anio_publicacion, estado, editorial_id) VALUES (336, 'Customer watch.', '978-0-7686-1944-7', 1991, 'perdido', 9);
INSERT INTO libro_autor (libro_id, autor_id) VALUES (336, 6);
INSERT INTO libro_autor (libro_id, autor_id) VALUES (336, 4);
INSERT INTO libro_autor (libro_id, autor_id) VALUES (336, 17);
INSERT INTO libro_categoria (libro_id, categoria_id) VALUES (336, 8);
INSERT INTO libros (id, titulo, isbn, anio_publicacion, estado, editorial_id) VALUES (337, 'About with.', '978-0-226-47819-7', 2015, 'activo', 3);
INSERT INTO libro_autor (libro_id, autor_id) VALUES (337, 5);
INSERT INTO libro_categoria (libro_id, categoria_id) VALUES (337, 8);
INSERT INTO libro_categoria (libro_id, categoria_id) VALUES (337, 9);
INSERT INTO libros (id, titulo, isbn, anio_publicacion, estado, editorial_id) VALUES (338, 'Vote field.', '978-1-873778-76-0', 2023, 'danado', 9);
INSERT INTO libro_autor (libro_id, autor_id) VALUES (338, 1);
INSERT INTO libro_autor (libro_id, autor_id) VALUES (338, 20);
INSERT INTO libro_autor (libro_id, autor_id) VALUES (338, 4);
INSERT INTO libro_categoria (libro_id, categoria_id) VALUES (338, 1);
INSERT INTO libro_categoria (libro_id, categoria_id) VALUES (338, 4);
INSERT INTO libros (id, titulo, isbn, anio_publicacion, estado, editorial_id) VALUES (339, 'Woman into kitchen.', '978-0-301-41318-1', 2003, 'perdido', 5);
INSERT INTO libro_autor (libro_id, autor_id) VALUES (339, 16);
INSERT INTO libro_categoria (libro_id, categoria_id) VALUES (339, 3);
INSERT INTO libros (id, titulo, isbn, anio_publicacion, estado, editorial_id) VALUES (340, 'Write central voice week.', '978-0-246-30740-8', 2008, 'perdido', 8);
INSERT INTO libro_autor (libro_id, autor_id) VALUES (340, 15);
INSERT INTO libro_categoria (libro_id, categoria_id) VALUES (340, 8);
INSERT INTO libros (id, titulo, isbn, anio_publicacion, estado, editorial_id) VALUES (341, 'Note American.', '978-1-4959-8739-7', 1992, 'activo', 5);
INSERT INTO libro_autor (libro_id, autor_id) VALUES (341, 14);
INSERT INTO libro_autor (libro_id, autor_id) VALUES (341, 13);
INSERT INTO libro_autor (libro_id, autor_id) VALUES (341, 2);
INSERT INTO libro_categoria (libro_id, categoria_id) VALUES (341, 3);
INSERT INTO libros (id, titulo, isbn, anio_publicacion, estado, editorial_id) VALUES (342, 'Stand body interesting fund.', '978-1-75783-720-0', 2007, 'perdido', 6);
INSERT INTO libro_autor (libro_id, autor_id) VALUES (342, 18);
INSERT INTO libro_categoria (libro_id, categoria_id) VALUES (342, 1);
INSERT INTO libros (id, titulo, isbn, anio_publicacion, estado, editorial_id) VALUES (343, 'Turn benefit.', '978-0-15-312657-4', 2007, 'perdido', 2);
INSERT INTO libro_autor (libro_id, autor_id) VALUES (343, 10);
INSERT INTO libro_autor (libro_id, autor_id) VALUES (343, 15);
INSERT INTO libro_categoria (libro_id, categoria_id) VALUES (343, 8);
INSERT INTO libros (id, titulo, isbn, anio_publicacion, estado, editorial_id) VALUES (344, 'Off find once.', '978-0-8131-4638-6', 2016, 'activo', 5);
INSERT INTO libro_autor (libro_id, autor_id) VALUES (344, 2);
INSERT INTO libro_autor (libro_id, autor_id) VALUES (344, 12);
INSERT INTO libro_categoria (libro_id, categoria_id) VALUES (344, 8);
INSERT INTO libros (id, titulo, isbn, anio_publicacion, estado, editorial_id) VALUES (345, 'Air fish language get.', '978-1-08-273809-8', 2023, 'perdido', 5);
INSERT INTO libro_autor (libro_id, autor_id) VALUES (345, 3);
INSERT INTO libro_autor (libro_id, autor_id) VALUES (345, 10);
INSERT INTO libro_categoria (libro_id, categoria_id) VALUES (345, 3);
INSERT INTO libros (id, titulo, isbn, anio_publicacion, estado, editorial_id) VALUES (346, 'Nature ever.', '978-0-87252-545-0', 1990, 'danado', 4);
INSERT INTO libro_autor (libro_id, autor_id) VALUES (346, 4);
INSERT INTO libro_autor (libro_id, autor_id) VALUES (346, 1);
INSERT INTO libro_autor (libro_id, autor_id) VALUES (346, 8);
INSERT INTO libro_categoria (libro_id, categoria_id) VALUES (346, 10);
INSERT INTO libros (id, titulo, isbn, anio_publicacion, estado, editorial_id) VALUES (347, 'Final certain else.', '978-0-498-49206-8', 2022, 'perdido', 2);
INSERT INTO libro_autor (libro_id, autor_id) VALUES (347, 7);
INSERT INTO libro_categoria (libro_id, categoria_id) VALUES (347, 6);
INSERT INTO libro_categoria (libro_id, categoria_id) VALUES (347, 2);
INSERT INTO libros (id, titulo, isbn, anio_publicacion, estado, editorial_id) VALUES (348, 'Race back generation.', '978-1-997274-20-9', 2019, 'perdido', 9);
INSERT INTO libro_autor (libro_id, autor_id) VALUES (348, 15);
INSERT INTO libro_autor (libro_id, autor_id) VALUES (348, 6);
INSERT INTO libro_categoria (libro_id, categoria_id) VALUES (348, 7);
INSERT INTO libros (id, titulo, isbn, anio_publicacion, estado, editorial_id) VALUES (349, 'Quite picture soon.', '978-1-303-35579-0', 1994, 'activo', 2);
INSERT INTO libro_autor (libro_id, autor_id) VALUES (349, 15);
INSERT INTO libro_autor (libro_id, autor_id) VALUES (349, 6);
INSERT INTO libro_categoria (libro_id, categoria_id) VALUES (349, 1);
INSERT INTO libro_categoria (libro_id, categoria_id) VALUES (349, 5);
INSERT INTO libros (id, titulo, isbn, anio_publicacion, estado, editorial_id) VALUES (350, 'Wind everybody even.', '978-0-8241-5724-1', 1998, 'perdido', 9);
INSERT INTO libro_autor (libro_id, autor_id) VALUES (350, 19);
INSERT INTO libro_autor (libro_id, autor_id) VALUES (350, 7);
INSERT INTO libro_autor (libro_id, autor_id) VALUES (350, 10);
INSERT INTO libro_categoria (libro_id, categoria_id) VALUES (350, 9);
INSERT INTO libro_categoria (libro_id, categoria_id) VALUES (350, 8);
INSERT INTO libros (id, titulo, isbn, anio_publicacion, estado, editorial_id) VALUES (351, 'Often.', '978-1-70581-510-6', 1991, 'activo', 6);
INSERT INTO libro_autor (libro_id, autor_id) VALUES (351, 11);
INSERT INTO libro_categoria (libro_id, categoria_id) VALUES (351, 10);
INSERT INTO libros (id, titulo, isbn, anio_publicacion, estado, editorial_id) VALUES (352, 'Range.', '978-1-5350-8864-0', 1997, 'perdido', 3);
INSERT INTO libro_autor (libro_id, autor_id) VALUES (352, 14);
INSERT INTO libro_autor (libro_id, autor_id) VALUES (352, 2);
INSERT INTO libro_autor (libro_id, autor_id) VALUES (352, 3);
INSERT INTO libro_categoria (libro_id, categoria_id) VALUES (352, 4);
INSERT INTO libros (id, titulo, isbn, anio_publicacion, estado, editorial_id) VALUES (353, 'Concern.', '978-0-313-23285-5', 2021, 'danado', 8);
INSERT INTO libro_autor (libro_id, autor_id) VALUES (353, 14);
INSERT INTO libro_autor (libro_id, autor_id) VALUES (353, 8);
INSERT INTO libro_categoria (libro_id, categoria_id) VALUES (353, 9);
INSERT INTO libro_categoria (libro_id, categoria_id) VALUES (353, 4);
INSERT INTO libros (id, titulo, isbn, anio_publicacion, estado, editorial_id) VALUES (354, 'Half plant.', '978-0-10-234390-8', 2003, 'danado', 4);
INSERT INTO libro_autor (libro_id, autor_id) VALUES (354, 9);
INSERT INTO libro_categoria (libro_id, categoria_id) VALUES (354, 2);
INSERT INTO libros (id, titulo, isbn, anio_publicacion, estado, editorial_id) VALUES (355, 'Clear.', '978-0-18-421794-4', 2015, 'perdido', 1);
INSERT INTO libro_autor (libro_id, autor_id) VALUES (355, 13);
INSERT INTO libro_autor (libro_id, autor_id) VALUES (355, 16);
INSERT INTO libro_autor (libro_id, autor_id) VALUES (355, 12);
INSERT INTO libro_categoria (libro_id, categoria_id) VALUES (355, 6);
INSERT INTO libro_categoria (libro_id, categoria_id) VALUES (355, 7);
INSERT INTO libros (id, titulo, isbn, anio_publicacion, estado, editorial_id) VALUES (356, 'Dream capital.', '978-1-296-32890-0', 2021, 'activo', 9);
INSERT INTO libro_autor (libro_id, autor_id) VALUES (356, 3);
INSERT INTO libro_autor (libro_id, autor_id) VALUES (356, 10);
INSERT INTO libro_categoria (libro_id, categoria_id) VALUES (356, 1);
INSERT INTO libros (id, titulo, isbn, anio_publicacion, estado, editorial_id) VALUES (357, 'State election.', '978-0-9548196-2-0', 1993, 'perdido', 9);
INSERT INTO libro_autor (libro_id, autor_id) VALUES (357, 13);
INSERT INTO libro_autor (libro_id, autor_id) VALUES (357, 3);
INSERT INTO libro_autor (libro_id, autor_id) VALUES (357, 16);
INSERT INTO libro_categoria (libro_id, categoria_id) VALUES (357, 1);
INSERT INTO libros (id, titulo, isbn, anio_publicacion, estado, editorial_id) VALUES (358, 'Unit early police.', '978-1-08-868545-7', 2012, 'perdido', 8);
INSERT INTO libro_autor (libro_id, autor_id) VALUES (358, 13);
INSERT INTO libro_categoria (libro_id, categoria_id) VALUES (358, 10);
INSERT INTO libro_categoria (libro_id, categoria_id) VALUES (358, 9);
INSERT INTO libros (id, titulo, isbn, anio_publicacion, estado, editorial_id) VALUES (359, 'Measure.', '978-0-621-53102-2', 2020, 'danado', 1);
INSERT INTO libro_autor (libro_id, autor_id) VALUES (359, 13);
INSERT INTO libro_autor (libro_id, autor_id) VALUES (359, 20);
INSERT INTO libro_categoria (libro_id, categoria_id) VALUES (359, 8);
INSERT INTO libro_categoria (libro_id, categoria_id) VALUES (359, 3);
INSERT INTO libros (id, titulo, isbn, anio_publicacion, estado, editorial_id) VALUES (360, 'Follow hear.', '978-1-08-872591-7', 1997, 'perdido', 2);
INSERT INTO libro_autor (libro_id, autor_id) VALUES (360, 15);
INSERT INTO libro_autor (libro_id, autor_id) VALUES (360, 10);
INSERT INTO libro_categoria (libro_id, categoria_id) VALUES (360, 6);
INSERT INTO libro_categoria (libro_id, categoria_id) VALUES (360, 10);
INSERT INTO libros (id, titulo, isbn, anio_publicacion, estado, editorial_id) VALUES (361, 'Remain approach.', '978-1-126-27126-0', 1999, 'activo', 8);
INSERT INTO libro_autor (libro_id, autor_id) VALUES (361, 17);
INSERT INTO libro_autor (libro_id, autor_id) VALUES (361, 14);
INSERT INTO libro_categoria (libro_id, categoria_id) VALUES (361, 7);
INSERT INTO libro_categoria (libro_id, categoria_id) VALUES (361, 4);
INSERT INTO libros (id, titulo, isbn, anio_publicacion, estado, editorial_id) VALUES (362, 'Learn.', '978-0-378-24550-0', 2019, 'danado', 5);
INSERT INTO libro_autor (libro_id, autor_id) VALUES (362, 10);
INSERT INTO libro_categoria (libro_id, categoria_id) VALUES (362, 5);
INSERT INTO libro_categoria (libro_id, categoria_id) VALUES (362, 2);
INSERT INTO libros (id, titulo, isbn, anio_publicacion, estado, editorial_id) VALUES (363, 'Fish prevent.', '978-0-229-81831-0', 1990, 'activo', 8);
INSERT INTO libro_autor (libro_id, autor_id) VALUES (363, 10);
INSERT INTO libro_categoria (libro_id, categoria_id) VALUES (363, 8);
INSERT INTO libros (id, titulo, isbn, anio_publicacion, estado, editorial_id) VALUES (364, 'Professional suggest market picture.', '978-0-456-64505-5', 1992, 'danado', 3);
INSERT INTO libro_autor (libro_id, autor_id) VALUES (364, 9);
INSERT INTO libro_autor (libro_id, autor_id) VALUES (364, 18);
INSERT INTO libro_autor (libro_id, autor_id) VALUES (364, 13);
INSERT INTO libro_categoria (libro_id, categoria_id) VALUES (364, 5);
INSERT INTO libros (id, titulo, isbn, anio_publicacion, estado, editorial_id) VALUES (365, 'Team police drop.', '978-1-9820-2550-2', 2021, 'activo', 5);
INSERT INTO libro_autor (libro_id, autor_id) VALUES (365, 4);
INSERT INTO libro_autor (libro_id, autor_id) VALUES (365, 2);
INSERT INTO libro_categoria (libro_id, categoria_id) VALUES (365, 7);
INSERT INTO libro_categoria (libro_id, categoria_id) VALUES (365, 4);
INSERT INTO libros (id, titulo, isbn, anio_publicacion, estado, editorial_id) VALUES (366, 'Case return.', '978-0-639-01945-1', 2009, 'danado', 1);
INSERT INTO libro_autor (libro_id, autor_id) VALUES (366, 18);
INSERT INTO libro_autor (libro_id, autor_id) VALUES (366, 19);
INSERT INTO libro_autor (libro_id, autor_id) VALUES (366, 5);
INSERT INTO libro_categoria (libro_id, categoria_id) VALUES (366, 8);
INSERT INTO libros (id, titulo, isbn, anio_publicacion, estado, editorial_id) VALUES (367, 'Tonight large.', '978-1-69375-089-2', 1994, 'danado', 1);
INSERT INTO libro_autor (libro_id, autor_id) VALUES (367, 16);
INSERT INTO libro_categoria (libro_id, categoria_id) VALUES (367, 5);
INSERT INTO libros (id, titulo, isbn, anio_publicacion, estado, editorial_id) VALUES (368, 'Knowledge decide create.', '978-0-502-28925-7', 2014, 'activo', 4);
INSERT INTO libro_autor (libro_id, autor_id) VALUES (368, 3);
INSERT INTO libro_autor (libro_id, autor_id) VALUES (368, 1);
INSERT INTO libro_categoria (libro_id, categoria_id) VALUES (368, 5);
INSERT INTO libro_categoria (libro_id, categoria_id) VALUES (368, 4);
INSERT INTO libros (id, titulo, isbn, anio_publicacion, estado, editorial_id) VALUES (369, 'Maintain nice white.', '978-0-9897643-0-8', 2014, 'danado', 1);
INSERT INTO libro_autor (libro_id, autor_id) VALUES (369, 9);
INSERT INTO libro_autor (libro_id, autor_id) VALUES (369, 1);
INSERT INTO libro_autor (libro_id, autor_id) VALUES (369, 6);
INSERT INTO libro_categoria (libro_id, categoria_id) VALUES (369, 4);
INSERT INTO libro_categoria (libro_id, categoria_id) VALUES (369, 7);
INSERT INTO libros (id, titulo, isbn, anio_publicacion, estado, editorial_id) VALUES (370, 'Part management true.', '978-0-19-565883-5', 2018, 'danado', 2);
INSERT INTO libro_autor (libro_id, autor_id) VALUES (370, 17);
INSERT INTO libro_categoria (libro_id, categoria_id) VALUES (370, 8);
INSERT INTO libro_categoria (libro_id, categoria_id) VALUES (370, 5);
INSERT INTO libros (id, titulo, isbn, anio_publicacion, estado, editorial_id) VALUES (371, 'Remember early stop.', '978-0-7188-1438-0', 2002, 'danado', 5);
INSERT INTO libro_autor (libro_id, autor_id) VALUES (371, 11);
INSERT INTO libro_categoria (libro_id, categoria_id) VALUES (371, 6);
INSERT INTO libro_categoria (libro_id, categoria_id) VALUES (371, 10);
INSERT INTO libros (id, titulo, isbn, anio_publicacion, estado, editorial_id) VALUES (372, 'Relate two grow.', '978-1-5113-5512-4', 2013, 'danado', 10);
INSERT INTO libro_autor (libro_id, autor_id) VALUES (372, 4);
INSERT INTO libro_autor (libro_id, autor_id) VALUES (372, 12);
INSERT INTO libro_autor (libro_id, autor_id) VALUES (372, 2);
INSERT INTO libro_categoria (libro_id, categoria_id) VALUES (372, 8);
INSERT INTO libro_categoria (libro_id, categoria_id) VALUES (372, 7);
INSERT INTO libros (id, titulo, isbn, anio_publicacion, estado, editorial_id) VALUES (373, 'Perhaps because exist.', '978-1-157-78181-3', 2002, 'perdido', 3);
INSERT INTO libro_autor (libro_id, autor_id) VALUES (373, 14);
INSERT INTO libro_categoria (libro_id, categoria_id) VALUES (373, 3);
INSERT INTO libro_categoria (libro_id, categoria_id) VALUES (373, 4);
INSERT INTO libros (id, titulo, isbn, anio_publicacion, estado, editorial_id) VALUES (374, 'Reach purpose yourself.', '978-0-271-42489-7', 1996, 'danado', 8);
INSERT INTO libro_autor (libro_id, autor_id) VALUES (374, 19);
INSERT INTO libro_categoria (libro_id, categoria_id) VALUES (374, 3);
INSERT INTO libros (id, titulo, isbn, anio_publicacion, estado, editorial_id) VALUES (375, 'Candidate firm.', '978-1-65399-707-7', 2013, 'danado', 2);
INSERT INTO libro_autor (libro_id, autor_id) VALUES (375, 3);
INSERT INTO libro_autor (libro_id, autor_id) VALUES (375, 1);
INSERT INTO libro_autor (libro_id, autor_id) VALUES (375, 16);
INSERT INTO libro_categoria (libro_id, categoria_id) VALUES (375, 8);
INSERT INTO libro_categoria (libro_id, categoria_id) VALUES (375, 1);
INSERT INTO libros (id, titulo, isbn, anio_publicacion, estado, editorial_id) VALUES (376, 'Worker rather none.', '978-1-338-42310-5', 1992, 'activo', 5);
INSERT INTO libro_autor (libro_id, autor_id) VALUES (376, 8);
INSERT INTO libro_categoria (libro_id, categoria_id) VALUES (376, 5);
INSERT INTO libros (id, titulo, isbn, anio_publicacion, estado, editorial_id) VALUES (377, 'Past radio soldier.', '978-0-7007-9442-3', 2023, 'activo', 2);
INSERT INTO libro_autor (libro_id, autor_id) VALUES (377, 15);
INSERT INTO libro_autor (libro_id, autor_id) VALUES (377, 14);
INSERT INTO libro_autor (libro_id, autor_id) VALUES (377, 17);
INSERT INTO libro_categoria (libro_id, categoria_id) VALUES (377, 9);
INSERT INTO libros (id, titulo, isbn, anio_publicacion, estado, editorial_id) VALUES (378, 'Show after would.', '978-1-86169-918-3', 2021, 'perdido', 7);
INSERT INTO libro_autor (libro_id, autor_id) VALUES (378, 7);
INSERT INTO libro_autor (libro_id, autor_id) VALUES (378, 10);
INSERT INTO libro_categoria (libro_id, categoria_id) VALUES (378, 10);
INSERT INTO libros (id, titulo, isbn, anio_publicacion, estado, editorial_id) VALUES (379, 'Memory budget.', '978-0-348-16501-2', 2004, 'activo', 6);
INSERT INTO libro_autor (libro_id, autor_id) VALUES (379, 20);
INSERT INTO libro_autor (libro_id, autor_id) VALUES (379, 14);
INSERT INTO libro_categoria (libro_id, categoria_id) VALUES (379, 6);
INSERT INTO libros (id, titulo, isbn, anio_publicacion, estado, editorial_id) VALUES (380, 'White develop local.', '978-1-04-200687-8', 2021, 'perdido', 5);
INSERT INTO libro_autor (libro_id, autor_id) VALUES (380, 4);
INSERT INTO libro_autor (libro_id, autor_id) VALUES (380, 16);
INSERT INTO libro_autor (libro_id, autor_id) VALUES (380, 17);
INSERT INTO libro_categoria (libro_id, categoria_id) VALUES (380, 7);
INSERT INTO libros (id, titulo, isbn, anio_publicacion, estado, editorial_id) VALUES (381, 'Fish here see treatment.', '978-0-16-673599-2', 2006, 'activo', 9);
INSERT INTO libro_autor (libro_id, autor_id) VALUES (381, 4);
INSERT INTO libro_categoria (libro_id, categoria_id) VALUES (381, 6);
INSERT INTO libro_categoria (libro_id, categoria_id) VALUES (381, 8);
INSERT INTO libros (id, titulo, isbn, anio_publicacion, estado, editorial_id) VALUES (382, 'Me there attack.', '978-1-301-04609-6', 2022, 'perdido', 6);
INSERT INTO libro_autor (libro_id, autor_id) VALUES (382, 17);
INSERT INTO libro_categoria (libro_id, categoria_id) VALUES (382, 8);
INSERT INTO libros (id, titulo, isbn, anio_publicacion, estado, editorial_id) VALUES (383, 'Reach success recently sport.', '978-0-7512-0151-2', 2013, 'danado', 10);
INSERT INTO libro_autor (libro_id, autor_id) VALUES (383, 15);
INSERT INTO libro_categoria (libro_id, categoria_id) VALUES (383, 6);
INSERT INTO libro_categoria (libro_id, categoria_id) VALUES (383, 2);
INSERT INTO libros (id, titulo, isbn, anio_publicacion, estado, editorial_id) VALUES (384, 'Miss name order.', '978-0-385-72543-9', 2013, 'danado', 2);
INSERT INTO libro_autor (libro_id, autor_id) VALUES (384, 14);
INSERT INTO libro_categoria (libro_id, categoria_id) VALUES (384, 6);
INSERT INTO libro_categoria (libro_id, categoria_id) VALUES (384, 8);
INSERT INTO libros (id, titulo, isbn, anio_publicacion, estado, editorial_id) VALUES (385, 'International more.', '978-0-413-55977-7', 2000, 'danado', 10);
INSERT INTO libro_autor (libro_id, autor_id) VALUES (385, 12);
INSERT INTO libro_autor (libro_id, autor_id) VALUES (385, 9);
INSERT INTO libro_autor (libro_id, autor_id) VALUES (385, 4);
INSERT INTO libro_categoria (libro_id, categoria_id) VALUES (385, 9);
INSERT INTO libro_categoria (libro_id, categoria_id) VALUES (385, 3);
INSERT INTO libros (id, titulo, isbn, anio_publicacion, estado, editorial_id) VALUES (386, 'Board eye speech.', '978-0-8206-9935-6', 1993, 'perdido', 10);
INSERT INTO libro_autor (libro_id, autor_id) VALUES (386, 3);
INSERT INTO libro_autor (libro_id, autor_id) VALUES (386, 6);
INSERT INTO libro_autor (libro_id, autor_id) VALUES (386, 8);
INSERT INTO libro_categoria (libro_id, categoria_id) VALUES (386, 5);
INSERT INTO libro_categoria (libro_id, categoria_id) VALUES (386, 2);
INSERT INTO libros (id, titulo, isbn, anio_publicacion, estado, editorial_id) VALUES (387, 'Wind language question.', '978-0-17-454380-0', 1991, 'activo', 3);
INSERT INTO libro_autor (libro_id, autor_id) VALUES (387, 14);
INSERT INTO libro_autor (libro_id, autor_id) VALUES (387, 19);
INSERT INTO libro_autor (libro_id, autor_id) VALUES (387, 4);
INSERT INTO libro_categoria (libro_id, categoria_id) VALUES (387, 7);
INSERT INTO libro_categoria (libro_id, categoria_id) VALUES (387, 9);
INSERT INTO libros (id, titulo, isbn, anio_publicacion, estado, editorial_id) VALUES (388, 'Above whose.', '978-1-175-31948-7', 1991, 'activo', 7);
INSERT INTO libro_autor (libro_id, autor_id) VALUES (388, 11);
INSERT INTO libro_categoria (libro_id, categoria_id) VALUES (388, 7);
INSERT INTO libro_categoria (libro_id, categoria_id) VALUES (388, 4);
INSERT INTO libros (id, titulo, isbn, anio_publicacion, estado, editorial_id) VALUES (389, 'Dog head response.', '978-1-4478-7199-6', 2008, 'perdido', 8);
INSERT INTO libro_autor (libro_id, autor_id) VALUES (389, 7);
INSERT INTO libro_categoria (libro_id, categoria_id) VALUES (389, 1);
INSERT INTO libros (id, titulo, isbn, anio_publicacion, estado, editorial_id) VALUES (390, 'Less music.', '978-0-283-21566-7', 1990, 'danado', 4);
INSERT INTO libro_autor (libro_id, autor_id) VALUES (390, 14);
INSERT INTO libro_categoria (libro_id, categoria_id) VALUES (390, 9);
INSERT INTO libros (id, titulo, isbn, anio_publicacion, estado, editorial_id) VALUES (391, 'Prevent worry above.', '978-0-377-49044-4', 1999, 'activo', 7);
INSERT INTO libro_autor (libro_id, autor_id) VALUES (391, 15);
INSERT INTO libro_autor (libro_id, autor_id) VALUES (391, 5);
INSERT INTO libro_autor (libro_id, autor_id) VALUES (391, 16);
INSERT INTO libro_categoria (libro_id, categoria_id) VALUES (391, 2);
INSERT INTO libros (id, titulo, isbn, anio_publicacion, estado, editorial_id) VALUES (392, 'Option suggest.', '978-1-80191-357-7', 1994, 'danado', 4);
INSERT INTO libro_autor (libro_id, autor_id) VALUES (392, 6);
INSERT INTO libro_autor (libro_id, autor_id) VALUES (392, 20);
INSERT INTO libro_categoria (libro_id, categoria_id) VALUES (392, 4);
INSERT INTO libro_categoria (libro_id, categoria_id) VALUES (392, 10);
INSERT INTO libros (id, titulo, isbn, anio_publicacion, estado, editorial_id) VALUES (393, 'Stock hear.', '978-1-140-56120-0', 1995, 'danado', 1);
INSERT INTO libro_autor (libro_id, autor_id) VALUES (393, 3);
INSERT INTO libro_autor (libro_id, autor_id) VALUES (393, 4);
INSERT INTO libro_autor (libro_id, autor_id) VALUES (393, 2);
INSERT INTO libro_categoria (libro_id, categoria_id) VALUES (393, 4);
INSERT INTO libros (id, titulo, isbn, anio_publicacion, estado, editorial_id) VALUES (394, 'Eight set whom.', '978-0-14-145117-6', 1993, 'perdido', 4);
INSERT INTO libro_autor (libro_id, autor_id) VALUES (394, 11);
INSERT INTO libro_categoria (libro_id, categoria_id) VALUES (394, 7);
INSERT INTO libro_categoria (libro_id, categoria_id) VALUES (394, 5);
INSERT INTO libros (id, titulo, isbn, anio_publicacion, estado, editorial_id) VALUES (395, 'Language article.', '978-0-03-986836-9', 2020, 'activo', 2);
INSERT INTO libro_autor (libro_id, autor_id) VALUES (395, 15);
INSERT INTO libro_categoria (libro_id, categoria_id) VALUES (395, 9);
INSERT INTO libros (id, titulo, isbn, anio_publicacion, estado, editorial_id) VALUES (396, 'Him choice.', '978-0-688-61421-8', 2005, 'perdido', 8);
INSERT INTO libro_autor (libro_id, autor_id) VALUES (396, 18);
INSERT INTO libro_categoria (libro_id, categoria_id) VALUES (396, 7);
INSERT INTO libro_categoria (libro_id, categoria_id) VALUES (396, 4);
INSERT INTO libros (id, titulo, isbn, anio_publicacion, estado, editorial_id) VALUES (397, 'Lot.', '978-0-278-44534-5', 2023, 'activo', 8);
INSERT INTO libro_autor (libro_id, autor_id) VALUES (397, 2);
INSERT INTO libro_autor (libro_id, autor_id) VALUES (397, 13);
INSERT INTO libro_autor (libro_id, autor_id) VALUES (397, 9);
INSERT INTO libro_categoria (libro_id, categoria_id) VALUES (397, 8);
INSERT INTO libros (id, titulo, isbn, anio_publicacion, estado, editorial_id) VALUES (398, 'Try sea.', '978-1-83539-368-0', 2016, 'activo', 10);
INSERT INTO libro_autor (libro_id, autor_id) VALUES (398, 6);
INSERT INTO libro_categoria (libro_id, categoria_id) VALUES (398, 5);
INSERT INTO libros (id, titulo, isbn, anio_publicacion, estado, editorial_id) VALUES (399, 'Why.', '978-0-17-714255-0', 2018, 'danado', 6);
INSERT INTO libro_autor (libro_id, autor_id) VALUES (399, 11);
INSERT INTO libro_autor (libro_id, autor_id) VALUES (399, 6);
INSERT INTO libro_categoria (libro_id, categoria_id) VALUES (399, 10);
INSERT INTO libros (id, titulo, isbn, anio_publicacion, estado, editorial_id) VALUES (400, 'If break.', '978-1-56167-470-1', 2003, 'activo', 8);
INSERT INTO libro_autor (libro_id, autor_id) VALUES (400, 18);
INSERT INTO libro_autor (libro_id, autor_id) VALUES (400, 4);
INSERT INTO libro_autor (libro_id, autor_id) VALUES (400, 5);
INSERT INTO libro_categoria (libro_id, categoria_id) VALUES (400, 3);
INSERT INTO libro_categoria (libro_id, categoria_id) VALUES (400, 2);
INSERT INTO libros (id, titulo, isbn, anio_publicacion, estado, editorial_id) VALUES (401, 'Military upon church.', '978-1-00-234218-3', 2018, 'activo', 8);
INSERT INTO libro_autor (libro_id, autor_id) VALUES (401, 13);
INSERT INTO libro_autor (libro_id, autor_id) VALUES (401, 3);
INSERT INTO libro_categoria (libro_id, categoria_id) VALUES (401, 10);
INSERT INTO libros (id, titulo, isbn, anio_publicacion, estado, editorial_id) VALUES (402, 'Crime Mrs.', '978-1-338-40277-3', 2014, 'activo', 1);
INSERT INTO libro_autor (libro_id, autor_id) VALUES (402, 16);
INSERT INTO libro_categoria (libro_id, categoria_id) VALUES (402, 1);
INSERT INTO libros (id, titulo, isbn, anio_publicacion, estado, editorial_id) VALUES (403, 'Listen politics such.', '978-1-04-076808-2', 2014, 'danado', 2);
INSERT INTO libro_autor (libro_id, autor_id) VALUES (403, 20);
INSERT INTO libro_autor (libro_id, autor_id) VALUES (403, 7);
INSERT INTO libro_categoria (libro_id, categoria_id) VALUES (403, 3);
INSERT INTO libro_categoria (libro_id, categoria_id) VALUES (403, 6);
INSERT INTO libros (id, titulo, isbn, anio_publicacion, estado, editorial_id) VALUES (404, 'Rest eye local clear.', '978-1-335-24543-4', 2013, 'perdido', 7);
INSERT INTO libro_autor (libro_id, autor_id) VALUES (404, 7);
INSERT INTO libro_autor (libro_id, autor_id) VALUES (404, 1);
INSERT INTO libro_autor (libro_id, autor_id) VALUES (404, 19);
INSERT INTO libro_categoria (libro_id, categoria_id) VALUES (404, 2);
INSERT INTO libro_categoria (libro_id, categoria_id) VALUES (404, 8);
INSERT INTO libros (id, titulo, isbn, anio_publicacion, estado, editorial_id) VALUES (405, 'Field east.', '978-1-9758-2716-8', 1993, 'perdido', 7);
INSERT INTO libro_autor (libro_id, autor_id) VALUES (405, 16);
INSERT INTO libro_autor (libro_id, autor_id) VALUES (405, 7);
INSERT INTO libro_autor (libro_id, autor_id) VALUES (405, 14);
INSERT INTO libro_categoria (libro_id, categoria_id) VALUES (405, 1);
INSERT INTO libro_categoria (libro_id, categoria_id) VALUES (405, 10);
INSERT INTO libros (id, titulo, isbn, anio_publicacion, estado, editorial_id) VALUES (406, 'Address another event.', '978-0-7897-1452-7', 2023, 'activo', 2);
INSERT INTO libro_autor (libro_id, autor_id) VALUES (406, 5);
INSERT INTO libro_autor (libro_id, autor_id) VALUES (406, 14);
INSERT INTO libro_autor (libro_id, autor_id) VALUES (406, 19);
INSERT INTO libro_categoria (libro_id, categoria_id) VALUES (406, 1);
INSERT INTO libro_categoria (libro_id, categoria_id) VALUES (406, 7);
INSERT INTO libros (id, titulo, isbn, anio_publicacion, estado, editorial_id) VALUES (407, 'Finally dark condition truth.', '978-0-05-285546-9', 1998, 'perdido', 8);
INSERT INTO libro_autor (libro_id, autor_id) VALUES (407, 19);
INSERT INTO libro_autor (libro_id, autor_id) VALUES (407, 17);
INSERT INTO libro_categoria (libro_id, categoria_id) VALUES (407, 3);
INSERT INTO libro_categoria (libro_id, categoria_id) VALUES (407, 1);
INSERT INTO libros (id, titulo, isbn, anio_publicacion, estado, editorial_id) VALUES (408, 'Prevent page.', '978-0-415-49502-8', 1999, 'activo', 2);
INSERT INTO libro_autor (libro_id, autor_id) VALUES (408, 18);
INSERT INTO libro_categoria (libro_id, categoria_id) VALUES (408, 5);
INSERT INTO libros (id, titulo, isbn, anio_publicacion, estado, editorial_id) VALUES (409, 'On site.', '978-0-7098-5505-7', 2023, 'activo', 1);
INSERT INTO libro_autor (libro_id, autor_id) VALUES (409, 15);
INSERT INTO libro_autor (libro_id, autor_id) VALUES (409, 12);
INSERT INTO libro_autor (libro_id, autor_id) VALUES (409, 17);
INSERT INTO libro_categoria (libro_id, categoria_id) VALUES (409, 3);
INSERT INTO libros (id, titulo, isbn, anio_publicacion, estado, editorial_id) VALUES (410, 'Participant great like.', '978-1-354-80377-6', 2003, 'danado', 1);
INSERT INTO libro_autor (libro_id, autor_id) VALUES (410, 17);
INSERT INTO libro_autor (libro_id, autor_id) VALUES (410, 9);
INSERT INTO libro_autor (libro_id, autor_id) VALUES (410, 3);
INSERT INTO libro_categoria (libro_id, categoria_id) VALUES (410, 5);
INSERT INTO libros (id, titulo, isbn, anio_publicacion, estado, editorial_id) VALUES (411, 'Fill goal.', '978-0-626-53211-6', 2002, 'activo', 8);
INSERT INTO libro_autor (libro_id, autor_id) VALUES (411, 20);
INSERT INTO libro_categoria (libro_id, categoria_id) VALUES (411, 4);
INSERT INTO libros (id, titulo, isbn, anio_publicacion, estado, editorial_id) VALUES (412, 'With amount.', '978-1-355-20515-9', 2016, 'danado', 9);
INSERT INTO libro_autor (libro_id, autor_id) VALUES (412, 12);
INSERT INTO libro_autor (libro_id, autor_id) VALUES (412, 9);
INSERT INTO libro_autor (libro_id, autor_id) VALUES (412, 6);
INSERT INTO libro_categoria (libro_id, categoria_id) VALUES (412, 6);
INSERT INTO libros (id, titulo, isbn, anio_publicacion, estado, editorial_id) VALUES (413, 'Window still.', '978-0-907810-52-0', 1991, 'perdido', 7);
INSERT INTO libro_autor (libro_id, autor_id) VALUES (413, 6);
INSERT INTO libro_autor (libro_id, autor_id) VALUES (413, 19);
INSERT INTO libro_autor (libro_id, autor_id) VALUES (413, 15);
INSERT INTO libro_categoria (libro_id, categoria_id) VALUES (413, 2);
INSERT INTO libro_categoria (libro_id, categoria_id) VALUES (413, 8);
INSERT INTO libros (id, titulo, isbn, anio_publicacion, estado, editorial_id) VALUES (414, 'Follow identify as.', '978-1-270-76344-4', 2016, 'danado', 7);
INSERT INTO libro_autor (libro_id, autor_id) VALUES (414, 2);
INSERT INTO libro_autor (libro_id, autor_id) VALUES (414, 18);
INSERT INTO libro_categoria (libro_id, categoria_id) VALUES (414, 6);
INSERT INTO libros (id, titulo, isbn, anio_publicacion, estado, editorial_id) VALUES (415, 'Level power little.', '978-0-914503-32-3', 2014, 'danado', 10);
INSERT INTO libro_autor (libro_id, autor_id) VALUES (415, 2);
INSERT INTO libro_categoria (libro_id, categoria_id) VALUES (415, 2);
INSERT INTO libro_categoria (libro_id, categoria_id) VALUES (415, 1);
INSERT INTO libros (id, titulo, isbn, anio_publicacion, estado, editorial_id) VALUES (416, 'Education allow.', '978-1-5184-8589-3', 2006, 'activo', 1);
INSERT INTO libro_autor (libro_id, autor_id) VALUES (416, 10);
INSERT INTO libro_categoria (libro_id, categoria_id) VALUES (416, 2);
INSERT INTO libro_categoria (libro_id, categoria_id) VALUES (416, 9);
INSERT INTO libros (id, titulo, isbn, anio_publicacion, estado, editorial_id) VALUES (417, 'Democrat glass eye.', '978-0-557-03273-0', 1993, 'danado', 2);
INSERT INTO libro_autor (libro_id, autor_id) VALUES (417, 16);
INSERT INTO libro_autor (libro_id, autor_id) VALUES (417, 13);
INSERT INTO libro_categoria (libro_id, categoria_id) VALUES (417, 2);
INSERT INTO libros (id, titulo, isbn, anio_publicacion, estado, editorial_id) VALUES (418, 'Some administration fear.', '978-1-00-146942-3', 2019, 'perdido', 4);
INSERT INTO libro_autor (libro_id, autor_id) VALUES (418, 17);
INSERT INTO libro_autor (libro_id, autor_id) VALUES (418, 3);
INSERT INTO libro_autor (libro_id, autor_id) VALUES (418, 2);
INSERT INTO libro_categoria (libro_id, categoria_id) VALUES (418, 10);
INSERT INTO libros (id, titulo, isbn, anio_publicacion, estado, editorial_id) VALUES (419, 'Detail bill.', '978-1-4618-4906-3', 2006, 'perdido', 2);
INSERT INTO libro_autor (libro_id, autor_id) VALUES (419, 5);
INSERT INTO libro_autor (libro_id, autor_id) VALUES (419, 6);
INSERT INTO libro_autor (libro_id, autor_id) VALUES (419, 3);
INSERT INTO libro_categoria (libro_id, categoria_id) VALUES (419, 1);
INSERT INTO libros (id, titulo, isbn, anio_publicacion, estado, editorial_id) VALUES (420, 'Have money top natural.', '978-1-62653-045-4', 2006, 'perdido', 9);
INSERT INTO libro_autor (libro_id, autor_id) VALUES (420, 13);
INSERT INTO libro_categoria (libro_id, categoria_id) VALUES (420, 2);
INSERT INTO libro_categoria (libro_id, categoria_id) VALUES (420, 6);
INSERT INTO libros (id, titulo, isbn, anio_publicacion, estado, editorial_id) VALUES (421, 'Challenge approach.', '978-0-283-13539-2', 2018, 'perdido', 10);
INSERT INTO libro_autor (libro_id, autor_id) VALUES (421, 17);
INSERT INTO libro_autor (libro_id, autor_id) VALUES (421, 20);
INSERT INTO libro_autor (libro_id, autor_id) VALUES (421, 19);
INSERT INTO libro_categoria (libro_id, categoria_id) VALUES (421, 7);
INSERT INTO libro_categoria (libro_id, categoria_id) VALUES (421, 6);
INSERT INTO libros (id, titulo, isbn, anio_publicacion, estado, editorial_id) VALUES (422, 'Report fund couple.', '978-1-168-82714-2', 1991, 'danado', 8);
INSERT INTO libro_autor (libro_id, autor_id) VALUES (422, 6);
INSERT INTO libro_categoria (libro_id, categoria_id) VALUES (422, 3);
INSERT INTO libros (id, titulo, isbn, anio_publicacion, estado, editorial_id) VALUES (423, 'Yeah thing play.', '978-0-9781226-1-4', 2000, 'activo', 6);
INSERT INTO libro_autor (libro_id, autor_id) VALUES (423, 12);
INSERT INTO libro_autor (libro_id, autor_id) VALUES (423, 5);
INSERT INTO libro_categoria (libro_id, categoria_id) VALUES (423, 5);
INSERT INTO libros (id, titulo, isbn, anio_publicacion, estado, editorial_id) VALUES (424, 'Economy by from.', '978-1-891090-74-5', 2002, 'perdido', 2);
INSERT INTO libro_autor (libro_id, autor_id) VALUES (424, 4);
INSERT INTO libro_autor (libro_id, autor_id) VALUES (424, 12);
INSERT INTO libro_categoria (libro_id, categoria_id) VALUES (424, 5);
INSERT INTO libros (id, titulo, isbn, anio_publicacion, estado, editorial_id) VALUES (425, 'Fine from.', '978-1-944868-52-9', 1997, 'activo', 5);
INSERT INTO libro_autor (libro_id, autor_id) VALUES (425, 4);
INSERT INTO libro_autor (libro_id, autor_id) VALUES (425, 5);
INSERT INTO libro_autor (libro_id, autor_id) VALUES (425, 14);
INSERT INTO libro_categoria (libro_id, categoria_id) VALUES (425, 6);
INSERT INTO libros (id, titulo, isbn, anio_publicacion, estado, editorial_id) VALUES (426, 'Thank boy.', '978-0-684-11210-7', 2013, 'perdido', 6);
INSERT INTO libro_autor (libro_id, autor_id) VALUES (426, 8);
INSERT INTO libro_categoria (libro_id, categoria_id) VALUES (426, 1);
INSERT INTO libros (id, titulo, isbn, anio_publicacion, estado, editorial_id) VALUES (427, 'Control could happy.', '978-1-81956-914-8', 2012, 'perdido', 1);
INSERT INTO libro_autor (libro_id, autor_id) VALUES (427, 16);
INSERT INTO libro_autor (libro_id, autor_id) VALUES (427, 17);
INSERT INTO libro_categoria (libro_id, categoria_id) VALUES (427, 9);
INSERT INTO libro_categoria (libro_id, categoria_id) VALUES (427, 4);
INSERT INTO libros (id, titulo, isbn, anio_publicacion, estado, editorial_id) VALUES (428, 'Stock stop.', '978-0-7952-4545-9', 1995, 'danado', 7);
INSERT INTO libro_autor (libro_id, autor_id) VALUES (428, 5);
INSERT INTO libro_autor (libro_id, autor_id) VALUES (428, 9);
INSERT INTO libro_categoria (libro_id, categoria_id) VALUES (428, 4);
INSERT INTO libros (id, titulo, isbn, anio_publicacion, estado, editorial_id) VALUES (429, 'Soon.', '978-0-937788-56-1', 2011, 'activo', 5);
INSERT INTO libro_autor (libro_id, autor_id) VALUES (429, 15);
INSERT INTO libro_categoria (libro_id, categoria_id) VALUES (429, 3);
INSERT INTO libros (id, titulo, isbn, anio_publicacion, estado, editorial_id) VALUES (430, 'Result among.', '978-0-601-44179-2', 2015, 'danado', 3);
INSERT INTO libro_autor (libro_id, autor_id) VALUES (430, 8);
INSERT INTO libro_autor (libro_id, autor_id) VALUES (430, 15);
INSERT INTO libro_categoria (libro_id, categoria_id) VALUES (430, 5);
INSERT INTO libro_categoria (libro_id, categoria_id) VALUES (430, 9);
INSERT INTO libros (id, titulo, isbn, anio_publicacion, estado, editorial_id) VALUES (431, 'Five minute discuss measure.', '978-0-299-47627-4', 2017, 'danado', 6);
INSERT INTO libro_autor (libro_id, autor_id) VALUES (431, 3);
INSERT INTO libro_autor (libro_id, autor_id) VALUES (431, 1);
INSERT INTO libro_categoria (libro_id, categoria_id) VALUES (431, 7);
INSERT INTO libros (id, titulo, isbn, anio_publicacion, estado, editorial_id) VALUES (432, 'Record modern.', '978-0-17-374077-4', 2014, 'perdido', 9);
INSERT INTO libro_autor (libro_id, autor_id) VALUES (432, 19);
INSERT INTO libro_categoria (libro_id, categoria_id) VALUES (432, 6);
INSERT INTO libros (id, titulo, isbn, anio_publicacion, estado, editorial_id) VALUES (433, 'Join.', '978-0-9768690-6-1', 2008, 'danado', 1);
INSERT INTO libro_autor (libro_id, autor_id) VALUES (433, 13);
INSERT INTO libro_autor (libro_id, autor_id) VALUES (433, 6);
INSERT INTO libro_categoria (libro_id, categoria_id) VALUES (433, 3);
INSERT INTO libros (id, titulo, isbn, anio_publicacion, estado, editorial_id) VALUES (434, 'Audience meet walk.', '978-0-9592340-3-9', 2009, 'danado', 2);
INSERT INTO libro_autor (libro_id, autor_id) VALUES (434, 5);
INSERT INTO libro_categoria (libro_id, categoria_id) VALUES (434, 2);
INSERT INTO libros (id, titulo, isbn, anio_publicacion, estado, editorial_id) VALUES (435, 'Enjoy a college.', '978-0-632-37639-1', 2006, 'activo', 3);
INSERT INTO libro_autor (libro_id, autor_id) VALUES (435, 5);
INSERT INTO libro_categoria (libro_id, categoria_id) VALUES (435, 2);
INSERT INTO libro_categoria (libro_id, categoria_id) VALUES (435, 4);
INSERT INTO libros (id, titulo, isbn, anio_publicacion, estado, editorial_id) VALUES (436, 'Anyone possible.', '978-0-422-24930-0', 1992, 'activo', 8);
INSERT INTO libro_autor (libro_id, autor_id) VALUES (436, 20);
INSERT INTO libro_autor (libro_id, autor_id) VALUES (436, 12);
INSERT INTO libro_autor (libro_id, autor_id) VALUES (436, 9);
INSERT INTO libro_categoria (libro_id, categoria_id) VALUES (436, 2);
INSERT INTO libro_categoria (libro_id, categoria_id) VALUES (436, 8);
INSERT INTO libros (id, titulo, isbn, anio_publicacion, estado, editorial_id) VALUES (437, 'Lay worker record pretty.', '978-0-624-34867-2', 2008, 'danado', 2);
INSERT INTO libro_autor (libro_id, autor_id) VALUES (437, 9);
INSERT INTO libro_autor (libro_id, autor_id) VALUES (437, 16);
INSERT INTO libro_autor (libro_id, autor_id) VALUES (437, 18);
INSERT INTO libro_categoria (libro_id, categoria_id) VALUES (437, 5);
INSERT INTO libros (id, titulo, isbn, anio_publicacion, estado, editorial_id) VALUES (438, 'Mouth about.', '978-1-288-12761-0', 2024, 'danado', 5);
INSERT INTO libro_autor (libro_id, autor_id) VALUES (438, 2);
INSERT INTO libro_autor (libro_id, autor_id) VALUES (438, 20);
INSERT INTO libro_categoria (libro_id, categoria_id) VALUES (438, 10);
INSERT INTO libros (id, titulo, isbn, anio_publicacion, estado, editorial_id) VALUES (439, 'Senior coach enough.', '978-1-211-72189-2', 2015, 'activo', 3);
INSERT INTO libro_autor (libro_id, autor_id) VALUES (439, 18);
INSERT INTO libro_autor (libro_id, autor_id) VALUES (439, 6);
INSERT INTO libro_categoria (libro_id, categoria_id) VALUES (439, 1);
INSERT INTO libro_categoria (libro_id, categoria_id) VALUES (439, 6);
INSERT INTO libros (id, titulo, isbn, anio_publicacion, estado, editorial_id) VALUES (440, 'Finish those general.', '978-0-86363-102-3', 2015, 'activo', 7);
INSERT INTO libro_autor (libro_id, autor_id) VALUES (440, 11);
INSERT INTO libro_autor (libro_id, autor_id) VALUES (440, 8);
INSERT INTO libro_categoria (libro_id, categoria_id) VALUES (440, 7);
INSERT INTO libros (id, titulo, isbn, anio_publicacion, estado, editorial_id) VALUES (441, 'Official.', '978-0-328-70223-7', 1993, 'perdido', 3);
INSERT INTO libro_autor (libro_id, autor_id) VALUES (441, 15);
INSERT INTO libro_categoria (libro_id, categoria_id) VALUES (441, 2);
INSERT INTO libros (id, titulo, isbn, anio_publicacion, estado, editorial_id) VALUES (442, 'Music management executive.', '978-1-74488-661-7', 2007, 'danado', 2);
INSERT INTO libro_autor (libro_id, autor_id) VALUES (442, 11);
INSERT INTO libro_autor (libro_id, autor_id) VALUES (442, 19);
INSERT INTO libro_autor (libro_id, autor_id) VALUES (442, 17);
INSERT INTO libro_categoria (libro_id, categoria_id) VALUES (442, 6);
INSERT INTO libro_categoria (libro_id, categoria_id) VALUES (442, 7);
INSERT INTO libros (id, titulo, isbn, anio_publicacion, estado, editorial_id) VALUES (443, 'Discuss however management south.', '978-1-120-72719-0', 2019, 'activo', 7);
INSERT INTO libro_autor (libro_id, autor_id) VALUES (443, 18);
INSERT INTO libro_autor (libro_id, autor_id) VALUES (443, 6);
INSERT INTO libro_autor (libro_id, autor_id) VALUES (443, 4);
INSERT INTO libro_categoria (libro_id, categoria_id) VALUES (443, 4);
INSERT INTO libro_categoria (libro_id, categoria_id) VALUES (443, 8);
INSERT INTO libros (id, titulo, isbn, anio_publicacion, estado, editorial_id) VALUES (444, 'Say worker.', '978-0-7759-2123-6', 2000, 'activo', 1);
INSERT INTO libro_autor (libro_id, autor_id) VALUES (444, 19);
INSERT INTO libro_categoria (libro_id, categoria_id) VALUES (444, 1);
INSERT INTO libros (id, titulo, isbn, anio_publicacion, estado, editorial_id) VALUES (445, 'Edge fly each.', '978-1-63321-013-4', 2021, 'activo', 6);
INSERT INTO libro_autor (libro_id, autor_id) VALUES (445, 19);
INSERT INTO libro_categoria (libro_id, categoria_id) VALUES (445, 3);
INSERT INTO libro_categoria (libro_id, categoria_id) VALUES (445, 5);
INSERT INTO libros (id, titulo, isbn, anio_publicacion, estado, editorial_id) VALUES (446, 'Interesting action one south.', '978-0-7341-9809-9', 2024, 'perdido', 1);
INSERT INTO libro_autor (libro_id, autor_id) VALUES (446, 13);
INSERT INTO libro_autor (libro_id, autor_id) VALUES (446, 3);
INSERT INTO libro_autor (libro_id, autor_id) VALUES (446, 2);
INSERT INTO libro_categoria (libro_id, categoria_id) VALUES (446, 9);
INSERT INTO libro_categoria (libro_id, categoria_id) VALUES (446, 10);
INSERT INTO libros (id, titulo, isbn, anio_publicacion, estado, editorial_id) VALUES (447, 'Skill security when.', '978-0-565-10709-3', 1997, 'danado', 4);
INSERT INTO libro_autor (libro_id, autor_id) VALUES (447, 7);
INSERT INTO libro_categoria (libro_id, categoria_id) VALUES (447, 4);
INSERT INTO libros (id, titulo, isbn, anio_publicacion, estado, editorial_id) VALUES (448, 'Only perform.', '978-0-89073-166-6', 2001, 'danado', 6);
INSERT INTO libro_autor (libro_id, autor_id) VALUES (448, 10);
INSERT INTO libro_categoria (libro_id, categoria_id) VALUES (448, 2);
INSERT INTO libro_categoria (libro_id, categoria_id) VALUES (448, 9);
INSERT INTO libros (id, titulo, isbn, anio_publicacion, estado, editorial_id) VALUES (449, 'Building get.', '978-1-72767-348-7', 2016, 'activo', 5);
INSERT INTO libro_autor (libro_id, autor_id) VALUES (449, 2);
INSERT INTO libro_autor (libro_id, autor_id) VALUES (449, 13);
INSERT INTO libro_autor (libro_id, autor_id) VALUES (449, 11);
INSERT INTO libro_categoria (libro_id, categoria_id) VALUES (449, 10);
INSERT INTO libro_categoria (libro_id, categoria_id) VALUES (449, 5);
INSERT INTO libros (id, titulo, isbn, anio_publicacion, estado, editorial_id) VALUES (450, 'Feeling wind poor executive.', '978-1-5347-6250-3', 1999, 'perdido', 8);
INSERT INTO libro_autor (libro_id, autor_id) VALUES (450, 10);
INSERT INTO libro_autor (libro_id, autor_id) VALUES (450, 8);
INSERT INTO libro_categoria (libro_id, categoria_id) VALUES (450, 7);
INSERT INTO libros (id, titulo, isbn, anio_publicacion, estado, editorial_id) VALUES (451, 'Wife guess.', '978-1-378-28693-7', 2019, 'perdido', 3);
INSERT INTO libro_autor (libro_id, autor_id) VALUES (451, 15);
INSERT INTO libro_autor (libro_id, autor_id) VALUES (451, 13);
INSERT INTO libro_categoria (libro_id, categoria_id) VALUES (451, 1);
INSERT INTO libros (id, titulo, isbn, anio_publicacion, estado, editorial_id) VALUES (452, 'Certain woman country executive.', '978-1-254-06606-6', 2010, 'perdido', 9);
INSERT INTO libro_autor (libro_id, autor_id) VALUES (452, 13);
INSERT INTO libro_autor (libro_id, autor_id) VALUES (452, 4);
INSERT INTO libro_autor (libro_id, autor_id) VALUES (452, 15);
INSERT INTO libro_categoria (libro_id, categoria_id) VALUES (452, 7);
INSERT INTO libro_categoria (libro_id, categoria_id) VALUES (452, 2);
INSERT INTO libros (id, titulo, isbn, anio_publicacion, estado, editorial_id) VALUES (453, 'To cup most.', '978-1-59846-903-5', 2022, 'danado', 4);
INSERT INTO libro_autor (libro_id, autor_id) VALUES (453, 2);
INSERT INTO libro_autor (libro_id, autor_id) VALUES (453, 3);
INSERT INTO libro_categoria (libro_id, categoria_id) VALUES (453, 4);
INSERT INTO libro_categoria (libro_id, categoria_id) VALUES (453, 6);
INSERT INTO libros (id, titulo, isbn, anio_publicacion, estado, editorial_id) VALUES (454, 'Respond best himself hear.', '978-1-65041-905-3', 1996, 'danado', 10);
INSERT INTO libro_autor (libro_id, autor_id) VALUES (454, 7);
INSERT INTO libro_autor (libro_id, autor_id) VALUES (454, 16);
INSERT INTO libro_categoria (libro_id, categoria_id) VALUES (454, 3);
INSERT INTO libros (id, titulo, isbn, anio_publicacion, estado, editorial_id) VALUES (455, 'Affect society.', '978-1-59151-320-9', 2018, 'danado', 5);
INSERT INTO libro_autor (libro_id, autor_id) VALUES (455, 18);
INSERT INTO libro_autor (libro_id, autor_id) VALUES (455, 11);
INSERT INTO libro_categoria (libro_id, categoria_id) VALUES (455, 10);
INSERT INTO libros (id, titulo, isbn, anio_publicacion, estado, editorial_id) VALUES (456, 'War type.', '978-0-561-43159-8', 2005, 'perdido', 3);
INSERT INTO libro_autor (libro_id, autor_id) VALUES (456, 9);
INSERT INTO libro_autor (libro_id, autor_id) VALUES (456, 16);
INSERT INTO libro_autor (libro_id, autor_id) VALUES (456, 11);
INSERT INTO libro_categoria (libro_id, categoria_id) VALUES (456, 2);
INSERT INTO libros (id, titulo, isbn, anio_publicacion, estado, editorial_id) VALUES (457, 'Pattern enjoy.', '978-0-212-60236-0', 2002, 'activo', 4);
INSERT INTO libro_autor (libro_id, autor_id) VALUES (457, 14);
INSERT INTO libro_autor (libro_id, autor_id) VALUES (457, 20);
INSERT INTO libro_autor (libro_id, autor_id) VALUES (457, 13);
INSERT INTO libro_categoria (libro_id, categoria_id) VALUES (457, 4);
INSERT INTO libros (id, titulo, isbn, anio_publicacion, estado, editorial_id) VALUES (458, 'Strong use.', '978-0-485-86212-6', 2000, 'perdido', 7);
INSERT INTO libro_autor (libro_id, autor_id) VALUES (458, 7);
INSERT INTO libro_autor (libro_id, autor_id) VALUES (458, 10);
INSERT INTO libro_autor (libro_id, autor_id) VALUES (458, 17);
INSERT INTO libro_categoria (libro_id, categoria_id) VALUES (458, 1);
INSERT INTO libros (id, titulo, isbn, anio_publicacion, estado, editorial_id) VALUES (459, 'Relate us debate.', '978-1-227-70242-7', 2010, 'perdido', 10);
INSERT INTO libro_autor (libro_id, autor_id) VALUES (459, 10);
INSERT INTO libro_autor (libro_id, autor_id) VALUES (459, 5);
INSERT INTO libro_autor (libro_id, autor_id) VALUES (459, 15);
INSERT INTO libro_categoria (libro_id, categoria_id) VALUES (459, 5);
INSERT INTO libros (id, titulo, isbn, anio_publicacion, estado, editorial_id) VALUES (460, 'Politics away wall.', '978-1-4362-0851-2', 2016, 'perdido', 8);
INSERT INTO libro_autor (libro_id, autor_id) VALUES (460, 5);
INSERT INTO libro_autor (libro_id, autor_id) VALUES (460, 11);
INSERT INTO libro_categoria (libro_id, categoria_id) VALUES (460, 8);
INSERT INTO libro_categoria (libro_id, categoria_id) VALUES (460, 5);
INSERT INTO libros (id, titulo, isbn, anio_publicacion, estado, editorial_id) VALUES (461, 'Police sort.', '978-1-189-99870-8', 2003, 'danado', 4);
INSERT INTO libro_autor (libro_id, autor_id) VALUES (461, 12);
INSERT INTO libro_categoria (libro_id, categoria_id) VALUES (461, 7);
INSERT INTO libros (id, titulo, isbn, anio_publicacion, estado, editorial_id) VALUES (462, 'Value.', '978-1-191-56527-1', 1997, 'perdido', 1);
INSERT INTO libro_autor (libro_id, autor_id) VALUES (462, 20);
INSERT INTO libro_autor (libro_id, autor_id) VALUES (462, 3);
INSERT INTO libro_autor (libro_id, autor_id) VALUES (462, 11);
INSERT INTO libro_categoria (libro_id, categoria_id) VALUES (462, 1);
INSERT INTO libros (id, titulo, isbn, anio_publicacion, estado, editorial_id) VALUES (463, 'By can.', '978-0-7001-6630-5', 2007, 'danado', 2);
INSERT INTO libro_autor (libro_id, autor_id) VALUES (463, 4);
INSERT INTO libro_categoria (libro_id, categoria_id) VALUES (463, 8);
INSERT INTO libro_categoria (libro_id, categoria_id) VALUES (463, 10);
INSERT INTO libros (id, titulo, isbn, anio_publicacion, estado, editorial_id) VALUES (464, 'How.', '978-1-5246-0259-8', 2013, 'perdido', 5);
INSERT INTO libro_autor (libro_id, autor_id) VALUES (464, 1);
INSERT INTO libro_autor (libro_id, autor_id) VALUES (464, 14);
INSERT INTO libro_autor (libro_id, autor_id) VALUES (464, 5);
INSERT INTO libro_categoria (libro_id, categoria_id) VALUES (464, 2);
INSERT INTO libro_categoria (libro_id, categoria_id) VALUES (464, 8);
INSERT INTO libros (id, titulo, isbn, anio_publicacion, estado, editorial_id) VALUES (465, 'Main PM it save.', '978-0-273-62441-7', 2016, 'danado', 4);
INSERT INTO libro_autor (libro_id, autor_id) VALUES (465, 12);
INSERT INTO libro_categoria (libro_id, categoria_id) VALUES (465, 10);
INSERT INTO libro_categoria (libro_id, categoria_id) VALUES (465, 7);
INSERT INTO libros (id, titulo, isbn, anio_publicacion, estado, editorial_id) VALUES (466, 'Wrong.', '978-0-362-67410-1', 2002, 'danado', 1);
INSERT INTO libro_autor (libro_id, autor_id) VALUES (466, 13);
INSERT INTO libro_autor (libro_id, autor_id) VALUES (466, 1);
INSERT INTO libro_categoria (libro_id, categoria_id) VALUES (466, 3);
INSERT INTO libros (id, titulo, isbn, anio_publicacion, estado, editorial_id) VALUES (467, 'Able clearly talk.', '978-1-4889-0441-7', 2023, 'perdido', 5);
INSERT INTO libro_autor (libro_id, autor_id) VALUES (467, 7);
INSERT INTO libro_categoria (libro_id, categoria_id) VALUES (467, 1);
INSERT INTO libros (id, titulo, isbn, anio_publicacion, estado, editorial_id) VALUES (468, 'Against get box.', '978-1-4472-8157-3', 2018, 'activo', 3);
INSERT INTO libro_autor (libro_id, autor_id) VALUES (468, 4);
INSERT INTO libro_autor (libro_id, autor_id) VALUES (468, 10);
INSERT INTO libro_categoria (libro_id, categoria_id) VALUES (468, 4);
INSERT INTO libro_categoria (libro_id, categoria_id) VALUES (468, 10);
INSERT INTO libros (id, titulo, isbn, anio_publicacion, estado, editorial_id) VALUES (469, 'As idea nothing.', '978-0-271-66242-8', 1997, 'activo', 10);
INSERT INTO libro_autor (libro_id, autor_id) VALUES (469, 12);
INSERT INTO libro_autor (libro_id, autor_id) VALUES (469, 3);
INSERT INTO libro_categoria (libro_id, categoria_id) VALUES (469, 1);
INSERT INTO libros (id, titulo, isbn, anio_publicacion, estado, editorial_id) VALUES (470, 'Memory I.', '978-0-06-895895-6', 2000, 'activo', 6);
INSERT INTO libro_autor (libro_id, autor_id) VALUES (470, 15);
INSERT INTO libro_categoria (libro_id, categoria_id) VALUES (470, 9);
INSERT INTO libro_categoria (libro_id, categoria_id) VALUES (470, 6);
INSERT INTO libros (id, titulo, isbn, anio_publicacion, estado, editorial_id) VALUES (471, 'Method human friend.', '978-0-08-379095-1', 2016, 'activo', 8);
INSERT INTO libro_autor (libro_id, autor_id) VALUES (471, 10);
INSERT INTO libro_categoria (libro_id, categoria_id) VALUES (471, 4);
INSERT INTO libro_categoria (libro_id, categoria_id) VALUES (471, 7);
INSERT INTO libros (id, titulo, isbn, anio_publicacion, estado, editorial_id) VALUES (472, 'Tv think.', '978-1-59054-983-4', 2015, 'perdido', 4);
INSERT INTO libro_autor (libro_id, autor_id) VALUES (472, 7);
INSERT INTO libro_categoria (libro_id, categoria_id) VALUES (472, 2);
INSERT INTO libro_categoria (libro_id, categoria_id) VALUES (472, 5);
INSERT INTO libros (id, titulo, isbn, anio_publicacion, estado, editorial_id) VALUES (473, 'Full man wear reality.', '978-0-458-77269-8', 2022, 'danado', 6);
INSERT INTO libro_autor (libro_id, autor_id) VALUES (473, 5);
INSERT INTO libro_autor (libro_id, autor_id) VALUES (473, 10);
INSERT INTO libro_categoria (libro_id, categoria_id) VALUES (473, 4);
INSERT INTO libro_categoria (libro_id, categoria_id) VALUES (473, 7);
INSERT INTO libros (id, titulo, isbn, anio_publicacion, estado, editorial_id) VALUES (474, 'Trade feeling.', '978-1-65442-794-8', 1996, 'activo', 3);
INSERT INTO libro_autor (libro_id, autor_id) VALUES (474, 1);
INSERT INTO libro_autor (libro_id, autor_id) VALUES (474, 9);
INSERT INTO libro_autor (libro_id, autor_id) VALUES (474, 6);
INSERT INTO libro_categoria (libro_id, categoria_id) VALUES (474, 7);
INSERT INTO libro_categoria (libro_id, categoria_id) VALUES (474, 3);
INSERT INTO libros (id, titulo, isbn, anio_publicacion, estado, editorial_id) VALUES (475, 'Student where others black.', '978-1-75328-354-4', 1996, 'activo', 10);
INSERT INTO libro_autor (libro_id, autor_id) VALUES (475, 4);
INSERT INTO libro_autor (libro_id, autor_id) VALUES (475, 19);
INSERT INTO libro_categoria (libro_id, categoria_id) VALUES (475, 9);
INSERT INTO libros (id, titulo, isbn, anio_publicacion, estado, editorial_id) VALUES (476, 'Chance activity.', '978-1-156-24560-6', 2012, 'danado', 4);
INSERT INTO libro_autor (libro_id, autor_id) VALUES (476, 7);
INSERT INTO libro_autor (libro_id, autor_id) VALUES (476, 20);
INSERT INTO libro_categoria (libro_id, categoria_id) VALUES (476, 10);
INSERT INTO libro_categoria (libro_id, categoria_id) VALUES (476, 8);
INSERT INTO libros (id, titulo, isbn, anio_publicacion, estado, editorial_id) VALUES (477, 'Others will service into.', '978-0-544-87748-1', 2011, 'danado', 6);
INSERT INTO libro_autor (libro_id, autor_id) VALUES (477, 17);
INSERT INTO libro_autor (libro_id, autor_id) VALUES (477, 19);
INSERT INTO libro_categoria (libro_id, categoria_id) VALUES (477, 3);
INSERT INTO libro_categoria (libro_id, categoria_id) VALUES (477, 10);
INSERT INTO libros (id, titulo, isbn, anio_publicacion, estado, editorial_id) VALUES (478, 'Fly home art.', '978-1-362-51589-0', 1990, 'activo', 2);
INSERT INTO libro_autor (libro_id, autor_id) VALUES (478, 7);
INSERT INTO libro_autor (libro_id, autor_id) VALUES (478, 11);
INSERT INTO libro_autor (libro_id, autor_id) VALUES (478, 13);
INSERT INTO libro_categoria (libro_id, categoria_id) VALUES (478, 6);
INSERT INTO libros (id, titulo, isbn, anio_publicacion, estado, editorial_id) VALUES (479, 'Send evidence or.', '978-1-59878-032-1', 2010, 'activo', 9);
INSERT INTO libro_autor (libro_id, autor_id) VALUES (479, 7);
INSERT INTO libro_autor (libro_id, autor_id) VALUES (479, 12);
INSERT INTO libro_categoria (libro_id, categoria_id) VALUES (479, 10);
INSERT INTO libros (id, titulo, isbn, anio_publicacion, estado, editorial_id) VALUES (480, 'Half score according.', '978-0-234-81092-7', 2007, 'danado', 6);
INSERT INTO libro_autor (libro_id, autor_id) VALUES (480, 2);
INSERT INTO libro_autor (libro_id, autor_id) VALUES (480, 4);
INSERT INTO libro_autor (libro_id, autor_id) VALUES (480, 15);
INSERT INTO libro_categoria (libro_id, categoria_id) VALUES (480, 3);
INSERT INTO libro_categoria (libro_id, categoria_id) VALUES (480, 1);
INSERT INTO libros (id, titulo, isbn, anio_publicacion, estado, editorial_id) VALUES (481, 'Cover spend.', '978-0-09-216744-7', 2010, 'activo', 8);
INSERT INTO libro_autor (libro_id, autor_id) VALUES (481, 14);
INSERT INTO libro_autor (libro_id, autor_id) VALUES (481, 18);
INSERT INTO libro_autor (libro_id, autor_id) VALUES (481, 19);
INSERT INTO libro_categoria (libro_id, categoria_id) VALUES (481, 9);
INSERT INTO libro_categoria (libro_id, categoria_id) VALUES (481, 7);
INSERT INTO libros (id, titulo, isbn, anio_publicacion, estado, editorial_id) VALUES (482, 'Model author everyone.', '978-1-5088-5163-9', 1997, 'danado', 2);
INSERT INTO libro_autor (libro_id, autor_id) VALUES (482, 4);
INSERT INTO libro_autor (libro_id, autor_id) VALUES (482, 10);
INSERT INTO libro_autor (libro_id, autor_id) VALUES (482, 2);
INSERT INTO libro_categoria (libro_id, categoria_id) VALUES (482, 5);
INSERT INTO libro_categoria (libro_id, categoria_id) VALUES (482, 9);
INSERT INTO libros (id, titulo, isbn, anio_publicacion, estado, editorial_id) VALUES (483, 'Level see many.', '978-1-55102-628-2', 1998, 'danado', 3);
INSERT INTO libro_autor (libro_id, autor_id) VALUES (483, 18);
INSERT INTO libro_categoria (libro_id, categoria_id) VALUES (483, 3);
INSERT INTO libro_categoria (libro_id, categoria_id) VALUES (483, 2);
INSERT INTO libros (id, titulo, isbn, anio_publicacion, estado, editorial_id) VALUES (484, 'Role pattern.', '978-0-11-873872-9', 1994, 'perdido', 10);
INSERT INTO libro_autor (libro_id, autor_id) VALUES (484, 14);
INSERT INTO libro_categoria (libro_id, categoria_id) VALUES (484, 9);
INSERT INTO libro_categoria (libro_id, categoria_id) VALUES (484, 10);
INSERT INTO libros (id, titulo, isbn, anio_publicacion, estado, editorial_id) VALUES (485, 'Nature care project.', '978-0-7795-1824-1', 2007, 'danado', 1);
INSERT INTO libro_autor (libro_id, autor_id) VALUES (485, 1);
INSERT INTO libro_autor (libro_id, autor_id) VALUES (485, 9);
INSERT INTO libro_categoria (libro_id, categoria_id) VALUES (485, 6);
INSERT INTO libros (id, titulo, isbn, anio_publicacion, estado, editorial_id) VALUES (486, 'Window sit.', '978-0-213-84004-4', 2022, 'activo', 7);
INSERT INTO libro_autor (libro_id, autor_id) VALUES (486, 9);
INSERT INTO libro_categoria (libro_id, categoria_id) VALUES (486, 5);
INSERT INTO libros (id, titulo, isbn, anio_publicacion, estado, editorial_id) VALUES (487, 'Test but.', '978-0-463-49498-1', 2020, 'danado', 5);
INSERT INTO libro_autor (libro_id, autor_id) VALUES (487, 14);
INSERT INTO libro_autor (libro_id, autor_id) VALUES (487, 2);
INSERT INTO libro_categoria (libro_id, categoria_id) VALUES (487, 8);
INSERT INTO libro_categoria (libro_id, categoria_id) VALUES (487, 1);
INSERT INTO libros (id, titulo, isbn, anio_publicacion, estado, editorial_id) VALUES (488, 'Create feel.', '978-1-83382-586-2', 2009, 'perdido', 6);
INSERT INTO libro_autor (libro_id, autor_id) VALUES (488, 5);
INSERT INTO libro_categoria (libro_id, categoria_id) VALUES (488, 9);
INSERT INTO libros (id, titulo, isbn, anio_publicacion, estado, editorial_id) VALUES (489, 'Myself family.', '978-0-244-42718-4', 1998, 'activo', 2);
INSERT INTO libro_autor (libro_id, autor_id) VALUES (489, 18);
INSERT INTO libro_categoria (libro_id, categoria_id) VALUES (489, 10);
INSERT INTO libros (id, titulo, isbn, anio_publicacion, estado, editorial_id) VALUES (490, 'Sell kind stage throw.', '978-1-4220-9424-2', 2011, 'activo', 10);
INSERT INTO libro_autor (libro_id, autor_id) VALUES (490, 9);
INSERT INTO libro_autor (libro_id, autor_id) VALUES (490, 11);
INSERT INTO libro_autor (libro_id, autor_id) VALUES (490, 19);
INSERT INTO libro_categoria (libro_id, categoria_id) VALUES (490, 5);
INSERT INTO libros (id, titulo, isbn, anio_publicacion, estado, editorial_id) VALUES (491, 'Itself school.', '978-0-930501-58-7', 2017, 'activo', 8);
INSERT INTO libro_autor (libro_id, autor_id) VALUES (491, 9);
INSERT INTO libro_categoria (libro_id, categoria_id) VALUES (491, 3);
INSERT INTO libros (id, titulo, isbn, anio_publicacion, estado, editorial_id) VALUES (492, 'Walk total area.', '978-1-998294-80-0', 1998, 'activo', 3);
INSERT INTO libro_autor (libro_id, autor_id) VALUES (492, 2);
INSERT INTO libro_categoria (libro_id, categoria_id) VALUES (492, 2);
INSERT INTO libro_categoria (libro_id, categoria_id) VALUES (492, 4);
INSERT INTO libros (id, titulo, isbn, anio_publicacion, estado, editorial_id) VALUES (493, 'Someone institution interest.', '978-0-8242-8790-0', 2014, 'activo', 1);
INSERT INTO libro_autor (libro_id, autor_id) VALUES (493, 11);
INSERT INTO libro_autor (libro_id, autor_id) VALUES (493, 14);
INSERT INTO libro_categoria (libro_id, categoria_id) VALUES (493, 10);
INSERT INTO libros (id, titulo, isbn, anio_publicacion, estado, editorial_id) VALUES (494, 'Week some every.', '978-0-229-06983-5', 2002, 'danado', 5);
INSERT INTO libro_autor (libro_id, autor_id) VALUES (494, 7);
INSERT INTO libro_autor (libro_id, autor_id) VALUES (494, 16);
INSERT INTO libro_categoria (libro_id, categoria_id) VALUES (494, 6);
INSERT INTO libro_categoria (libro_id, categoria_id) VALUES (494, 7);
INSERT INTO libros (id, titulo, isbn, anio_publicacion, estado, editorial_id) VALUES (495, 'Entire.', '978-1-4255-4555-0', 2001, 'activo', 5);
INSERT INTO libro_autor (libro_id, autor_id) VALUES (495, 5);
INSERT INTO libro_autor (libro_id, autor_id) VALUES (495, 12);
INSERT INTO libro_autor (libro_id, autor_id) VALUES (495, 15);
INSERT INTO libro_categoria (libro_id, categoria_id) VALUES (495, 1);
INSERT INTO libro_categoria (libro_id, categoria_id) VALUES (495, 3);
INSERT INTO libros (id, titulo, isbn, anio_publicacion, estado, editorial_id) VALUES (496, 'What Mr.', '978-1-892450-47-0', 2013, 'perdido', 10);
INSERT INTO libro_autor (libro_id, autor_id) VALUES (496, 14);
INSERT INTO libro_autor (libro_id, autor_id) VALUES (496, 20);
INSERT INTO libro_categoria (libro_id, categoria_id) VALUES (496, 6);
INSERT INTO libro_categoria (libro_id, categoria_id) VALUES (496, 5);
INSERT INTO libros (id, titulo, isbn, anio_publicacion, estado, editorial_id) VALUES (497, 'Morning.', '978-1-9752-8626-2', 2005, 'danado', 7);
INSERT INTO libro_autor (libro_id, autor_id) VALUES (497, 13);
INSERT INTO libro_autor (libro_id, autor_id) VALUES (497, 9);
INSERT INTO libro_autor (libro_id, autor_id) VALUES (497, 1);
INSERT INTO libro_categoria (libro_id, categoria_id) VALUES (497, 2);
INSERT INTO libros (id, titulo, isbn, anio_publicacion, estado, editorial_id) VALUES (498, 'Difficult fast someone.', '978-1-283-19086-2', 2023, 'activo', 7);
INSERT INTO libro_autor (libro_id, autor_id) VALUES (498, 12);
INSERT INTO libro_categoria (libro_id, categoria_id) VALUES (498, 6);
INSERT INTO libro_categoria (libro_id, categoria_id) VALUES (498, 2);
INSERT INTO libros (id, titulo, isbn, anio_publicacion, estado, editorial_id) VALUES (499, 'Argue already bit.', '978-1-05-214124-8', 2016, 'perdido', 2);
INSERT INTO libro_autor (libro_id, autor_id) VALUES (499, 4);
INSERT INTO libro_autor (libro_id, autor_id) VALUES (499, 11);
INSERT INTO libro_autor (libro_id, autor_id) VALUES (499, 17);
INSERT INTO libro_categoria (libro_id, categoria_id) VALUES (499, 10);
INSERT INTO libro_categoria (libro_id, categoria_id) VALUES (499, 2);
INSERT INTO libros (id, titulo, isbn, anio_publicacion, estado, editorial_id) VALUES (500, 'Person reveal.', '978-1-939210-56-2', 2022, 'perdido', 10);
INSERT INTO libro_autor (libro_id, autor_id) VALUES (500, 18);
INSERT INTO libro_autor (libro_id, autor_id) VALUES (500, 13);
INSERT INTO libro_autor (libro_id, autor_id) VALUES (500, 5);
INSERT INTO libro_categoria (libro_id, categoria_id) VALUES (500, 4);
INSERT INTO libro_categoria (libro_id, categoria_id) VALUES (500, 9);

-- Préstamos y devoluciones
INSERT INTO prestamos (id, usuario_id, fecha_prestamo, fecha_devolucion) VALUES (1, 33, '2024-10-20', '2024-11-05');
INSERT INTO detalle_prestamo (prestamo_id, libro_id) VALUES (1, 492);
INSERT INTO detalle_prestamo (prestamo_id, libro_id) VALUES (1, 26);
INSERT INTO devoluciones (id, prestamo_id, fecha_devolucion, observaciones) VALUES (1, 1, '2024-11-05', 'Sin observaciones');
INSERT INTO prestamos (id, usuario_id, fecha_prestamo, fecha_devolucion) VALUES (2, 31, '2024-12-13', '2025-01-06');
INSERT INTO detalle_prestamo (prestamo_id, libro_id) VALUES (2, 403);
INSERT INTO detalle_prestamo (prestamo_id, libro_id) VALUES (2, 270);
INSERT INTO detalle_prestamo (prestamo_id, libro_id) VALUES (2, 343);
INSERT INTO devoluciones (id, prestamo_id, fecha_devolucion, observaciones) VALUES (2, 2, '2025-01-06', 'Sin observaciones');
INSERT INTO prestamos (id, usuario_id, fecha_prestamo, fecha_devolucion) VALUES (3, 49, '2024-11-05', '2024-11-29');
INSERT INTO detalle_prestamo (prestamo_id, libro_id) VALUES (3, 496);
INSERT INTO detalle_prestamo (prestamo_id, libro_id) VALUES (3, 283);
INSERT INTO devoluciones (id, prestamo_id, fecha_devolucion, observaciones) VALUES (3, 3, '2024-11-29', 'Sin observaciones');
INSERT INTO prestamos (id, usuario_id, fecha_prestamo, fecha_devolucion) VALUES (4, 33, '2025-02-27', '2025-03-16');
INSERT INTO detalle_prestamo (prestamo_id, libro_id) VALUES (4, 22);
INSERT INTO detalle_prestamo (prestamo_id, libro_id) VALUES (4, 412);
INSERT INTO detalle_prestamo (prestamo_id, libro_id) VALUES (4, 151);
INSERT INTO devoluciones (id, prestamo_id, fecha_devolucion, observaciones) VALUES (4, 4, '2025-03-16', 'Sin observaciones');
INSERT INTO prestamos (id, usuario_id, fecha_prestamo, fecha_devolucion) VALUES (5, 30, '2024-07-02', '2024-07-24');
INSERT INTO detalle_prestamo (prestamo_id, libro_id) VALUES (5, 183);
INSERT INTO detalle_prestamo (prestamo_id, libro_id) VALUES (5, 168);
INSERT INTO detalle_prestamo (prestamo_id, libro_id) VALUES (5, 343);
INSERT INTO prestamos (id, usuario_id, fecha_prestamo, fecha_devolucion) VALUES (6, 31, '2025-04-04', '2025-04-27');
INSERT INTO detalle_prestamo (prestamo_id, libro_id) VALUES (6, 86);
INSERT INTO detalle_prestamo (prestamo_id, libro_id) VALUES (6, 18);
INSERT INTO devoluciones (id, prestamo_id, fecha_devolucion, observaciones) VALUES (5, 6, '2025-04-27', 'Sin observaciones');
INSERT INTO prestamos (id, usuario_id, fecha_prestamo, fecha_devolucion) VALUES (7, 85, '2025-02-25', '2025-03-26');
INSERT INTO detalle_prestamo (prestamo_id, libro_id) VALUES (7, 436);
INSERT INTO devoluciones (id, prestamo_id, fecha_devolucion, observaciones) VALUES (6, 7, '2025-03-26', 'Sin observaciones');
INSERT INTO prestamos (id, usuario_id, fecha_prestamo, fecha_devolucion) VALUES (8, 4, '2024-07-13', '2024-07-28');
INSERT INTO detalle_prestamo (prestamo_id, libro_id) VALUES (8, 278);
INSERT INTO detalle_prestamo (prestamo_id, libro_id) VALUES (8, 96);
INSERT INTO detalle_prestamo (prestamo_id, libro_id) VALUES (8, 420);
INSERT INTO devoluciones (id, prestamo_id, fecha_devolucion, observaciones) VALUES (7, 8, '2024-07-28', 'Sin observaciones');
INSERT INTO prestamos (id, usuario_id, fecha_prestamo, fecha_devolucion) VALUES (9, 92, '2024-11-07', '2024-12-03');
INSERT INTO detalle_prestamo (prestamo_id, libro_id) VALUES (9, 345);
INSERT INTO detalle_prestamo (prestamo_id, libro_id) VALUES (9, 315);
INSERT INTO detalle_prestamo (prestamo_id, libro_id) VALUES (9, 57);
INSERT INTO prestamos (id, usuario_id, fecha_prestamo, fecha_devolucion) VALUES (10, 27, '2025-03-22', '2025-04-07');
INSERT INTO detalle_prestamo (prestamo_id, libro_id) VALUES (10, 72);
INSERT INTO devoluciones (id, prestamo_id, fecha_devolucion, observaciones) VALUES (8, 10, '2025-04-07', 'Sin observaciones');
INSERT INTO prestamos (id, usuario_id, fecha_prestamo, fecha_devolucion) VALUES (11, 46, '2025-02-15', '2025-03-06');
INSERT INTO detalle_prestamo (prestamo_id, libro_id) VALUES (11, 66);
INSERT INTO devoluciones (id, prestamo_id, fecha_devolucion, observaciones) VALUES (9, 11, '2025-03-06', 'Sin observaciones');
INSERT INTO prestamos (id, usuario_id, fecha_prestamo, fecha_devolucion) VALUES (12, 46, '2024-09-29', '2024-10-25');
INSERT INTO detalle_prestamo (prestamo_id, libro_id) VALUES (12, 381);
INSERT INTO detalle_prestamo (prestamo_id, libro_id) VALUES (12, 318);
INSERT INTO detalle_prestamo (prestamo_id, libro_id) VALUES (12, 191);
INSERT INTO prestamos (id, usuario_id, fecha_prestamo, fecha_devolucion) VALUES (13, 71, '2025-02-09', '2025-03-06');
INSERT INTO detalle_prestamo (prestamo_id, libro_id) VALUES (13, 55);
INSERT INTO detalle_prestamo (prestamo_id, libro_id) VALUES (13, 183);
INSERT INTO detalle_prestamo (prestamo_id, libro_id) VALUES (13, 397);
INSERT INTO devoluciones (id, prestamo_id, fecha_devolucion, observaciones) VALUES (10, 13, '2025-03-06', 'Sin observaciones');
INSERT INTO prestamos (id, usuario_id, fecha_prestamo, fecha_devolucion) VALUES (14, 17, '2024-07-21', '2024-07-29');
INSERT INTO detalle_prestamo (prestamo_id, libro_id) VALUES (14, 123);
INSERT INTO prestamos (id, usuario_id, fecha_prestamo, fecha_devolucion) VALUES (15, 81, '2024-08-05', '2024-08-30');
INSERT INTO detalle_prestamo (prestamo_id, libro_id) VALUES (15, 207);
INSERT INTO detalle_prestamo (prestamo_id, libro_id) VALUES (15, 291);
INSERT INTO detalle_prestamo (prestamo_id, libro_id) VALUES (15, 220);
INSERT INTO devoluciones (id, prestamo_id, fecha_devolucion, observaciones) VALUES (11, 15, '2024-08-30', 'Sin observaciones');
INSERT INTO prestamos (id, usuario_id, fecha_prestamo, fecha_devolucion) VALUES (16, 16, '2025-02-19', '2025-03-08');
INSERT INTO detalle_prestamo (prestamo_id, libro_id) VALUES (16, 306);
INSERT INTO devoluciones (id, prestamo_id, fecha_devolucion, observaciones) VALUES (12, 16, '2025-03-08', 'Sin observaciones');
INSERT INTO prestamos (id, usuario_id, fecha_prestamo, fecha_devolucion) VALUES (17, 5, '2024-11-09', '2024-11-27');
INSERT INTO detalle_prestamo (prestamo_id, libro_id) VALUES (17, 470);
INSERT INTO devoluciones (id, prestamo_id, fecha_devolucion, observaciones) VALUES (13, 17, '2024-11-27', 'Sin observaciones');
INSERT INTO prestamos (id, usuario_id, fecha_prestamo, fecha_devolucion) VALUES (18, 29, '2025-02-18', '2025-02-26');
INSERT INTO detalle_prestamo (prestamo_id, libro_id) VALUES (18, 220);
INSERT INTO detalle_prestamo (prestamo_id, libro_id) VALUES (18, 192);
INSERT INTO detalle_prestamo (prestamo_id, libro_id) VALUES (18, 115);
INSERT INTO prestamos (id, usuario_id, fecha_prestamo, fecha_devolucion) VALUES (19, 63, '2024-09-08', '2024-10-05');
INSERT INTO detalle_prestamo (prestamo_id, libro_id) VALUES (19, 122);
INSERT INTO detalle_prestamo (prestamo_id, libro_id) VALUES (19, 468);
INSERT INTO detalle_prestamo (prestamo_id, libro_id) VALUES (19, 69);
INSERT INTO devoluciones (id, prestamo_id, fecha_devolucion, observaciones) VALUES (14, 19, '2024-10-05', 'Sin observaciones');
INSERT INTO prestamos (id, usuario_id, fecha_prestamo, fecha_devolucion) VALUES (20, 59, '2025-03-22', '2025-04-17');
INSERT INTO detalle_prestamo (prestamo_id, libro_id) VALUES (20, 440);
INSERT INTO devoluciones (id, prestamo_id, fecha_devolucion, observaciones) VALUES (15, 20, '2025-04-17', 'Sin observaciones');
INSERT INTO prestamos (id, usuario_id, fecha_prestamo, fecha_devolucion) VALUES (21, 37, '2025-03-18', '2025-04-17');
INSERT INTO detalle_prestamo (prestamo_id, libro_id) VALUES (21, 352);
INSERT INTO devoluciones (id, prestamo_id, fecha_devolucion, observaciones) VALUES (16, 21, '2025-04-17', 'Sin observaciones');
INSERT INTO prestamos (id, usuario_id, fecha_prestamo, fecha_devolucion) VALUES (22, 59, '2024-08-29', '2024-09-14');
INSERT INTO detalle_prestamo (prestamo_id, libro_id) VALUES (22, 260);
INSERT INTO detalle_prestamo (prestamo_id, libro_id) VALUES (22, 335);
INSERT INTO detalle_prestamo (prestamo_id, libro_id) VALUES (22, 237);
INSERT INTO prestamos (id, usuario_id, fecha_prestamo, fecha_devolucion) VALUES (23, 7, '2025-05-15', '2025-05-24');
INSERT INTO detalle_prestamo (prestamo_id, libro_id) VALUES (23, 292);
INSERT INTO detalle_prestamo (prestamo_id, libro_id) VALUES (23, 495);
INSERT INTO detalle_prestamo (prestamo_id, libro_id) VALUES (23, 476);
INSERT INTO devoluciones (id, prestamo_id, fecha_devolucion, observaciones) VALUES (17, 23, '2025-05-24', 'Sin observaciones');
INSERT INTO prestamos (id, usuario_id, fecha_prestamo, fecha_devolucion) VALUES (24, 3, '2024-10-16', '2024-11-07');
INSERT INTO detalle_prestamo (prestamo_id, libro_id) VALUES (24, 89);
INSERT INTO devoluciones (id, prestamo_id, fecha_devolucion, observaciones) VALUES (18, 24, '2024-11-07', 'Sin observaciones');
INSERT INTO prestamos (id, usuario_id, fecha_prestamo, fecha_devolucion) VALUES (25, 94, '2024-09-24', '2024-10-04');
INSERT INTO detalle_prestamo (prestamo_id, libro_id) VALUES (25, 492);
INSERT INTO detalle_prestamo (prestamo_id, libro_id) VALUES (25, 145);
INSERT INTO detalle_prestamo (prestamo_id, libro_id) VALUES (25, 208);
INSERT INTO devoluciones (id, prestamo_id, fecha_devolucion, observaciones) VALUES (19, 25, '2024-10-04', 'Sin observaciones');
INSERT INTO prestamos (id, usuario_id, fecha_prestamo, fecha_devolucion) VALUES (26, 65, '2024-06-12', '2024-07-11');
INSERT INTO detalle_prestamo (prestamo_id, libro_id) VALUES (26, 272);
INSERT INTO detalle_prestamo (prestamo_id, libro_id) VALUES (26, 134);
INSERT INTO detalle_prestamo (prestamo_id, libro_id) VALUES (26, 308);
INSERT INTO devoluciones (id, prestamo_id, fecha_devolucion, observaciones) VALUES (20, 26, '2024-07-11', 'Sin observaciones');
INSERT INTO prestamos (id, usuario_id, fecha_prestamo, fecha_devolucion) VALUES (27, 32, '2024-09-20', '2024-10-10');
INSERT INTO detalle_prestamo (prestamo_id, libro_id) VALUES (27, 308);
INSERT INTO detalle_prestamo (prestamo_id, libro_id) VALUES (27, 462);
INSERT INTO prestamos (id, usuario_id, fecha_prestamo, fecha_devolucion) VALUES (28, 1, '2024-08-30', '2024-09-29');
INSERT INTO detalle_prestamo (prestamo_id, libro_id) VALUES (28, 104);
INSERT INTO detalle_prestamo (prestamo_id, libro_id) VALUES (28, 137);
INSERT INTO prestamos (id, usuario_id, fecha_prestamo, fecha_devolucion) VALUES (29, 9, '2024-12-08', '2024-12-30');
INSERT INTO detalle_prestamo (prestamo_id, libro_id) VALUES (29, 328);
INSERT INTO devoluciones (id, prestamo_id, fecha_devolucion, observaciones) VALUES (21, 29, '2024-12-30', 'Sin observaciones');
INSERT INTO prestamos (id, usuario_id, fecha_prestamo, fecha_devolucion) VALUES (30, 54, '2024-12-03', '2025-01-01');
INSERT INTO detalle_prestamo (prestamo_id, libro_id) VALUES (30, 440);
INSERT INTO prestamos (id, usuario_id, fecha_prestamo, fecha_devolucion) VALUES (31, 31, '2024-12-11', '2024-12-23');
INSERT INTO detalle_prestamo (prestamo_id, libro_id) VALUES (31, 80);
INSERT INTO detalle_prestamo (prestamo_id, libro_id) VALUES (31, 278);
INSERT INTO detalle_prestamo (prestamo_id, libro_id) VALUES (31, 421);
INSERT INTO prestamos (id, usuario_id, fecha_prestamo, fecha_devolucion) VALUES (32, 58, '2024-07-08', '2024-07-16');
INSERT INTO detalle_prestamo (prestamo_id, libro_id) VALUES (32, 413);
INSERT INTO detalle_prestamo (prestamo_id, libro_id) VALUES (32, 27);
INSERT INTO prestamos (id, usuario_id, fecha_prestamo, fecha_devolucion) VALUES (33, 87, '2025-01-22', '2025-02-09');
INSERT INTO detalle_prestamo (prestamo_id, libro_id) VALUES (33, 62);
INSERT INTO detalle_prestamo (prestamo_id, libro_id) VALUES (33, 447);
INSERT INTO prestamos (id, usuario_id, fecha_prestamo, fecha_devolucion) VALUES (34, 25, '2025-03-04', '2025-03-16');
INSERT INTO detalle_prestamo (prestamo_id, libro_id) VALUES (34, 306);
INSERT INTO detalle_prestamo (prestamo_id, libro_id) VALUES (34, 468);
INSERT INTO detalle_prestamo (prestamo_id, libro_id) VALUES (34, 56);
INSERT INTO devoluciones (id, prestamo_id, fecha_devolucion, observaciones) VALUES (22, 34, '2025-03-16', 'Sin observaciones');
INSERT INTO prestamos (id, usuario_id, fecha_prestamo, fecha_devolucion) VALUES (35, 83, '2024-09-10', '2024-09-22');
INSERT INTO detalle_prestamo (prestamo_id, libro_id) VALUES (35, 371);
INSERT INTO detalle_prestamo (prestamo_id, libro_id) VALUES (35, 369);
INSERT INTO devoluciones (id, prestamo_id, fecha_devolucion, observaciones) VALUES (23, 35, '2024-09-22', 'Sin observaciones');
INSERT INTO prestamos (id, usuario_id, fecha_prestamo, fecha_devolucion) VALUES (36, 89, '2025-05-15', '2025-06-05');
INSERT INTO detalle_prestamo (prestamo_id, libro_id) VALUES (36, 364);
INSERT INTO devoluciones (id, prestamo_id, fecha_devolucion, observaciones) VALUES (24, 36, '2025-06-05', 'Sin observaciones');
INSERT INTO prestamos (id, usuario_id, fecha_prestamo, fecha_devolucion) VALUES (37, 52, '2024-08-15', '2024-09-01');
INSERT INTO detalle_prestamo (prestamo_id, libro_id) VALUES (37, 375);
INSERT INTO detalle_prestamo (prestamo_id, libro_id) VALUES (37, 93);
INSERT INTO detalle_prestamo (prestamo_id, libro_id) VALUES (37, 26);
INSERT INTO devoluciones (id, prestamo_id, fecha_devolucion, observaciones) VALUES (25, 37, '2024-09-01', 'Sin observaciones');
INSERT INTO prestamos (id, usuario_id, fecha_prestamo, fecha_devolucion) VALUES (38, 98, '2025-03-25', '2025-04-11');
INSERT INTO detalle_prestamo (prestamo_id, libro_id) VALUES (38, 118);
INSERT INTO detalle_prestamo (prestamo_id, libro_id) VALUES (38, 3);
INSERT INTO devoluciones (id, prestamo_id, fecha_devolucion, observaciones) VALUES (26, 38, '2025-04-11', 'Sin observaciones');
INSERT INTO prestamos (id, usuario_id, fecha_prestamo, fecha_devolucion) VALUES (39, 34, '2024-06-21', '2024-06-28');
INSERT INTO detalle_prestamo (prestamo_id, libro_id) VALUES (39, 296);
INSERT INTO detalle_prestamo (prestamo_id, libro_id) VALUES (39, 113);
INSERT INTO devoluciones (id, prestamo_id, fecha_devolucion, observaciones) VALUES (27, 39, '2024-06-28', 'Sin observaciones');
INSERT INTO prestamos (id, usuario_id, fecha_prestamo, fecha_devolucion) VALUES (40, 84, '2024-07-07', '2024-07-31');
INSERT INTO detalle_prestamo (prestamo_id, libro_id) VALUES (40, 352);
INSERT INTO detalle_prestamo (prestamo_id, libro_id) VALUES (40, 293);
INSERT INTO detalle_prestamo (prestamo_id, libro_id) VALUES (40, 192);
INSERT INTO prestamos (id, usuario_id, fecha_prestamo, fecha_devolucion) VALUES (41, 9, '2024-06-07', '2024-06-24');
INSERT INTO detalle_prestamo (prestamo_id, libro_id) VALUES (41, 51);
INSERT INTO prestamos (id, usuario_id, fecha_prestamo, fecha_devolucion) VALUES (42, 13, '2024-10-25', '2024-11-08');
INSERT INTO detalle_prestamo (prestamo_id, libro_id) VALUES (42, 358);
INSERT INTO detalle_prestamo (prestamo_id, libro_id) VALUES (42, 131);
INSERT INTO detalle_prestamo (prestamo_id, libro_id) VALUES (42, 316);
INSERT INTO devoluciones (id, prestamo_id, fecha_devolucion, observaciones) VALUES (28, 42, '2024-11-08', 'Sin observaciones');
INSERT INTO prestamos (id, usuario_id, fecha_prestamo, fecha_devolucion) VALUES (43, 49, '2024-12-06', '2024-12-26');
INSERT INTO detalle_prestamo (prestamo_id, libro_id) VALUES (43, 406);
INSERT INTO prestamos (id, usuario_id, fecha_prestamo, fecha_devolucion) VALUES (44, 64, '2024-06-15', '2024-06-29');
INSERT INTO detalle_prestamo (prestamo_id, libro_id) VALUES (44, 115);
INSERT INTO detalle_prestamo (prestamo_id, libro_id) VALUES (44, 146);
INSERT INTO detalle_prestamo (prestamo_id, libro_id) VALUES (44, 279);
INSERT INTO prestamos (id, usuario_id, fecha_prestamo, fecha_devolucion) VALUES (45, 64, '2025-05-07', '2025-06-03');
INSERT INTO detalle_prestamo (prestamo_id, libro_id) VALUES (45, 89);
INSERT INTO detalle_prestamo (prestamo_id, libro_id) VALUES (45, 283);
INSERT INTO detalle_prestamo (prestamo_id, libro_id) VALUES (45, 79);
INSERT INTO prestamos (id, usuario_id, fecha_prestamo, fecha_devolucion) VALUES (46, 15, '2025-05-18', '2025-06-08');
INSERT INTO detalle_prestamo (prestamo_id, libro_id) VALUES (46, 207);
INSERT INTO detalle_prestamo (prestamo_id, libro_id) VALUES (46, 271);
INSERT INTO detalle_prestamo (prestamo_id, libro_id) VALUES (46, 402);
INSERT INTO prestamos (id, usuario_id, fecha_prestamo, fecha_devolucion) VALUES (47, 15, '2024-06-07', '2024-06-28');
INSERT INTO detalle_prestamo (prestamo_id, libro_id) VALUES (47, 120);
INSERT INTO detalle_prestamo (prestamo_id, libro_id) VALUES (47, 30);
INSERT INTO detalle_prestamo (prestamo_id, libro_id) VALUES (47, 2);
INSERT INTO prestamos (id, usuario_id, fecha_prestamo, fecha_devolucion) VALUES (48, 49, '2024-06-26', '2024-07-07');
INSERT INTO detalle_prestamo (prestamo_id, libro_id) VALUES (48, 294);
INSERT INTO detalle_prestamo (prestamo_id, libro_id) VALUES (48, 39);
INSERT INTO detalle_prestamo (prestamo_id, libro_id) VALUES (48, 173);
INSERT INTO devoluciones (id, prestamo_id, fecha_devolucion, observaciones) VALUES (29, 48, '2024-07-07', 'Sin observaciones');
INSERT INTO prestamos (id, usuario_id, fecha_prestamo, fecha_devolucion) VALUES (49, 51, '2025-03-22', '2025-04-07');
INSERT INTO detalle_prestamo (prestamo_id, libro_id) VALUES (49, 96);
INSERT INTO devoluciones (id, prestamo_id, fecha_devolucion, observaciones) VALUES (30, 49, '2025-04-07', 'Sin observaciones');
INSERT INTO prestamos (id, usuario_id, fecha_prestamo, fecha_devolucion) VALUES (50, 30, '2024-07-07', '2024-08-05');
INSERT INTO detalle_prestamo (prestamo_id, libro_id) VALUES (50, 230);
INSERT INTO detalle_prestamo (prestamo_id, libro_id) VALUES (50, 179);
INSERT INTO detalle_prestamo (prestamo_id, libro_id) VALUES (50, 174);
INSERT INTO devoluciones (id, prestamo_id, fecha_devolucion, observaciones) VALUES (31, 50, '2024-08-05', 'Sin observaciones');
INSERT INTO prestamos (id, usuario_id, fecha_prestamo, fecha_devolucion) VALUES (51, 39, '2024-06-03', '2024-06-17');
INSERT INTO detalle_prestamo (prestamo_id, libro_id) VALUES (51, 198);
INSERT INTO detalle_prestamo (prestamo_id, libro_id) VALUES (51, 170);
INSERT INTO prestamos (id, usuario_id, fecha_prestamo, fecha_devolucion) VALUES (52, 42, '2025-05-18', '2025-06-02');
INSERT INTO detalle_prestamo (prestamo_id, libro_id) VALUES (52, 305);
INSERT INTO detalle_prestamo (prestamo_id, libro_id) VALUES (52, 160);
INSERT INTO detalle_prestamo (prestamo_id, libro_id) VALUES (52, 272);
INSERT INTO prestamos (id, usuario_id, fecha_prestamo, fecha_devolucion) VALUES (53, 55, '2025-01-20', '2025-02-07');
INSERT INTO detalle_prestamo (prestamo_id, libro_id) VALUES (53, 16);
INSERT INTO detalle_prestamo (prestamo_id, libro_id) VALUES (53, 132);
INSERT INTO detalle_prestamo (prestamo_id, libro_id) VALUES (53, 232);
INSERT INTO prestamos (id, usuario_id, fecha_prestamo, fecha_devolucion) VALUES (54, 37, '2025-04-07', '2025-04-27');
INSERT INTO detalle_prestamo (prestamo_id, libro_id) VALUES (54, 118);
INSERT INTO prestamos (id, usuario_id, fecha_prestamo, fecha_devolucion) VALUES (55, 35, '2024-10-15', '2024-11-04');
INSERT INTO detalle_prestamo (prestamo_id, libro_id) VALUES (55, 376);
INSERT INTO devoluciones (id, prestamo_id, fecha_devolucion, observaciones) VALUES (32, 55, '2024-11-04', 'Sin observaciones');
INSERT INTO prestamos (id, usuario_id, fecha_prestamo, fecha_devolucion) VALUES (56, 31, '2024-08-23', '2024-09-06');
INSERT INTO detalle_prestamo (prestamo_id, libro_id) VALUES (56, 252);
INSERT INTO detalle_prestamo (prestamo_id, libro_id) VALUES (56, 457);
INSERT INTO devoluciones (id, prestamo_id, fecha_devolucion, observaciones) VALUES (33, 56, '2024-09-06', 'Sin observaciones');
INSERT INTO prestamos (id, usuario_id, fecha_prestamo, fecha_devolucion) VALUES (57, 4, '2025-01-07', '2025-01-17');
INSERT INTO detalle_prestamo (prestamo_id, libro_id) VALUES (57, 346);
INSERT INTO detalle_prestamo (prestamo_id, libro_id) VALUES (57, 177);
INSERT INTO prestamos (id, usuario_id, fecha_prestamo, fecha_devolucion) VALUES (58, 20, '2025-04-04', '2025-05-04');
INSERT INTO detalle_prestamo (prestamo_id, libro_id) VALUES (58, 382);
INSERT INTO detalle_prestamo (prestamo_id, libro_id) VALUES (58, 436);
INSERT INTO detalle_prestamo (prestamo_id, libro_id) VALUES (58, 8);
INSERT INTO prestamos (id, usuario_id, fecha_prestamo, fecha_devolucion) VALUES (59, 13, '2025-05-28', '2025-06-08');
INSERT INTO detalle_prestamo (prestamo_id, libro_id) VALUES (59, 181);
INSERT INTO prestamos (id, usuario_id, fecha_prestamo, fecha_devolucion) VALUES (60, 63, '2025-04-03', '2025-04-25');
INSERT INTO detalle_prestamo (prestamo_id, libro_id) VALUES (60, 467);
INSERT INTO detalle_prestamo (prestamo_id, libro_id) VALUES (60, 342);
INSERT INTO detalle_prestamo (prestamo_id, libro_id) VALUES (60, 37);
INSERT INTO devoluciones (id, prestamo_id, fecha_devolucion, observaciones) VALUES (34, 60, '2025-04-25', 'Sin observaciones');
INSERT INTO prestamos (id, usuario_id, fecha_prestamo, fecha_devolucion) VALUES (61, 5, '2024-09-20', '2024-10-13');
INSERT INTO detalle_prestamo (prestamo_id, libro_id) VALUES (61, 458);
INSERT INTO devoluciones (id, prestamo_id, fecha_devolucion, observaciones) VALUES (35, 61, '2024-10-13', 'Sin observaciones');
INSERT INTO prestamos (id, usuario_id, fecha_prestamo, fecha_devolucion) VALUES (62, 80, '2025-03-04', '2025-03-19');
INSERT INTO detalle_prestamo (prestamo_id, libro_id) VALUES (62, 161);
INSERT INTO detalle_prestamo (prestamo_id, libro_id) VALUES (62, 149);
INSERT INTO detalle_prestamo (prestamo_id, libro_id) VALUES (62, 491);
INSERT INTO devoluciones (id, prestamo_id, fecha_devolucion, observaciones) VALUES (36, 62, '2025-03-19', 'Sin observaciones');
INSERT INTO prestamos (id, usuario_id, fecha_prestamo, fecha_devolucion) VALUES (63, 43, '2024-12-26', '2025-01-16');
INSERT INTO detalle_prestamo (prestamo_id, libro_id) VALUES (63, 246);
INSERT INTO detalle_prestamo (prestamo_id, libro_id) VALUES (63, 54);
INSERT INTO detalle_prestamo (prestamo_id, libro_id) VALUES (63, 359);
INSERT INTO prestamos (id, usuario_id, fecha_prestamo, fecha_devolucion) VALUES (64, 31, '2025-04-22', '2025-05-17');
INSERT INTO detalle_prestamo (prestamo_id, libro_id) VALUES (64, 2);
INSERT INTO devoluciones (id, prestamo_id, fecha_devolucion, observaciones) VALUES (37, 64, '2025-05-17', 'Sin observaciones');
INSERT INTO prestamos (id, usuario_id, fecha_prestamo, fecha_devolucion) VALUES (65, 17, '2024-10-10', '2024-11-08');
INSERT INTO detalle_prestamo (prestamo_id, libro_id) VALUES (65, 227);
INSERT INTO detalle_prestamo (prestamo_id, libro_id) VALUES (65, 184);
INSERT INTO devoluciones (id, prestamo_id, fecha_devolucion, observaciones) VALUES (38, 65, '2024-11-08', 'Sin observaciones');
INSERT INTO prestamos (id, usuario_id, fecha_prestamo, fecha_devolucion) VALUES (66, 70, '2024-08-30', '2024-09-06');
INSERT INTO detalle_prestamo (prestamo_id, libro_id) VALUES (66, 268);
INSERT INTO prestamos (id, usuario_id, fecha_prestamo, fecha_devolucion) VALUES (67, 96, '2025-05-17', '2025-06-11');
INSERT INTO detalle_prestamo (prestamo_id, libro_id) VALUES (67, 23);
INSERT INTO detalle_prestamo (prestamo_id, libro_id) VALUES (67, 141);
INSERT INTO prestamos (id, usuario_id, fecha_prestamo, fecha_devolucion) VALUES (68, 89, '2025-03-27', '2025-04-20');
INSERT INTO detalle_prestamo (prestamo_id, libro_id) VALUES (68, 177);
INSERT INTO detalle_prestamo (prestamo_id, libro_id) VALUES (68, 335);
INSERT INTO detalle_prestamo (prestamo_id, libro_id) VALUES (68, 144);
INSERT INTO devoluciones (id, prestamo_id, fecha_devolucion, observaciones) VALUES (39, 68, '2025-04-20', 'Sin observaciones');
INSERT INTO prestamos (id, usuario_id, fecha_prestamo, fecha_devolucion) VALUES (69, 77, '2025-03-08', '2025-04-06');
INSERT INTO detalle_prestamo (prestamo_id, libro_id) VALUES (69, 237);
INSERT INTO detalle_prestamo (prestamo_id, libro_id) VALUES (69, 102);
INSERT INTO devoluciones (id, prestamo_id, fecha_devolucion, observaciones) VALUES (40, 69, '2025-04-06', 'Sin observaciones');
INSERT INTO prestamos (id, usuario_id, fecha_prestamo, fecha_devolucion) VALUES (70, 37, '2024-12-15', '2025-01-11');
INSERT INTO detalle_prestamo (prestamo_id, libro_id) VALUES (70, 127);
INSERT INTO detalle_prestamo (prestamo_id, libro_id) VALUES (70, 392);
INSERT INTO prestamos (id, usuario_id, fecha_prestamo, fecha_devolucion) VALUES (71, 86, '2024-09-21', '2024-10-02');
INSERT INTO detalle_prestamo (prestamo_id, libro_id) VALUES (71, 226);
INSERT INTO prestamos (id, usuario_id, fecha_prestamo, fecha_devolucion) VALUES (72, 56, '2024-11-14', '2024-12-07');
INSERT INTO detalle_prestamo (prestamo_id, libro_id) VALUES (72, 120);
INSERT INTO detalle_prestamo (prestamo_id, libro_id) VALUES (72, 69);
INSERT INTO detalle_prestamo (prestamo_id, libro_id) VALUES (72, 308);
INSERT INTO devoluciones (id, prestamo_id, fecha_devolucion, observaciones) VALUES (41, 72, '2024-12-07', 'Sin observaciones');
INSERT INTO prestamos (id, usuario_id, fecha_prestamo, fecha_devolucion) VALUES (73, 1, '2024-11-09', '2024-11-18');
INSERT INTO detalle_prestamo (prestamo_id, libro_id) VALUES (73, 331);
INSERT INTO detalle_prestamo (prestamo_id, libro_id) VALUES (73, 36);
INSERT INTO detalle_prestamo (prestamo_id, libro_id) VALUES (73, 71);
INSERT INTO prestamos (id, usuario_id, fecha_prestamo, fecha_devolucion) VALUES (74, 84, '2025-04-14', '2025-05-01');
INSERT INTO detalle_prestamo (prestamo_id, libro_id) VALUES (74, 244);
INSERT INTO prestamos (id, usuario_id, fecha_prestamo, fecha_devolucion) VALUES (75, 17, '2024-11-06', '2024-11-14');
INSERT INTO detalle_prestamo (prestamo_id, libro_id) VALUES (75, 431);
INSERT INTO detalle_prestamo (prestamo_id, libro_id) VALUES (75, 412);
INSERT INTO devoluciones (id, prestamo_id, fecha_devolucion, observaciones) VALUES (42, 75, '2024-11-14', 'Sin observaciones');
INSERT INTO prestamos (id, usuario_id, fecha_prestamo, fecha_devolucion) VALUES (76, 25, '2024-07-24', '2024-08-03');
INSERT INTO detalle_prestamo (prestamo_id, libro_id) VALUES (76, 123);
INSERT INTO detalle_prestamo (prestamo_id, libro_id) VALUES (76, 388);
INSERT INTO devoluciones (id, prestamo_id, fecha_devolucion, observaciones) VALUES (43, 76, '2024-08-03', 'Sin observaciones');
INSERT INTO prestamos (id, usuario_id, fecha_prestamo, fecha_devolucion) VALUES (77, 6, '2024-12-21', '2025-01-16');
INSERT INTO detalle_prestamo (prestamo_id, libro_id) VALUES (77, 92);
INSERT INTO detalle_prestamo (prestamo_id, libro_id) VALUES (77, 455);
INSERT INTO detalle_prestamo (prestamo_id, libro_id) VALUES (77, 30);
INSERT INTO prestamos (id, usuario_id, fecha_prestamo, fecha_devolucion) VALUES (78, 67, '2024-07-15', '2024-08-04');
INSERT INTO detalle_prestamo (prestamo_id, libro_id) VALUES (78, 253);
INSERT INTO detalle_prestamo (prestamo_id, libro_id) VALUES (78, 218);
INSERT INTO detalle_prestamo (prestamo_id, libro_id) VALUES (78, 304);
INSERT INTO devoluciones (id, prestamo_id, fecha_devolucion, observaciones) VALUES (44, 78, '2024-08-04', 'Sin observaciones');
INSERT INTO prestamos (id, usuario_id, fecha_prestamo, fecha_devolucion) VALUES (79, 42, '2025-01-27', '2025-02-10');
INSERT INTO detalle_prestamo (prestamo_id, libro_id) VALUES (79, 499);
INSERT INTO detalle_prestamo (prestamo_id, libro_id) VALUES (79, 345);
INSERT INTO devoluciones (id, prestamo_id, fecha_devolucion, observaciones) VALUES (45, 79, '2025-02-10', 'Sin observaciones');
INSERT INTO prestamos (id, usuario_id, fecha_prestamo, fecha_devolucion) VALUES (80, 4, '2024-07-16', '2024-07-31');
INSERT INTO detalle_prestamo (prestamo_id, libro_id) VALUES (80, 113);
INSERT INTO detalle_prestamo (prestamo_id, libro_id) VALUES (80, 244);
INSERT INTO devoluciones (id, prestamo_id, fecha_devolucion, observaciones) VALUES (46, 80, '2024-07-31', 'Sin observaciones');
INSERT INTO prestamos (id, usuario_id, fecha_prestamo, fecha_devolucion) VALUES (81, 51, '2025-04-16', '2025-04-23');
INSERT INTO detalle_prestamo (prestamo_id, libro_id) VALUES (81, 354);
INSERT INTO devoluciones (id, prestamo_id, fecha_devolucion, observaciones) VALUES (47, 81, '2025-04-23', 'Sin observaciones');
INSERT INTO prestamos (id, usuario_id, fecha_prestamo, fecha_devolucion) VALUES (82, 13, '2024-10-20', '2024-11-12');
INSERT INTO detalle_prestamo (prestamo_id, libro_id) VALUES (82, 15);
INSERT INTO detalle_prestamo (prestamo_id, libro_id) VALUES (82, 411);
INSERT INTO devoluciones (id, prestamo_id, fecha_devolucion, observaciones) VALUES (48, 82, '2024-11-12', 'Sin observaciones');
INSERT INTO prestamos (id, usuario_id, fecha_prestamo, fecha_devolucion) VALUES (83, 99, '2025-01-31', '2025-02-13');
INSERT INTO detalle_prestamo (prestamo_id, libro_id) VALUES (83, 410);
INSERT INTO prestamos (id, usuario_id, fecha_prestamo, fecha_devolucion) VALUES (84, 98, '2024-10-22', '2024-11-20');
INSERT INTO detalle_prestamo (prestamo_id, libro_id) VALUES (84, 97);
INSERT INTO detalle_prestamo (prestamo_id, libro_id) VALUES (84, 224);
INSERT INTO detalle_prestamo (prestamo_id, libro_id) VALUES (84, 55);
INSERT INTO devoluciones (id, prestamo_id, fecha_devolucion, observaciones) VALUES (49, 84, '2024-11-20', 'Sin observaciones');
INSERT INTO prestamos (id, usuario_id, fecha_prestamo, fecha_devolucion) VALUES (85, 52, '2024-11-22', '2024-12-22');
INSERT INTO detalle_prestamo (prestamo_id, libro_id) VALUES (85, 420);
INSERT INTO detalle_prestamo (prestamo_id, libro_id) VALUES (85, 438);
INSERT INTO devoluciones (id, prestamo_id, fecha_devolucion, observaciones) VALUES (50, 85, '2024-12-22', 'Sin observaciones');
INSERT INTO prestamos (id, usuario_id, fecha_prestamo, fecha_devolucion) VALUES (86, 80, '2024-09-09', '2024-10-02');
INSERT INTO detalle_prestamo (prestamo_id, libro_id) VALUES (86, 86);
INSERT INTO detalle_prestamo (prestamo_id, libro_id) VALUES (86, 500);
INSERT INTO devoluciones (id, prestamo_id, fecha_devolucion, observaciones) VALUES (51, 86, '2024-10-02', 'Sin observaciones');
INSERT INTO prestamos (id, usuario_id, fecha_prestamo, fecha_devolucion) VALUES (87, 22, '2024-07-16', '2024-08-14');
INSERT INTO detalle_prestamo (prestamo_id, libro_id) VALUES (87, 119);
INSERT INTO detalle_prestamo (prestamo_id, libro_id) VALUES (87, 264);
INSERT INTO detalle_prestamo (prestamo_id, libro_id) VALUES (87, 12);
INSERT INTO prestamos (id, usuario_id, fecha_prestamo, fecha_devolucion) VALUES (88, 60, '2024-09-05', '2024-09-23');
INSERT INTO detalle_prestamo (prestamo_id, libro_id) VALUES (88, 405);
INSERT INTO detalle_prestamo (prestamo_id, libro_id) VALUES (88, 138);
INSERT INTO prestamos (id, usuario_id, fecha_prestamo, fecha_devolucion) VALUES (89, 16, '2024-12-04', '2024-12-18');
INSERT INTO detalle_prestamo (prestamo_id, libro_id) VALUES (89, 444);
INSERT INTO detalle_prestamo (prestamo_id, libro_id) VALUES (89, 59);
INSERT INTO detalle_prestamo (prestamo_id, libro_id) VALUES (89, 164);
INSERT INTO prestamos (id, usuario_id, fecha_prestamo, fecha_devolucion) VALUES (90, 66, '2024-07-28', '2024-08-20');
INSERT INTO detalle_prestamo (prestamo_id, libro_id) VALUES (90, 189);
INSERT INTO devoluciones (id, prestamo_id, fecha_devolucion, observaciones) VALUES (52, 90, '2024-08-20', 'Sin observaciones');
INSERT INTO prestamos (id, usuario_id, fecha_prestamo, fecha_devolucion) VALUES (91, 30, '2024-07-23', '2024-08-02');
INSERT INTO detalle_prestamo (prestamo_id, libro_id) VALUES (91, 255);
INSERT INTO prestamos (id, usuario_id, fecha_prestamo, fecha_devolucion) VALUES (92, 86, '2025-03-30', '2025-04-18');
INSERT INTO detalle_prestamo (prestamo_id, libro_id) VALUES (92, 145);
INSERT INTO detalle_prestamo (prestamo_id, libro_id) VALUES (92, 91);
INSERT INTO detalle_prestamo (prestamo_id, libro_id) VALUES (92, 488);
INSERT INTO devoluciones (id, prestamo_id, fecha_devolucion, observaciones) VALUES (53, 92, '2025-04-18', 'Sin observaciones');
INSERT INTO prestamos (id, usuario_id, fecha_prestamo, fecha_devolucion) VALUES (93, 48, '2024-06-02', '2024-06-18');
INSERT INTO detalle_prestamo (prestamo_id, libro_id) VALUES (93, 357);
INSERT INTO devoluciones (id, prestamo_id, fecha_devolucion, observaciones) VALUES (54, 93, '2024-06-18', 'Sin observaciones');
INSERT INTO prestamos (id, usuario_id, fecha_prestamo, fecha_devolucion) VALUES (94, 11, '2024-11-01', '2024-11-23');
INSERT INTO detalle_prestamo (prestamo_id, libro_id) VALUES (94, 339);
INSERT INTO detalle_prestamo (prestamo_id, libro_id) VALUES (94, 200);
INSERT INTO detalle_prestamo (prestamo_id, libro_id) VALUES (94, 252);
INSERT INTO prestamos (id, usuario_id, fecha_prestamo, fecha_devolucion) VALUES (95, 6, '2024-11-05', '2024-11-29');
INSERT INTO detalle_prestamo (prestamo_id, libro_id) VALUES (95, 37);
INSERT INTO detalle_prestamo (prestamo_id, libro_id) VALUES (95, 174);
INSERT INTO detalle_prestamo (prestamo_id, libro_id) VALUES (95, 221);
INSERT INTO prestamos (id, usuario_id, fecha_prestamo, fecha_devolucion) VALUES (96, 85, '2025-04-11', '2025-05-11');
INSERT INTO detalle_prestamo (prestamo_id, libro_id) VALUES (96, 263);
INSERT INTO detalle_prestamo (prestamo_id, libro_id) VALUES (96, 430);
INSERT INTO prestamos (id, usuario_id, fecha_prestamo, fecha_devolucion) VALUES (97, 53, '2024-12-04', '2025-01-03');
INSERT INTO detalle_prestamo (prestamo_id, libro_id) VALUES (97, 493);
INSERT INTO devoluciones (id, prestamo_id, fecha_devolucion, observaciones) VALUES (55, 97, '2025-01-03', 'Sin observaciones');
INSERT INTO prestamos (id, usuario_id, fecha_prestamo, fecha_devolucion) VALUES (98, 26, '2024-09-16', '2024-09-30');
INSERT INTO detalle_prestamo (prestamo_id, libro_id) VALUES (98, 288);
INSERT INTO prestamos (id, usuario_id, fecha_prestamo, fecha_devolucion) VALUES (99, 100, '2024-09-25', '2024-10-07');
INSERT INTO detalle_prestamo (prestamo_id, libro_id) VALUES (99, 453);
INSERT INTO devoluciones (id, prestamo_id, fecha_devolucion, observaciones) VALUES (56, 99, '2024-10-07', 'Sin observaciones');
INSERT INTO prestamos (id, usuario_id, fecha_prestamo, fecha_devolucion) VALUES (100, 84, '2024-08-14', '2024-09-04');
INSERT INTO detalle_prestamo (prestamo_id, libro_id) VALUES (100, 214);
INSERT INTO detalle_prestamo (prestamo_id, libro_id) VALUES (100, 154);
INSERT INTO detalle_prestamo (prestamo_id, libro_id) VALUES (100, 261);
INSERT INTO prestamos (id, usuario_id, fecha_prestamo, fecha_devolucion) VALUES (101, 5, '2025-02-21', '2025-03-11');
INSERT INTO detalle_prestamo (prestamo_id, libro_id) VALUES (101, 152);
INSERT INTO devoluciones (id, prestamo_id, fecha_devolucion, observaciones) VALUES (57, 101, '2025-03-11', 'Sin observaciones');
INSERT INTO prestamos (id, usuario_id, fecha_prestamo, fecha_devolucion) VALUES (102, 59, '2025-06-01', '2025-06-11');
INSERT INTO detalle_prestamo (prestamo_id, libro_id) VALUES (102, 115);
INSERT INTO devoluciones (id, prestamo_id, fecha_devolucion, observaciones) VALUES (58, 102, '2025-06-11', 'Sin observaciones');
INSERT INTO prestamos (id, usuario_id, fecha_prestamo, fecha_devolucion) VALUES (103, 59, '2025-01-04', '2025-01-31');
INSERT INTO detalle_prestamo (prestamo_id, libro_id) VALUES (103, 341);
INSERT INTO detalle_prestamo (prestamo_id, libro_id) VALUES (103, 403);
INSERT INTO detalle_prestamo (prestamo_id, libro_id) VALUES (103, 491);
INSERT INTO devoluciones (id, prestamo_id, fecha_devolucion, observaciones) VALUES (59, 103, '2025-01-31', 'Sin observaciones');
INSERT INTO prestamos (id, usuario_id, fecha_prestamo, fecha_devolucion) VALUES (104, 100, '2024-08-19', '2024-09-07');
INSERT INTO detalle_prestamo (prestamo_id, libro_id) VALUES (104, 89);
INSERT INTO detalle_prestamo (prestamo_id, libro_id) VALUES (104, 49);
INSERT INTO detalle_prestamo (prestamo_id, libro_id) VALUES (104, 404);
INSERT INTO prestamos (id, usuario_id, fecha_prestamo, fecha_devolucion) VALUES (105, 36, '2024-10-27', '2024-11-19');
INSERT INTO detalle_prestamo (prestamo_id, libro_id) VALUES (105, 485);
INSERT INTO prestamos (id, usuario_id, fecha_prestamo, fecha_devolucion) VALUES (106, 49, '2024-10-19', '2024-11-14');
INSERT INTO detalle_prestamo (prestamo_id, libro_id) VALUES (106, 243);
INSERT INTO devoluciones (id, prestamo_id, fecha_devolucion, observaciones) VALUES (60, 106, '2024-11-14', 'Sin observaciones');
INSERT INTO prestamos (id, usuario_id, fecha_prestamo, fecha_devolucion) VALUES (107, 79, '2024-11-18', '2024-12-07');
INSERT INTO detalle_prestamo (prestamo_id, libro_id) VALUES (107, 231);
INSERT INTO detalle_prestamo (prestamo_id, libro_id) VALUES (107, 239);
INSERT INTO devoluciones (id, prestamo_id, fecha_devolucion, observaciones) VALUES (61, 107, '2024-12-07', 'Sin observaciones');
INSERT INTO prestamos (id, usuario_id, fecha_prestamo, fecha_devolucion) VALUES (108, 16, '2025-03-26', '2025-04-14');
INSERT INTO detalle_prestamo (prestamo_id, libro_id) VALUES (108, 391);
INSERT INTO detalle_prestamo (prestamo_id, libro_id) VALUES (108, 415);
INSERT INTO detalle_prestamo (prestamo_id, libro_id) VALUES (108, 292);
INSERT INTO devoluciones (id, prestamo_id, fecha_devolucion, observaciones) VALUES (62, 108, '2025-04-14', 'Sin observaciones');
INSERT INTO prestamos (id, usuario_id, fecha_prestamo, fecha_devolucion) VALUES (109, 18, '2024-06-10', '2024-06-30');
INSERT INTO detalle_prestamo (prestamo_id, libro_id) VALUES (109, 345);
INSERT INTO detalle_prestamo (prestamo_id, libro_id) VALUES (109, 245);
INSERT INTO detalle_prestamo (prestamo_id, libro_id) VALUES (109, 301);
INSERT INTO prestamos (id, usuario_id, fecha_prestamo, fecha_devolucion) VALUES (110, 46, '2024-08-10', '2024-09-07');
INSERT INTO detalle_prestamo (prestamo_id, libro_id) VALUES (110, 332);
INSERT INTO detalle_prestamo (prestamo_id, libro_id) VALUES (110, 373);
INSERT INTO detalle_prestamo (prestamo_id, libro_id) VALUES (110, 498);
INSERT INTO devoluciones (id, prestamo_id, fecha_devolucion, observaciones) VALUES (63, 110, '2024-09-07', 'Sin observaciones');
INSERT INTO prestamos (id, usuario_id, fecha_prestamo, fecha_devolucion) VALUES (111, 46, '2025-04-28', '2025-05-19');
INSERT INTO detalle_prestamo (prestamo_id, libro_id) VALUES (111, 43);
INSERT INTO prestamos (id, usuario_id, fecha_prestamo, fecha_devolucion) VALUES (112, 1, '2024-10-10', '2024-10-17');
INSERT INTO detalle_prestamo (prestamo_id, libro_id) VALUES (112, 453);
INSERT INTO prestamos (id, usuario_id, fecha_prestamo, fecha_devolucion) VALUES (113, 51, '2025-01-22', '2025-01-31');
INSERT INTO detalle_prestamo (prestamo_id, libro_id) VALUES (113, 246);
INSERT INTO prestamos (id, usuario_id, fecha_prestamo, fecha_devolucion) VALUES (114, 57, '2024-08-19', '2024-09-02');
INSERT INTO detalle_prestamo (prestamo_id, libro_id) VALUES (114, 332);
INSERT INTO devoluciones (id, prestamo_id, fecha_devolucion, observaciones) VALUES (64, 114, '2024-09-02', 'Sin observaciones');
INSERT INTO prestamos (id, usuario_id, fecha_prestamo, fecha_devolucion) VALUES (115, 87, '2024-10-03', '2024-10-14');
INSERT INTO detalle_prestamo (prestamo_id, libro_id) VALUES (115, 136);
INSERT INTO detalle_prestamo (prestamo_id, libro_id) VALUES (115, 415);
INSERT INTO detalle_prestamo (prestamo_id, libro_id) VALUES (115, 319);
INSERT INTO devoluciones (id, prestamo_id, fecha_devolucion, observaciones) VALUES (65, 115, '2024-10-14', 'Sin observaciones');
INSERT INTO prestamos (id, usuario_id, fecha_prestamo, fecha_devolucion) VALUES (116, 36, '2025-03-14', '2025-03-24');
INSERT INTO detalle_prestamo (prestamo_id, libro_id) VALUES (116, 139);
INSERT INTO devoluciones (id, prestamo_id, fecha_devolucion, observaciones) VALUES (66, 116, '2025-03-24', 'Sin observaciones');
INSERT INTO prestamos (id, usuario_id, fecha_prestamo, fecha_devolucion) VALUES (117, 16, '2024-10-07', '2024-10-25');
INSERT INTO detalle_prestamo (prestamo_id, libro_id) VALUES (117, 403);
INSERT INTO detalle_prestamo (prestamo_id, libro_id) VALUES (117, 155);
INSERT INTO detalle_prestamo (prestamo_id, libro_id) VALUES (117, 317);
INSERT INTO prestamos (id, usuario_id, fecha_prestamo, fecha_devolucion) VALUES (118, 62, '2024-07-25', '2024-08-15');
INSERT INTO detalle_prestamo (prestamo_id, libro_id) VALUES (118, 445);
INSERT INTO detalle_prestamo (prestamo_id, libro_id) VALUES (118, 212);
INSERT INTO detalle_prestamo (prestamo_id, libro_id) VALUES (118, 254);
INSERT INTO prestamos (id, usuario_id, fecha_prestamo, fecha_devolucion) VALUES (119, 37, '2025-05-09', '2025-06-02');
INSERT INTO detalle_prestamo (prestamo_id, libro_id) VALUES (119, 314);
INSERT INTO devoluciones (id, prestamo_id, fecha_devolucion, observaciones) VALUES (67, 119, '2025-06-02', 'Sin observaciones');
INSERT INTO prestamos (id, usuario_id, fecha_prestamo, fecha_devolucion) VALUES (120, 54, '2024-08-31', '2024-09-13');
INSERT INTO detalle_prestamo (prestamo_id, libro_id) VALUES (120, 106);
INSERT INTO detalle_prestamo (prestamo_id, libro_id) VALUES (120, 425);
INSERT INTO prestamos (id, usuario_id, fecha_prestamo, fecha_devolucion) VALUES (121, 39, '2024-12-25', '2025-01-23');
INSERT INTO detalle_prestamo (prestamo_id, libro_id) VALUES (121, 384);
INSERT INTO detalle_prestamo (prestamo_id, libro_id) VALUES (121, 29);
INSERT INTO prestamos (id, usuario_id, fecha_prestamo, fecha_devolucion) VALUES (122, 54, '2025-04-21', '2025-05-07');
INSERT INTO detalle_prestamo (prestamo_id, libro_id) VALUES (122, 261);
INSERT INTO devoluciones (id, prestamo_id, fecha_devolucion, observaciones) VALUES (68, 122, '2025-05-07', 'Sin observaciones');
INSERT INTO prestamos (id, usuario_id, fecha_prestamo, fecha_devolucion) VALUES (123, 96, '2024-08-13', '2024-08-28');
INSERT INTO detalle_prestamo (prestamo_id, libro_id) VALUES (123, 130);
INSERT INTO detalle_prestamo (prestamo_id, libro_id) VALUES (123, 98);
INSERT INTO prestamos (id, usuario_id, fecha_prestamo, fecha_devolucion) VALUES (124, 47, '2024-10-24', '2024-11-13');
INSERT INTO detalle_prestamo (prestamo_id, libro_id) VALUES (124, 490);
INSERT INTO detalle_prestamo (prestamo_id, libro_id) VALUES (124, 58);
INSERT INTO detalle_prestamo (prestamo_id, libro_id) VALUES (124, 404);
INSERT INTO devoluciones (id, prestamo_id, fecha_devolucion, observaciones) VALUES (69, 124, '2024-11-13', 'Sin observaciones');
INSERT INTO prestamos (id, usuario_id, fecha_prestamo, fecha_devolucion) VALUES (125, 41, '2025-03-03', '2025-03-12');
INSERT INTO detalle_prestamo (prestamo_id, libro_id) VALUES (125, 230);
INSERT INTO detalle_prestamo (prestamo_id, libro_id) VALUES (125, 79);
INSERT INTO detalle_prestamo (prestamo_id, libro_id) VALUES (125, 293);
INSERT INTO devoluciones (id, prestamo_id, fecha_devolucion, observaciones) VALUES (70, 125, '2025-03-12', 'Sin observaciones');
INSERT INTO prestamos (id, usuario_id, fecha_prestamo, fecha_devolucion) VALUES (126, 76, '2024-09-28', '2024-10-14');
INSERT INTO detalle_prestamo (prestamo_id, libro_id) VALUES (126, 281);
INSERT INTO detalle_prestamo (prestamo_id, libro_id) VALUES (126, 329);
INSERT INTO devoluciones (id, prestamo_id, fecha_devolucion, observaciones) VALUES (71, 126, '2024-10-14', 'Sin observaciones');
INSERT INTO prestamos (id, usuario_id, fecha_prestamo, fecha_devolucion) VALUES (127, 68, '2024-10-21', '2024-11-20');
INSERT INTO detalle_prestamo (prestamo_id, libro_id) VALUES (127, 54);
INSERT INTO detalle_prestamo (prestamo_id, libro_id) VALUES (127, 344);
INSERT INTO detalle_prestamo (prestamo_id, libro_id) VALUES (127, 407);
INSERT INTO devoluciones (id, prestamo_id, fecha_devolucion, observaciones) VALUES (72, 127, '2024-11-20', 'Sin observaciones');
INSERT INTO prestamos (id, usuario_id, fecha_prestamo, fecha_devolucion) VALUES (128, 76, '2025-01-19', '2025-02-16');
INSERT INTO detalle_prestamo (prestamo_id, libro_id) VALUES (128, 40);
INSERT INTO detalle_prestamo (prestamo_id, libro_id) VALUES (128, 291);
INSERT INTO devoluciones (id, prestamo_id, fecha_devolucion, observaciones) VALUES (73, 128, '2025-02-16', 'Sin observaciones');
INSERT INTO prestamos (id, usuario_id, fecha_prestamo, fecha_devolucion) VALUES (129, 64, '2025-04-01', '2025-04-20');
INSERT INTO detalle_prestamo (prestamo_id, libro_id) VALUES (129, 449);
INSERT INTO prestamos (id, usuario_id, fecha_prestamo, fecha_devolucion) VALUES (130, 37, '2024-08-27', '2024-09-22');
INSERT INTO detalle_prestamo (prestamo_id, libro_id) VALUES (130, 432);
INSERT INTO prestamos (id, usuario_id, fecha_prestamo, fecha_devolucion) VALUES (131, 80, '2024-12-01', '2024-12-29');
INSERT INTO detalle_prestamo (prestamo_id, libro_id) VALUES (131, 205);
INSERT INTO detalle_prestamo (prestamo_id, libro_id) VALUES (131, 154);
INSERT INTO detalle_prestamo (prestamo_id, libro_id) VALUES (131, 246);
INSERT INTO devoluciones (id, prestamo_id, fecha_devolucion, observaciones) VALUES (74, 131, '2024-12-29', 'Sin observaciones');
INSERT INTO prestamos (id, usuario_id, fecha_prestamo, fecha_devolucion) VALUES (132, 65, '2024-10-10', '2024-10-29');
INSERT INTO detalle_prestamo (prestamo_id, libro_id) VALUES (132, 207);
INSERT INTO devoluciones (id, prestamo_id, fecha_devolucion, observaciones) VALUES (75, 132, '2024-10-29', 'Sin observaciones');
INSERT INTO prestamos (id, usuario_id, fecha_prestamo, fecha_devolucion) VALUES (133, 28, '2024-11-09', '2024-11-28');
INSERT INTO detalle_prestamo (prestamo_id, libro_id) VALUES (133, 477);
INSERT INTO detalle_prestamo (prestamo_id, libro_id) VALUES (133, 20);
INSERT INTO detalle_prestamo (prestamo_id, libro_id) VALUES (133, 104);
INSERT INTO prestamos (id, usuario_id, fecha_prestamo, fecha_devolucion) VALUES (134, 82, '2024-06-09', '2024-06-17');
INSERT INTO detalle_prestamo (prestamo_id, libro_id) VALUES (134, 366);
INSERT INTO devoluciones (id, prestamo_id, fecha_devolucion, observaciones) VALUES (76, 134, '2024-06-17', 'Sin observaciones');
INSERT INTO prestamos (id, usuario_id, fecha_prestamo, fecha_devolucion) VALUES (135, 67, '2024-06-16', '2024-06-30');
INSERT INTO detalle_prestamo (prestamo_id, libro_id) VALUES (135, 167);
INSERT INTO detalle_prestamo (prestamo_id, libro_id) VALUES (135, 341);
INSERT INTO prestamos (id, usuario_id, fecha_prestamo, fecha_devolucion) VALUES (136, 98, '2025-01-15', '2025-01-30');
INSERT INTO detalle_prestamo (prestamo_id, libro_id) VALUES (136, 489);
INSERT INTO detalle_prestamo (prestamo_id, libro_id) VALUES (136, 378);
INSERT INTO devoluciones (id, prestamo_id, fecha_devolucion, observaciones) VALUES (77, 136, '2025-01-30', 'Sin observaciones');
INSERT INTO prestamos (id, usuario_id, fecha_prestamo, fecha_devolucion) VALUES (137, 30, '2025-05-05', '2025-06-02');
INSERT INTO detalle_prestamo (prestamo_id, libro_id) VALUES (137, 11);
INSERT INTO prestamos (id, usuario_id, fecha_prestamo, fecha_devolucion) VALUES (138, 10, '2025-04-02', '2025-04-16');
INSERT INTO detalle_prestamo (prestamo_id, libro_id) VALUES (138, 498);
INSERT INTO prestamos (id, usuario_id, fecha_prestamo, fecha_devolucion) VALUES (139, 16, '2024-10-12', '2024-11-07');
INSERT INTO detalle_prestamo (prestamo_id, libro_id) VALUES (139, 302);
INSERT INTO detalle_prestamo (prestamo_id, libro_id) VALUES (139, 282);
INSERT INTO detalle_prestamo (prestamo_id, libro_id) VALUES (139, 324);
INSERT INTO devoluciones (id, prestamo_id, fecha_devolucion, observaciones) VALUES (78, 139, '2024-11-07', 'Sin observaciones');
INSERT INTO prestamos (id, usuario_id, fecha_prestamo, fecha_devolucion) VALUES (140, 71, '2024-10-02', '2024-10-31');
INSERT INTO detalle_prestamo (prestamo_id, libro_id) VALUES (140, 85);
INSERT INTO prestamos (id, usuario_id, fecha_prestamo, fecha_devolucion) VALUES (141, 70, '2025-02-28', '2025-03-23');
INSERT INTO detalle_prestamo (prestamo_id, libro_id) VALUES (141, 435);
INSERT INTO detalle_prestamo (prestamo_id, libro_id) VALUES (141, 230);
INSERT INTO detalle_prestamo (prestamo_id, libro_id) VALUES (141, 473);
INSERT INTO devoluciones (id, prestamo_id, fecha_devolucion, observaciones) VALUES (79, 141, '2025-03-23', 'Sin observaciones');
INSERT INTO prestamos (id, usuario_id, fecha_prestamo, fecha_devolucion) VALUES (142, 24, '2025-05-24', '2025-06-04');
INSERT INTO detalle_prestamo (prestamo_id, libro_id) VALUES (142, 308);
INSERT INTO detalle_prestamo (prestamo_id, libro_id) VALUES (142, 475);
INSERT INTO devoluciones (id, prestamo_id, fecha_devolucion, observaciones) VALUES (80, 142, '2025-06-04', 'Sin observaciones');
INSERT INTO prestamos (id, usuario_id, fecha_prestamo, fecha_devolucion) VALUES (143, 65, '2024-07-09', '2024-07-25');
INSERT INTO detalle_prestamo (prestamo_id, libro_id) VALUES (143, 171);
INSERT INTO detalle_prestamo (prestamo_id, libro_id) VALUES (143, 140);
INSERT INTO detalle_prestamo (prestamo_id, libro_id) VALUES (143, 42);
INSERT INTO devoluciones (id, prestamo_id, fecha_devolucion, observaciones) VALUES (81, 143, '2024-07-25', 'Sin observaciones');
INSERT INTO prestamos (id, usuario_id, fecha_prestamo, fecha_devolucion) VALUES (144, 72, '2024-07-15', '2024-08-03');
INSERT INTO detalle_prestamo (prestamo_id, libro_id) VALUES (144, 262);
INSERT INTO detalle_prestamo (prestamo_id, libro_id) VALUES (144, 484);
INSERT INTO detalle_prestamo (prestamo_id, libro_id) VALUES (144, 50);
INSERT INTO devoluciones (id, prestamo_id, fecha_devolucion, observaciones) VALUES (82, 144, '2024-08-03', 'Sin observaciones');
INSERT INTO prestamos (id, usuario_id, fecha_prestamo, fecha_devolucion) VALUES (145, 40, '2024-06-29', '2024-07-27');
INSERT INTO detalle_prestamo (prestamo_id, libro_id) VALUES (145, 292);
INSERT INTO devoluciones (id, prestamo_id, fecha_devolucion, observaciones) VALUES (83, 145, '2024-07-27', 'Sin observaciones');
INSERT INTO prestamos (id, usuario_id, fecha_prestamo, fecha_devolucion) VALUES (146, 13, '2024-10-13', '2024-11-05');
INSERT INTO detalle_prestamo (prestamo_id, libro_id) VALUES (146, 445);
INSERT INTO detalle_prestamo (prestamo_id, libro_id) VALUES (146, 480);
INSERT INTO detalle_prestamo (prestamo_id, libro_id) VALUES (146, 16);
INSERT INTO devoluciones (id, prestamo_id, fecha_devolucion, observaciones) VALUES (84, 146, '2024-11-05', 'Sin observaciones');
INSERT INTO prestamos (id, usuario_id, fecha_prestamo, fecha_devolucion) VALUES (147, 11, '2025-03-29', '2025-04-11');
INSERT INTO detalle_prestamo (prestamo_id, libro_id) VALUES (147, 184);
INSERT INTO detalle_prestamo (prestamo_id, libro_id) VALUES (147, 344);
INSERT INTO devoluciones (id, prestamo_id, fecha_devolucion, observaciones) VALUES (85, 147, '2025-04-11', 'Sin observaciones');
INSERT INTO prestamos (id, usuario_id, fecha_prestamo, fecha_devolucion) VALUES (148, 51, '2024-12-27', '2025-01-19');
INSERT INTO detalle_prestamo (prestamo_id, libro_id) VALUES (148, 401);
INSERT INTO detalle_prestamo (prestamo_id, libro_id) VALUES (148, 327);
INSERT INTO devoluciones (id, prestamo_id, fecha_devolucion, observaciones) VALUES (86, 148, '2025-01-19', 'Sin observaciones');
INSERT INTO prestamos (id, usuario_id, fecha_prestamo, fecha_devolucion) VALUES (149, 56, '2024-07-31', '2024-08-08');
INSERT INTO detalle_prestamo (prestamo_id, libro_id) VALUES (149, 131);
INSERT INTO detalle_prestamo (prestamo_id, libro_id) VALUES (149, 66);
INSERT INTO detalle_prestamo (prestamo_id, libro_id) VALUES (149, 29);
INSERT INTO devoluciones (id, prestamo_id, fecha_devolucion, observaciones) VALUES (87, 149, '2024-08-08', 'Sin observaciones');
INSERT INTO prestamos (id, usuario_id, fecha_prestamo, fecha_devolucion) VALUES (150, 60, '2024-10-08', '2024-11-06');
INSERT INTO detalle_prestamo (prestamo_id, libro_id) VALUES (150, 70);
INSERT INTO detalle_prestamo (prestamo_id, libro_id) VALUES (150, 118);
INSERT INTO detalle_prestamo (prestamo_id, libro_id) VALUES (150, 346);
INSERT INTO devoluciones (id, prestamo_id, fecha_devolucion, observaciones) VALUES (88, 150, '2024-11-06', 'Sin observaciones');
INSERT INTO prestamos (id, usuario_id, fecha_prestamo, fecha_devolucion) VALUES (151, 65, '2025-02-21', '2025-03-14');
INSERT INTO detalle_prestamo (prestamo_id, libro_id) VALUES (151, 292);
INSERT INTO detalle_prestamo (prestamo_id, libro_id) VALUES (151, 424);
INSERT INTO detalle_prestamo (prestamo_id, libro_id) VALUES (151, 251);
INSERT INTO devoluciones (id, prestamo_id, fecha_devolucion, observaciones) VALUES (89, 151, '2025-03-14', 'Sin observaciones');
INSERT INTO prestamos (id, usuario_id, fecha_prestamo, fecha_devolucion) VALUES (152, 2, '2025-03-05', '2025-03-20');
INSERT INTO detalle_prestamo (prestamo_id, libro_id) VALUES (152, 346);
INSERT INTO devoluciones (id, prestamo_id, fecha_devolucion, observaciones) VALUES (90, 152, '2025-03-20', 'Sin observaciones');
INSERT INTO prestamos (id, usuario_id, fecha_prestamo, fecha_devolucion) VALUES (153, 90, '2025-04-29', '2025-05-10');
INSERT INTO detalle_prestamo (prestamo_id, libro_id) VALUES (153, 291);
INSERT INTO detalle_prestamo (prestamo_id, libro_id) VALUES (153, 280);
INSERT INTO devoluciones (id, prestamo_id, fecha_devolucion, observaciones) VALUES (91, 153, '2025-05-10', 'Sin observaciones');
INSERT INTO prestamos (id, usuario_id, fecha_prestamo, fecha_devolucion) VALUES (154, 32, '2025-04-27', '2025-05-04');
INSERT INTO detalle_prestamo (prestamo_id, libro_id) VALUES (154, 43);
INSERT INTO detalle_prestamo (prestamo_id, libro_id) VALUES (154, 58);
INSERT INTO devoluciones (id, prestamo_id, fecha_devolucion, observaciones) VALUES (92, 154, '2025-05-04', 'Sin observaciones');
INSERT INTO prestamos (id, usuario_id, fecha_prestamo, fecha_devolucion) VALUES (155, 40, '2024-12-18', '2024-12-28');
INSERT INTO detalle_prestamo (prestamo_id, libro_id) VALUES (155, 320);
INSERT INTO detalle_prestamo (prestamo_id, libro_id) VALUES (155, 289);
INSERT INTO prestamos (id, usuario_id, fecha_prestamo, fecha_devolucion) VALUES (156, 40, '2024-09-04', '2024-09-17');
INSERT INTO detalle_prestamo (prestamo_id, libro_id) VALUES (156, 387);
INSERT INTO detalle_prestamo (prestamo_id, libro_id) VALUES (156, 19);
INSERT INTO devoluciones (id, prestamo_id, fecha_devolucion, observaciones) VALUES (93, 156, '2024-09-17', 'Sin observaciones');
INSERT INTO prestamos (id, usuario_id, fecha_prestamo, fecha_devolucion) VALUES (157, 12, '2024-08-13', '2024-09-09');
INSERT INTO detalle_prestamo (prestamo_id, libro_id) VALUES (157, 220);
INSERT INTO detalle_prestamo (prestamo_id, libro_id) VALUES (157, 306);
INSERT INTO devoluciones (id, prestamo_id, fecha_devolucion, observaciones) VALUES (94, 157, '2024-09-09', 'Sin observaciones');
INSERT INTO prestamos (id, usuario_id, fecha_prestamo, fecha_devolucion) VALUES (158, 52, '2024-11-05', '2024-11-30');
INSERT INTO detalle_prestamo (prestamo_id, libro_id) VALUES (158, 395);
INSERT INTO detalle_prestamo (prestamo_id, libro_id) VALUES (158, 66);
INSERT INTO devoluciones (id, prestamo_id, fecha_devolucion, observaciones) VALUES (95, 158, '2024-11-30', 'Sin observaciones');
INSERT INTO prestamos (id, usuario_id, fecha_prestamo, fecha_devolucion) VALUES (159, 91, '2024-12-02', '2024-12-23');
INSERT INTO detalle_prestamo (prestamo_id, libro_id) VALUES (159, 292);
INSERT INTO detalle_prestamo (prestamo_id, libro_id) VALUES (159, 86);
INSERT INTO detalle_prestamo (prestamo_id, libro_id) VALUES (159, 310);
INSERT INTO devoluciones (id, prestamo_id, fecha_devolucion, observaciones) VALUES (96, 159, '2024-12-23', 'Sin observaciones');
INSERT INTO prestamos (id, usuario_id, fecha_prestamo, fecha_devolucion) VALUES (160, 28, '2024-12-18', '2025-01-11');
INSERT INTO detalle_prestamo (prestamo_id, libro_id) VALUES (160, 324);
INSERT INTO detalle_prestamo (prestamo_id, libro_id) VALUES (160, 221);
INSERT INTO prestamos (id, usuario_id, fecha_prestamo, fecha_devolucion) VALUES (161, 11, '2024-08-22', '2024-09-04');
INSERT INTO detalle_prestamo (prestamo_id, libro_id) VALUES (161, 451);
INSERT INTO detalle_prestamo (prestamo_id, libro_id) VALUES (161, 424);
INSERT INTO detalle_prestamo (prestamo_id, libro_id) VALUES (161, 490);
INSERT INTO devoluciones (id, prestamo_id, fecha_devolucion, observaciones) VALUES (97, 161, '2024-09-04', 'Sin observaciones');
INSERT INTO prestamos (id, usuario_id, fecha_prestamo, fecha_devolucion) VALUES (162, 95, '2024-10-01', '2024-10-23');
INSERT INTO detalle_prestamo (prestamo_id, libro_id) VALUES (162, 196);
INSERT INTO detalle_prestamo (prestamo_id, libro_id) VALUES (162, 399);
INSERT INTO devoluciones (id, prestamo_id, fecha_devolucion, observaciones) VALUES (98, 162, '2024-10-23', 'Sin observaciones');
INSERT INTO prestamos (id, usuario_id, fecha_prestamo, fecha_devolucion) VALUES (163, 5, '2024-07-17', '2024-07-30');
INSERT INTO detalle_prestamo (prestamo_id, libro_id) VALUES (163, 262);
INSERT INTO detalle_prestamo (prestamo_id, libro_id) VALUES (163, 409);
INSERT INTO prestamos (id, usuario_id, fecha_prestamo, fecha_devolucion) VALUES (164, 66, '2025-02-26', '2025-03-14');
INSERT INTO detalle_prestamo (prestamo_id, libro_id) VALUES (164, 137);
INSERT INTO detalle_prestamo (prestamo_id, libro_id) VALUES (164, 152);
INSERT INTO devoluciones (id, prestamo_id, fecha_devolucion, observaciones) VALUES (99, 164, '2025-03-14', 'Sin observaciones');
INSERT INTO prestamos (id, usuario_id, fecha_prestamo, fecha_devolucion) VALUES (165, 44, '2024-12-03', '2024-12-27');
INSERT INTO detalle_prestamo (prestamo_id, libro_id) VALUES (165, 470);
INSERT INTO devoluciones (id, prestamo_id, fecha_devolucion, observaciones) VALUES (100, 165, '2024-12-27', 'Sin observaciones');
INSERT INTO prestamos (id, usuario_id, fecha_prestamo, fecha_devolucion) VALUES (166, 60, '2024-09-18', '2024-10-06');
INSERT INTO detalle_prestamo (prestamo_id, libro_id) VALUES (166, 127);
INSERT INTO detalle_prestamo (prestamo_id, libro_id) VALUES (166, 64);
INSERT INTO detalle_prestamo (prestamo_id, libro_id) VALUES (166, 157);
INSERT INTO prestamos (id, usuario_id, fecha_prestamo, fecha_devolucion) VALUES (167, 33, '2024-10-24', '2024-11-16');
INSERT INTO detalle_prestamo (prestamo_id, libro_id) VALUES (167, 500);
INSERT INTO prestamos (id, usuario_id, fecha_prestamo, fecha_devolucion) VALUES (168, 47, '2024-10-03', '2024-10-21');
INSERT INTO detalle_prestamo (prestamo_id, libro_id) VALUES (168, 432);
INSERT INTO prestamos (id, usuario_id, fecha_prestamo, fecha_devolucion) VALUES (169, 7, '2025-01-31', '2025-02-28');
INSERT INTO detalle_prestamo (prestamo_id, libro_id) VALUES (169, 42);
INSERT INTO devoluciones (id, prestamo_id, fecha_devolucion, observaciones) VALUES (101, 169, '2025-02-28', 'Sin observaciones');
INSERT INTO prestamos (id, usuario_id, fecha_prestamo, fecha_devolucion) VALUES (170, 5, '2024-08-22', '2024-09-16');
INSERT INTO detalle_prestamo (prestamo_id, libro_id) VALUES (170, 159);
INSERT INTO detalle_prestamo (prestamo_id, libro_id) VALUES (170, 171);
INSERT INTO prestamos (id, usuario_id, fecha_prestamo, fecha_devolucion) VALUES (171, 57, '2024-06-27', '2024-07-17');
INSERT INTO detalle_prestamo (prestamo_id, libro_id) VALUES (171, 368);
INSERT INTO detalle_prestamo (prestamo_id, libro_id) VALUES (171, 419);
INSERT INTO devoluciones (id, prestamo_id, fecha_devolucion, observaciones) VALUES (102, 171, '2024-07-17', 'Sin observaciones');
INSERT INTO prestamos (id, usuario_id, fecha_prestamo, fecha_devolucion) VALUES (172, 46, '2024-09-22', '2024-10-22');
INSERT INTO detalle_prestamo (prestamo_id, libro_id) VALUES (172, 46);
INSERT INTO detalle_prestamo (prestamo_id, libro_id) VALUES (172, 400);
INSERT INTO detalle_prestamo (prestamo_id, libro_id) VALUES (172, 147);
INSERT INTO devoluciones (id, prestamo_id, fecha_devolucion, observaciones) VALUES (103, 172, '2024-10-22', 'Sin observaciones');
INSERT INTO prestamos (id, usuario_id, fecha_prestamo, fecha_devolucion) VALUES (173, 25, '2025-01-22', '2025-02-09');
INSERT INTO detalle_prestamo (prestamo_id, libro_id) VALUES (173, 25);
INSERT INTO devoluciones (id, prestamo_id, fecha_devolucion, observaciones) VALUES (104, 173, '2025-02-09', 'Sin observaciones');
INSERT INTO prestamos (id, usuario_id, fecha_prestamo, fecha_devolucion) VALUES (174, 79, '2025-05-12', '2025-06-08');
INSERT INTO detalle_prestamo (prestamo_id, libro_id) VALUES (174, 490);
INSERT INTO detalle_prestamo (prestamo_id, libro_id) VALUES (174, 463);
INSERT INTO devoluciones (id, prestamo_id, fecha_devolucion, observaciones) VALUES (105, 174, '2025-06-08', 'Sin observaciones');
INSERT INTO prestamos (id, usuario_id, fecha_prestamo, fecha_devolucion) VALUES (175, 81, '2025-04-08', '2025-04-19');
INSERT INTO detalle_prestamo (prestamo_id, libro_id) VALUES (175, 404);
INSERT INTO detalle_prestamo (prestamo_id, libro_id) VALUES (175, 341);
INSERT INTO detalle_prestamo (prestamo_id, libro_id) VALUES (175, 129);
INSERT INTO devoluciones (id, prestamo_id, fecha_devolucion, observaciones) VALUES (106, 175, '2025-04-19', 'Sin observaciones');
INSERT INTO prestamos (id, usuario_id, fecha_prestamo, fecha_devolucion) VALUES (176, 36, '2024-11-13', '2024-11-26');
INSERT INTO detalle_prestamo (prestamo_id, libro_id) VALUES (176, 441);
INSERT INTO devoluciones (id, prestamo_id, fecha_devolucion, observaciones) VALUES (107, 176, '2024-11-26', 'Sin observaciones');
INSERT INTO prestamos (id, usuario_id, fecha_prestamo, fecha_devolucion) VALUES (177, 64, '2025-01-26', '2025-02-14');
INSERT INTO detalle_prestamo (prestamo_id, libro_id) VALUES (177, 2);
INSERT INTO detalle_prestamo (prestamo_id, libro_id) VALUES (177, 258);
INSERT INTO detalle_prestamo (prestamo_id, libro_id) VALUES (177, 183);
INSERT INTO prestamos (id, usuario_id, fecha_prestamo, fecha_devolucion) VALUES (178, 73, '2025-05-28', '2025-06-10');
INSERT INTO detalle_prestamo (prestamo_id, libro_id) VALUES (178, 341);
INSERT INTO detalle_prestamo (prestamo_id, libro_id) VALUES (178, 165);
INSERT INTO prestamos (id, usuario_id, fecha_prestamo, fecha_devolucion) VALUES (179, 41, '2025-02-21', '2025-03-04');
INSERT INTO detalle_prestamo (prestamo_id, libro_id) VALUES (179, 72);
INSERT INTO detalle_prestamo (prestamo_id, libro_id) VALUES (179, 112);
INSERT INTO detalle_prestamo (prestamo_id, libro_id) VALUES (179, 163);
INSERT INTO prestamos (id, usuario_id, fecha_prestamo, fecha_devolucion) VALUES (180, 67, '2024-08-30', '2024-09-28');
INSERT INTO detalle_prestamo (prestamo_id, libro_id) VALUES (180, 67);
INSERT INTO detalle_prestamo (prestamo_id, libro_id) VALUES (180, 415);
INSERT INTO detalle_prestamo (prestamo_id, libro_id) VALUES (180, 125);
INSERT INTO devoluciones (id, prestamo_id, fecha_devolucion, observaciones) VALUES (108, 180, '2024-09-28', 'Sin observaciones');
INSERT INTO prestamos (id, usuario_id, fecha_prestamo, fecha_devolucion) VALUES (181, 62, '2024-06-22', '2024-07-03');
INSERT INTO detalle_prestamo (prestamo_id, libro_id) VALUES (181, 293);
INSERT INTO detalle_prestamo (prestamo_id, libro_id) VALUES (181, 130);
INSERT INTO detalle_prestamo (prestamo_id, libro_id) VALUES (181, 206);
INSERT INTO prestamos (id, usuario_id, fecha_prestamo, fecha_devolucion) VALUES (182, 78, '2025-01-07', '2025-01-16');
INSERT INTO detalle_prestamo (prestamo_id, libro_id) VALUES (182, 448);
INSERT INTO devoluciones (id, prestamo_id, fecha_devolucion, observaciones) VALUES (109, 182, '2025-01-16', 'Sin observaciones');
INSERT INTO prestamos (id, usuario_id, fecha_prestamo, fecha_devolucion) VALUES (183, 40, '2024-12-28', '2025-01-06');
INSERT INTO detalle_prestamo (prestamo_id, libro_id) VALUES (183, 421);
INSERT INTO devoluciones (id, prestamo_id, fecha_devolucion, observaciones) VALUES (110, 183, '2025-01-06', 'Sin observaciones');
INSERT INTO prestamos (id, usuario_id, fecha_prestamo, fecha_devolucion) VALUES (184, 12, '2025-01-30', '2025-02-22');
INSERT INTO detalle_prestamo (prestamo_id, libro_id) VALUES (184, 137);
INSERT INTO devoluciones (id, prestamo_id, fecha_devolucion, observaciones) VALUES (111, 184, '2025-02-22', 'Sin observaciones');
INSERT INTO prestamos (id, usuario_id, fecha_prestamo, fecha_devolucion) VALUES (185, 12, '2025-03-31', '2025-04-30');
INSERT INTO detalle_prestamo (prestamo_id, libro_id) VALUES (185, 289);
INSERT INTO detalle_prestamo (prestamo_id, libro_id) VALUES (185, 335);
INSERT INTO prestamos (id, usuario_id, fecha_prestamo, fecha_devolucion) VALUES (186, 22, '2025-04-16', '2025-04-24');
INSERT INTO detalle_prestamo (prestamo_id, libro_id) VALUES (186, 351);
INSERT INTO detalle_prestamo (prestamo_id, libro_id) VALUES (186, 102);
INSERT INTO detalle_prestamo (prestamo_id, libro_id) VALUES (186, 155);
INSERT INTO prestamos (id, usuario_id, fecha_prestamo, fecha_devolucion) VALUES (187, 21, '2024-06-07', '2024-06-23');
INSERT INTO detalle_prestamo (prestamo_id, libro_id) VALUES (187, 442);
INSERT INTO detalle_prestamo (prestamo_id, libro_id) VALUES (187, 84);
INSERT INTO prestamos (id, usuario_id, fecha_prestamo, fecha_devolucion) VALUES (188, 18, '2025-02-20', '2025-03-22');
INSERT INTO detalle_prestamo (prestamo_id, libro_id) VALUES (188, 361);
INSERT INTO detalle_prestamo (prestamo_id, libro_id) VALUES (188, 475);
INSERT INTO detalle_prestamo (prestamo_id, libro_id) VALUES (188, 244);
INSERT INTO devoluciones (id, prestamo_id, fecha_devolucion, observaciones) VALUES (112, 188, '2025-03-22', 'Sin observaciones');
INSERT INTO prestamos (id, usuario_id, fecha_prestamo, fecha_devolucion) VALUES (189, 41, '2025-03-31', '2025-04-09');
INSERT INTO detalle_prestamo (prestamo_id, libro_id) VALUES (189, 174);
INSERT INTO detalle_prestamo (prestamo_id, libro_id) VALUES (189, 29);
INSERT INTO detalle_prestamo (prestamo_id, libro_id) VALUES (189, 38);
INSERT INTO prestamos (id, usuario_id, fecha_prestamo, fecha_devolucion) VALUES (190, 32, '2025-03-09', '2025-03-28');
INSERT INTO detalle_prestamo (prestamo_id, libro_id) VALUES (190, 394);
INSERT INTO detalle_prestamo (prestamo_id, libro_id) VALUES (190, 84);
INSERT INTO devoluciones (id, prestamo_id, fecha_devolucion, observaciones) VALUES (113, 190, '2025-03-28', 'Sin observaciones');
INSERT INTO prestamos (id, usuario_id, fecha_prestamo, fecha_devolucion) VALUES (191, 58, '2024-07-31', '2024-08-27');
INSERT INTO detalle_prestamo (prestamo_id, libro_id) VALUES (191, 294);
INSERT INTO prestamos (id, usuario_id, fecha_prestamo, fecha_devolucion) VALUES (192, 24, '2024-08-12', '2024-08-20');
INSERT INTO detalle_prestamo (prestamo_id, libro_id) VALUES (192, 133);
INSERT INTO detalle_prestamo (prestamo_id, libro_id) VALUES (192, 119);
INSERT INTO detalle_prestamo (prestamo_id, libro_id) VALUES (192, 191);
INSERT INTO prestamos (id, usuario_id, fecha_prestamo, fecha_devolucion) VALUES (193, 38, '2024-11-02', '2024-12-01');
INSERT INTO detalle_prestamo (prestamo_id, libro_id) VALUES (193, 104);
INSERT INTO detalle_prestamo (prestamo_id, libro_id) VALUES (193, 259);
INSERT INTO devoluciones (id, prestamo_id, fecha_devolucion, observaciones) VALUES (114, 193, '2024-12-01', 'Sin observaciones');
INSERT INTO prestamos (id, usuario_id, fecha_prestamo, fecha_devolucion) VALUES (194, 13, '2025-02-28', '2025-03-25');
INSERT INTO detalle_prestamo (prestamo_id, libro_id) VALUES (194, 227);
INSERT INTO detalle_prestamo (prestamo_id, libro_id) VALUES (194, 241);
INSERT INTO detalle_prestamo (prestamo_id, libro_id) VALUES (194, 464);
INSERT INTO prestamos (id, usuario_id, fecha_prestamo, fecha_devolucion) VALUES (195, 89, '2025-01-27', '2025-02-20');
INSERT INTO detalle_prestamo (prestamo_id, libro_id) VALUES (195, 233);
INSERT INTO detalle_prestamo (prestamo_id, libro_id) VALUES (195, 198);
INSERT INTO devoluciones (id, prestamo_id, fecha_devolucion, observaciones) VALUES (115, 195, '2025-02-20', 'Sin observaciones');
INSERT INTO prestamos (id, usuario_id, fecha_prestamo, fecha_devolucion) VALUES (196, 81, '2025-03-05', '2025-03-15');
INSERT INTO detalle_prestamo (prestamo_id, libro_id) VALUES (196, 65);
INSERT INTO detalle_prestamo (prestamo_id, libro_id) VALUES (196, 209);
INSERT INTO detalle_prestamo (prestamo_id, libro_id) VALUES (196, 432);
INSERT INTO devoluciones (id, prestamo_id, fecha_devolucion, observaciones) VALUES (116, 196, '2025-03-15', 'Sin observaciones');
INSERT INTO prestamos (id, usuario_id, fecha_prestamo, fecha_devolucion) VALUES (197, 54, '2025-01-01', '2025-01-09');
INSERT INTO detalle_prestamo (prestamo_id, libro_id) VALUES (197, 472);
INSERT INTO devoluciones (id, prestamo_id, fecha_devolucion, observaciones) VALUES (117, 197, '2025-01-09', 'Sin observaciones');
INSERT INTO prestamos (id, usuario_id, fecha_prestamo, fecha_devolucion) VALUES (198, 68, '2025-04-29', '2025-05-19');
INSERT INTO detalle_prestamo (prestamo_id, libro_id) VALUES (198, 144);
INSERT INTO detalle_prestamo (prestamo_id, libro_id) VALUES (198, 258);
INSERT INTO prestamos (id, usuario_id, fecha_prestamo, fecha_devolucion) VALUES (199, 54, '2024-11-17', '2024-12-11');
INSERT INTO detalle_prestamo (prestamo_id, libro_id) VALUES (199, 181);
INSERT INTO detalle_prestamo (prestamo_id, libro_id) VALUES (199, 2);
INSERT INTO detalle_prestamo (prestamo_id, libro_id) VALUES (199, 236);
INSERT INTO prestamos (id, usuario_id, fecha_prestamo, fecha_devolucion) VALUES (200, 13, '2025-04-09', '2025-05-09');
INSERT INTO detalle_prestamo (prestamo_id, libro_id) VALUES (200, 298);
INSERT INTO detalle_prestamo (prestamo_id, libro_id) VALUES (200, 415);
INSERT INTO prestamos (id, usuario_id, fecha_prestamo, fecha_devolucion) VALUES (201, 43, '2025-03-16', '2025-04-13');
INSERT INTO detalle_prestamo (prestamo_id, libro_id) VALUES (201, 431);
INSERT INTO devoluciones (id, prestamo_id, fecha_devolucion, observaciones) VALUES (118, 201, '2025-04-13', 'Sin observaciones');
INSERT INTO prestamos (id, usuario_id, fecha_prestamo, fecha_devolucion) VALUES (202, 33, '2025-05-05', '2025-05-25');
INSERT INTO detalle_prestamo (prestamo_id, libro_id) VALUES (202, 181);
INSERT INTO detalle_prestamo (prestamo_id, libro_id) VALUES (202, 499);
INSERT INTO devoluciones (id, prestamo_id, fecha_devolucion, observaciones) VALUES (119, 202, '2025-05-25', 'Sin observaciones');
INSERT INTO prestamos (id, usuario_id, fecha_prestamo, fecha_devolucion) VALUES (203, 69, '2024-12-12', '2024-12-30');
INSERT INTO detalle_prestamo (prestamo_id, libro_id) VALUES (203, 429);
INSERT INTO detalle_prestamo (prestamo_id, libro_id) VALUES (203, 202);
INSERT INTO prestamos (id, usuario_id, fecha_prestamo, fecha_devolucion) VALUES (204, 20, '2025-01-24', '2025-02-13');
INSERT INTO detalle_prestamo (prestamo_id, libro_id) VALUES (204, 431);
INSERT INTO prestamos (id, usuario_id, fecha_prestamo, fecha_devolucion) VALUES (205, 83, '2025-03-01', '2025-03-11');
INSERT INTO detalle_prestamo (prestamo_id, libro_id) VALUES (205, 325);
INSERT INTO devoluciones (id, prestamo_id, fecha_devolucion, observaciones) VALUES (120, 205, '2025-03-11', 'Sin observaciones');
INSERT INTO prestamos (id, usuario_id, fecha_prestamo, fecha_devolucion) VALUES (206, 56, '2024-12-10', '2025-01-06');
INSERT INTO detalle_prestamo (prestamo_id, libro_id) VALUES (206, 286);
INSERT INTO detalle_prestamo (prestamo_id, libro_id) VALUES (206, 8);
INSERT INTO detalle_prestamo (prestamo_id, libro_id) VALUES (206, 157);
INSERT INTO devoluciones (id, prestamo_id, fecha_devolucion, observaciones) VALUES (121, 206, '2025-01-06', 'Sin observaciones');
INSERT INTO prestamos (id, usuario_id, fecha_prestamo, fecha_devolucion) VALUES (207, 88, '2025-05-14', '2025-06-06');
INSERT INTO detalle_prestamo (prestamo_id, libro_id) VALUES (207, 463);
INSERT INTO detalle_prestamo (prestamo_id, libro_id) VALUES (207, 498);
INSERT INTO devoluciones (id, prestamo_id, fecha_devolucion, observaciones) VALUES (122, 207, '2025-06-06', 'Sin observaciones');
INSERT INTO prestamos (id, usuario_id, fecha_prestamo, fecha_devolucion) VALUES (208, 63, '2025-02-09', '2025-02-17');
INSERT INTO detalle_prestamo (prestamo_id, libro_id) VALUES (208, 24);
INSERT INTO detalle_prestamo (prestamo_id, libro_id) VALUES (208, 148);
INSERT INTO detalle_prestamo (prestamo_id, libro_id) VALUES (208, 337);
INSERT INTO devoluciones (id, prestamo_id, fecha_devolucion, observaciones) VALUES (123, 208, '2025-02-17', 'Sin observaciones');
INSERT INTO prestamos (id, usuario_id, fecha_prestamo, fecha_devolucion) VALUES (209, 15, '2024-11-19', '2024-12-17');
INSERT INTO detalle_prestamo (prestamo_id, libro_id) VALUES (209, 363);
INSERT INTO prestamos (id, usuario_id, fecha_prestamo, fecha_devolucion) VALUES (210, 55, '2025-05-14', '2025-06-04');
INSERT INTO detalle_prestamo (prestamo_id, libro_id) VALUES (210, 228);
INSERT INTO prestamos (id, usuario_id, fecha_prestamo, fecha_devolucion) VALUES (211, 30, '2024-08-08', '2024-08-20');
INSERT INTO detalle_prestamo (prestamo_id, libro_id) VALUES (211, 343);
INSERT INTO detalle_prestamo (prestamo_id, libro_id) VALUES (211, 360);
INSERT INTO detalle_prestamo (prestamo_id, libro_id) VALUES (211, 284);
INSERT INTO devoluciones (id, prestamo_id, fecha_devolucion, observaciones) VALUES (124, 211, '2024-08-20', 'Sin observaciones');
INSERT INTO prestamos (id, usuario_id, fecha_prestamo, fecha_devolucion) VALUES (212, 88, '2024-08-27', '2024-09-08');
INSERT INTO detalle_prestamo (prestamo_id, libro_id) VALUES (212, 384);
INSERT INTO detalle_prestamo (prestamo_id, libro_id) VALUES (212, 74);
INSERT INTO prestamos (id, usuario_id, fecha_prestamo, fecha_devolucion) VALUES (213, 59, '2024-12-21', '2024-12-28');
INSERT INTO detalle_prestamo (prestamo_id, libro_id) VALUES (213, 467);
INSERT INTO detalle_prestamo (prestamo_id, libro_id) VALUES (213, 367);
INSERT INTO detalle_prestamo (prestamo_id, libro_id) VALUES (213, 97);
INSERT INTO prestamos (id, usuario_id, fecha_prestamo, fecha_devolucion) VALUES (214, 94, '2025-02-24', '2025-03-03');
INSERT INTO detalle_prestamo (prestamo_id, libro_id) VALUES (214, 451);
INSERT INTO detalle_prestamo (prestamo_id, libro_id) VALUES (214, 428);
INSERT INTO detalle_prestamo (prestamo_id, libro_id) VALUES (214, 433);
INSERT INTO prestamos (id, usuario_id, fecha_prestamo, fecha_devolucion) VALUES (215, 94, '2025-04-25', '2025-05-25');
INSERT INTO detalle_prestamo (prestamo_id, libro_id) VALUES (215, 76);
INSERT INTO prestamos (id, usuario_id, fecha_prestamo, fecha_devolucion) VALUES (216, 15, '2025-03-11', '2025-03-28');
INSERT INTO detalle_prestamo (prestamo_id, libro_id) VALUES (216, 192);
INSERT INTO detalle_prestamo (prestamo_id, libro_id) VALUES (216, 130);
INSERT INTO devoluciones (id, prestamo_id, fecha_devolucion, observaciones) VALUES (125, 216, '2025-03-28', 'Sin observaciones');
INSERT INTO prestamos (id, usuario_id, fecha_prestamo, fecha_devolucion) VALUES (217, 91, '2024-08-24', '2024-09-14');
INSERT INTO detalle_prestamo (prestamo_id, libro_id) VALUES (217, 113);
INSERT INTO detalle_prestamo (prestamo_id, libro_id) VALUES (217, 184);
INSERT INTO prestamos (id, usuario_id, fecha_prestamo, fecha_devolucion) VALUES (218, 10, '2025-01-31', '2025-02-13');
INSERT INTO detalle_prestamo (prestamo_id, libro_id) VALUES (218, 163);
INSERT INTO detalle_prestamo (prestamo_id, libro_id) VALUES (218, 71);
INSERT INTO detalle_prestamo (prestamo_id, libro_id) VALUES (218, 169);
INSERT INTO prestamos (id, usuario_id, fecha_prestamo, fecha_devolucion) VALUES (219, 87, '2024-11-22', '2024-12-07');
INSERT INTO detalle_prestamo (prestamo_id, libro_id) VALUES (219, 320);
INSERT INTO detalle_prestamo (prestamo_id, libro_id) VALUES (219, 277);
INSERT INTO detalle_prestamo (prestamo_id, libro_id) VALUES (219, 198);
INSERT INTO devoluciones (id, prestamo_id, fecha_devolucion, observaciones) VALUES (126, 219, '2024-12-07', 'Sin observaciones');
INSERT INTO prestamos (id, usuario_id, fecha_prestamo, fecha_devolucion) VALUES (220, 81, '2024-06-19', '2024-07-08');
INSERT INTO detalle_prestamo (prestamo_id, libro_id) VALUES (220, 376);
INSERT INTO devoluciones (id, prestamo_id, fecha_devolucion, observaciones) VALUES (127, 220, '2024-07-08', 'Sin observaciones');
INSERT INTO prestamos (id, usuario_id, fecha_prestamo, fecha_devolucion) VALUES (221, 44, '2024-09-11', '2024-09-20');
INSERT INTO detalle_prestamo (prestamo_id, libro_id) VALUES (221, 426);
INSERT INTO prestamos (id, usuario_id, fecha_prestamo, fecha_devolucion) VALUES (222, 94, '2024-10-18', '2024-10-28');
INSERT INTO detalle_prestamo (prestamo_id, libro_id) VALUES (222, 337);
INSERT INTO devoluciones (id, prestamo_id, fecha_devolucion, observaciones) VALUES (128, 222, '2024-10-28', 'Sin observaciones');
INSERT INTO prestamos (id, usuario_id, fecha_prestamo, fecha_devolucion) VALUES (223, 90, '2024-07-24', '2024-08-03');
INSERT INTO detalle_prestamo (prestamo_id, libro_id) VALUES (223, 78);
INSERT INTO detalle_prestamo (prestamo_id, libro_id) VALUES (223, 64);
INSERT INTO devoluciones (id, prestamo_id, fecha_devolucion, observaciones) VALUES (129, 223, '2024-08-03', 'Sin observaciones');
INSERT INTO prestamos (id, usuario_id, fecha_prestamo, fecha_devolucion) VALUES (224, 14, '2024-06-13', '2024-06-21');
INSERT INTO detalle_prestamo (prestamo_id, libro_id) VALUES (224, 203);
INSERT INTO detalle_prestamo (prestamo_id, libro_id) VALUES (224, 80);
INSERT INTO detalle_prestamo (prestamo_id, libro_id) VALUES (224, 9);
INSERT INTO devoluciones (id, prestamo_id, fecha_devolucion, observaciones) VALUES (130, 224, '2024-06-21', 'Sin observaciones');
INSERT INTO prestamos (id, usuario_id, fecha_prestamo, fecha_devolucion) VALUES (225, 80, '2024-06-25', '2024-07-12');
INSERT INTO detalle_prestamo (prestamo_id, libro_id) VALUES (225, 27);
INSERT INTO detalle_prestamo (prestamo_id, libro_id) VALUES (225, 322);
INSERT INTO detalle_prestamo (prestamo_id, libro_id) VALUES (225, 55);
INSERT INTO devoluciones (id, prestamo_id, fecha_devolucion, observaciones) VALUES (131, 225, '2024-07-12', 'Sin observaciones');
INSERT INTO prestamos (id, usuario_id, fecha_prestamo, fecha_devolucion) VALUES (226, 30, '2025-03-05', '2025-03-16');
INSERT INTO detalle_prestamo (prestamo_id, libro_id) VALUES (226, 277);
INSERT INTO devoluciones (id, prestamo_id, fecha_devolucion, observaciones) VALUES (132, 226, '2025-03-16', 'Sin observaciones');
INSERT INTO prestamos (id, usuario_id, fecha_prestamo, fecha_devolucion) VALUES (227, 61, '2025-03-29', '2025-04-21');
INSERT INTO detalle_prestamo (prestamo_id, libro_id) VALUES (227, 445);
INSERT INTO detalle_prestamo (prestamo_id, libro_id) VALUES (227, 169);
INSERT INTO prestamos (id, usuario_id, fecha_prestamo, fecha_devolucion) VALUES (228, 49, '2025-03-24', '2025-04-13');
INSERT INTO detalle_prestamo (prestamo_id, libro_id) VALUES (228, 407);
INSERT INTO prestamos (id, usuario_id, fecha_prestamo, fecha_devolucion) VALUES (229, 93, '2024-07-29', '2024-08-22');
INSERT INTO detalle_prestamo (prestamo_id, libro_id) VALUES (229, 191);
INSERT INTO detalle_prestamo (prestamo_id, libro_id) VALUES (229, 311);
INSERT INTO prestamos (id, usuario_id, fecha_prestamo, fecha_devolucion) VALUES (230, 74, '2025-03-17', '2025-03-26');
INSERT INTO detalle_prestamo (prestamo_id, libro_id) VALUES (230, 415);
INSERT INTO devoluciones (id, prestamo_id, fecha_devolucion, observaciones) VALUES (133, 230, '2025-03-26', 'Sin observaciones');
INSERT INTO prestamos (id, usuario_id, fecha_prestamo, fecha_devolucion) VALUES (231, 97, '2025-04-16', '2025-04-29');
INSERT INTO detalle_prestamo (prestamo_id, libro_id) VALUES (231, 34);
INSERT INTO detalle_prestamo (prestamo_id, libro_id) VALUES (231, 244);
INSERT INTO devoluciones (id, prestamo_id, fecha_devolucion, observaciones) VALUES (134, 231, '2025-04-29', 'Sin observaciones');
INSERT INTO prestamos (id, usuario_id, fecha_prestamo, fecha_devolucion) VALUES (232, 93, '2024-10-13', '2024-10-20');
INSERT INTO detalle_prestamo (prestamo_id, libro_id) VALUES (232, 349);
INSERT INTO prestamos (id, usuario_id, fecha_prestamo, fecha_devolucion) VALUES (233, 64, '2024-06-10', '2024-06-21');
INSERT INTO detalle_prestamo (prestamo_id, libro_id) VALUES (233, 65);
INSERT INTO detalle_prestamo (prestamo_id, libro_id) VALUES (233, 199);
INSERT INTO devoluciones (id, prestamo_id, fecha_devolucion, observaciones) VALUES (135, 233, '2024-06-21', 'Sin observaciones');
INSERT INTO prestamos (id, usuario_id, fecha_prestamo, fecha_devolucion) VALUES (234, 87, '2025-03-05', '2025-03-20');
INSERT INTO detalle_prestamo (prestamo_id, libro_id) VALUES (234, 403);
INSERT INTO detalle_prestamo (prestamo_id, libro_id) VALUES (234, 437);
INSERT INTO detalle_prestamo (prestamo_id, libro_id) VALUES (234, 156);
INSERT INTO prestamos (id, usuario_id, fecha_prestamo, fecha_devolucion) VALUES (235, 81, '2024-11-26', '2024-12-13');
INSERT INTO detalle_prestamo (prestamo_id, libro_id) VALUES (235, 292);
INSERT INTO detalle_prestamo (prestamo_id, libro_id) VALUES (235, 6);
INSERT INTO devoluciones (id, prestamo_id, fecha_devolucion, observaciones) VALUES (136, 235, '2024-12-13', 'Sin observaciones');
INSERT INTO prestamos (id, usuario_id, fecha_prestamo, fecha_devolucion) VALUES (236, 25, '2024-09-12', '2024-09-20');
INSERT INTO detalle_prestamo (prestamo_id, libro_id) VALUES (236, 391);
INSERT INTO detalle_prestamo (prestamo_id, libro_id) VALUES (236, 127);
INSERT INTO devoluciones (id, prestamo_id, fecha_devolucion, observaciones) VALUES (137, 236, '2024-09-20', 'Sin observaciones');
INSERT INTO prestamos (id, usuario_id, fecha_prestamo, fecha_devolucion) VALUES (237, 31, '2024-11-15', '2024-11-26');
INSERT INTO detalle_prestamo (prestamo_id, libro_id) VALUES (237, 477);
INSERT INTO detalle_prestamo (prestamo_id, libro_id) VALUES (237, 118);
INSERT INTO detalle_prestamo (prestamo_id, libro_id) VALUES (237, 295);
INSERT INTO devoluciones (id, prestamo_id, fecha_devolucion, observaciones) VALUES (138, 237, '2024-11-26', 'Sin observaciones');
INSERT INTO prestamos (id, usuario_id, fecha_prestamo, fecha_devolucion) VALUES (238, 41, '2025-05-15', '2025-06-07');
INSERT INTO detalle_prestamo (prestamo_id, libro_id) VALUES (238, 255);
INSERT INTO detalle_prestamo (prestamo_id, libro_id) VALUES (238, 13);
INSERT INTO devoluciones (id, prestamo_id, fecha_devolucion, observaciones) VALUES (139, 238, '2025-06-07', 'Sin observaciones');
INSERT INTO prestamos (id, usuario_id, fecha_prestamo, fecha_devolucion) VALUES (239, 87, '2024-07-23', '2024-08-16');
INSERT INTO detalle_prestamo (prestamo_id, libro_id) VALUES (239, 315);
INSERT INTO detalle_prestamo (prestamo_id, libro_id) VALUES (239, 222);
INSERT INTO devoluciones (id, prestamo_id, fecha_devolucion, observaciones) VALUES (140, 239, '2024-08-16', 'Sin observaciones');
INSERT INTO prestamos (id, usuario_id, fecha_prestamo, fecha_devolucion) VALUES (240, 75, '2024-10-02', '2024-10-28');
INSERT INTO detalle_prestamo (prestamo_id, libro_id) VALUES (240, 400);
INSERT INTO prestamos (id, usuario_id, fecha_prestamo, fecha_devolucion) VALUES (241, 45, '2024-09-01', '2024-09-14');
INSERT INTO detalle_prestamo (prestamo_id, libro_id) VALUES (241, 152);
INSERT INTO detalle_prestamo (prestamo_id, libro_id) VALUES (241, 42);
INSERT INTO detalle_prestamo (prestamo_id, libro_id) VALUES (241, 13);
INSERT INTO prestamos (id, usuario_id, fecha_prestamo, fecha_devolucion) VALUES (242, 14, '2024-07-19', '2024-08-17');
INSERT INTO detalle_prestamo (prestamo_id, libro_id) VALUES (242, 71);
INSERT INTO detalle_prestamo (prestamo_id, libro_id) VALUES (242, 294);
INSERT INTO prestamos (id, usuario_id, fecha_prestamo, fecha_devolucion) VALUES (243, 37, '2025-05-27', '2025-06-18');
INSERT INTO detalle_prestamo (prestamo_id, libro_id) VALUES (243, 202);
INSERT INTO prestamos (id, usuario_id, fecha_prestamo, fecha_devolucion) VALUES (244, 49, '2024-06-20', '2024-07-18');
INSERT INTO detalle_prestamo (prestamo_id, libro_id) VALUES (244, 356);
INSERT INTO detalle_prestamo (prestamo_id, libro_id) VALUES (244, 498);
INSERT INTO detalle_prestamo (prestamo_id, libro_id) VALUES (244, 164);
INSERT INTO devoluciones (id, prestamo_id, fecha_devolucion, observaciones) VALUES (141, 244, '2024-07-18', 'Sin observaciones');
INSERT INTO prestamos (id, usuario_id, fecha_prestamo, fecha_devolucion) VALUES (245, 94, '2024-10-16', '2024-10-30');
INSERT INTO detalle_prestamo (prestamo_id, libro_id) VALUES (245, 83);
INSERT INTO detalle_prestamo (prestamo_id, libro_id) VALUES (245, 60);
INSERT INTO devoluciones (id, prestamo_id, fecha_devolucion, observaciones) VALUES (142, 245, '2024-10-30', 'Sin observaciones');
INSERT INTO prestamos (id, usuario_id, fecha_prestamo, fecha_devolucion) VALUES (246, 47, '2025-04-25', '2025-05-05');
INSERT INTO detalle_prestamo (prestamo_id, libro_id) VALUES (246, 492);
INSERT INTO detalle_prestamo (prestamo_id, libro_id) VALUES (246, 318);
INSERT INTO detalle_prestamo (prestamo_id, libro_id) VALUES (246, 283);
INSERT INTO devoluciones (id, prestamo_id, fecha_devolucion, observaciones) VALUES (143, 246, '2025-05-05', 'Sin observaciones');
INSERT INTO prestamos (id, usuario_id, fecha_prestamo, fecha_devolucion) VALUES (247, 67, '2024-09-01', '2024-09-14');
INSERT INTO detalle_prestamo (prestamo_id, libro_id) VALUES (247, 319);
INSERT INTO detalle_prestamo (prestamo_id, libro_id) VALUES (247, 235);
INSERT INTO detalle_prestamo (prestamo_id, libro_id) VALUES (247, 499);
INSERT INTO devoluciones (id, prestamo_id, fecha_devolucion, observaciones) VALUES (144, 247, '2024-09-14', 'Sin observaciones');
INSERT INTO prestamos (id, usuario_id, fecha_prestamo, fecha_devolucion) VALUES (248, 47, '2024-06-20', '2024-07-10');
INSERT INTO detalle_prestamo (prestamo_id, libro_id) VALUES (248, 339);
INSERT INTO detalle_prestamo (prestamo_id, libro_id) VALUES (248, 390);
INSERT INTO detalle_prestamo (prestamo_id, libro_id) VALUES (248, 14);
INSERT INTO prestamos (id, usuario_id, fecha_prestamo, fecha_devolucion) VALUES (249, 97, '2024-08-16', '2024-09-14');
INSERT INTO detalle_prestamo (prestamo_id, libro_id) VALUES (249, 233);
INSERT INTO devoluciones (id, prestamo_id, fecha_devolucion, observaciones) VALUES (145, 249, '2024-09-14', 'Sin observaciones');
INSERT INTO prestamos (id, usuario_id, fecha_prestamo, fecha_devolucion) VALUES (250, 31, '2024-09-27', '2024-10-07');
INSERT INTO detalle_prestamo (prestamo_id, libro_id) VALUES (250, 149);
INSERT INTO detalle_prestamo (prestamo_id, libro_id) VALUES (250, 55);
INSERT INTO detalle_prestamo (prestamo_id, libro_id) VALUES (250, 48);
INSERT INTO devoluciones (id, prestamo_id, fecha_devolucion, observaciones) VALUES (146, 250, '2024-10-07', 'Sin observaciones');
INSERT INTO prestamos (id, usuario_id, fecha_prestamo, fecha_devolucion) VALUES (251, 91, '2025-01-19', '2025-01-26');
INSERT INTO detalle_prestamo (prestamo_id, libro_id) VALUES (251, 483);
INSERT INTO prestamos (id, usuario_id, fecha_prestamo, fecha_devolucion) VALUES (252, 26, '2024-06-03', '2024-07-03');
INSERT INTO detalle_prestamo (prestamo_id, libro_id) VALUES (252, 212);
INSERT INTO devoluciones (id, prestamo_id, fecha_devolucion, observaciones) VALUES (147, 252, '2024-07-03', 'Sin observaciones');
INSERT INTO prestamos (id, usuario_id, fecha_prestamo, fecha_devolucion) VALUES (253, 7, '2024-09-23', '2024-10-15');
INSERT INTO detalle_prestamo (prestamo_id, libro_id) VALUES (253, 443);
INSERT INTO detalle_prestamo (prestamo_id, libro_id) VALUES (253, 322);
INSERT INTO devoluciones (id, prestamo_id, fecha_devolucion, observaciones) VALUES (148, 253, '2024-10-15', 'Sin observaciones');
INSERT INTO prestamos (id, usuario_id, fecha_prestamo, fecha_devolucion) VALUES (254, 53, '2024-07-29', '2024-08-09');
INSERT INTO detalle_prestamo (prestamo_id, libro_id) VALUES (254, 339);
INSERT INTO detalle_prestamo (prestamo_id, libro_id) VALUES (254, 223);
INSERT INTO devoluciones (id, prestamo_id, fecha_devolucion, observaciones) VALUES (149, 254, '2024-08-09', 'Sin observaciones');
INSERT INTO prestamos (id, usuario_id, fecha_prestamo, fecha_devolucion) VALUES (255, 52, '2024-06-21', '2024-07-05');
INSERT INTO detalle_prestamo (prestamo_id, libro_id) VALUES (255, 303);
INSERT INTO devoluciones (id, prestamo_id, fecha_devolucion, observaciones) VALUES (150, 255, '2024-07-05', 'Sin observaciones');
INSERT INTO prestamos (id, usuario_id, fecha_prestamo, fecha_devolucion) VALUES (256, 55, '2024-09-07', '2024-10-05');
INSERT INTO detalle_prestamo (prestamo_id, libro_id) VALUES (256, 494);
INSERT INTO detalle_prestamo (prestamo_id, libro_id) VALUES (256, 325);
INSERT INTO devoluciones (id, prestamo_id, fecha_devolucion, observaciones) VALUES (151, 256, '2024-10-05', 'Sin observaciones');
INSERT INTO prestamos (id, usuario_id, fecha_prestamo, fecha_devolucion) VALUES (257, 10, '2024-06-04', '2024-07-01');
INSERT INTO detalle_prestamo (prestamo_id, libro_id) VALUES (257, 11);
INSERT INTO detalle_prestamo (prestamo_id, libro_id) VALUES (257, 261);
INSERT INTO devoluciones (id, prestamo_id, fecha_devolucion, observaciones) VALUES (152, 257, '2024-07-01', 'Sin observaciones');
INSERT INTO prestamos (id, usuario_id, fecha_prestamo, fecha_devolucion) VALUES (258, 93, '2025-03-23', '2025-04-22');
INSERT INTO detalle_prestamo (prestamo_id, libro_id) VALUES (258, 49);
INSERT INTO detalle_prestamo (prestamo_id, libro_id) VALUES (258, 472);
INSERT INTO detalle_prestamo (prestamo_id, libro_id) VALUES (258, 212);
INSERT INTO prestamos (id, usuario_id, fecha_prestamo, fecha_devolucion) VALUES (259, 87, '2025-02-11', '2025-02-22');
INSERT INTO detalle_prestamo (prestamo_id, libro_id) VALUES (259, 145);
INSERT INTO detalle_prestamo (prestamo_id, libro_id) VALUES (259, 376);
INSERT INTO detalle_prestamo (prestamo_id, libro_id) VALUES (259, 21);
INSERT INTO prestamos (id, usuario_id, fecha_prestamo, fecha_devolucion) VALUES (260, 43, '2024-11-24', '2024-12-23');
INSERT INTO detalle_prestamo (prestamo_id, libro_id) VALUES (260, 443);
INSERT INTO detalle_prestamo (prestamo_id, libro_id) VALUES (260, 428);
INSERT INTO detalle_prestamo (prestamo_id, libro_id) VALUES (260, 209);
INSERT INTO prestamos (id, usuario_id, fecha_prestamo, fecha_devolucion) VALUES (261, 86, '2024-06-07', '2024-06-15');
INSERT INTO detalle_prestamo (prestamo_id, libro_id) VALUES (261, 6);
INSERT INTO detalle_prestamo (prestamo_id, libro_id) VALUES (261, 50);
INSERT INTO devoluciones (id, prestamo_id, fecha_devolucion, observaciones) VALUES (153, 261, '2024-06-15', 'Sin observaciones');
INSERT INTO prestamos (id, usuario_id, fecha_prestamo, fecha_devolucion) VALUES (262, 73, '2024-12-14', '2025-01-01');
INSERT INTO detalle_prestamo (prestamo_id, libro_id) VALUES (262, 36);
INSERT INTO detalle_prestamo (prestamo_id, libro_id) VALUES (262, 209);
INSERT INTO detalle_prestamo (prestamo_id, libro_id) VALUES (262, 326);
INSERT INTO prestamos (id, usuario_id, fecha_prestamo, fecha_devolucion) VALUES (263, 51, '2024-09-27', '2024-10-16');
INSERT INTO detalle_prestamo (prestamo_id, libro_id) VALUES (263, 277);
INSERT INTO devoluciones (id, prestamo_id, fecha_devolucion, observaciones) VALUES (154, 263, '2024-10-16', 'Sin observaciones');
INSERT INTO prestamos (id, usuario_id, fecha_prestamo, fecha_devolucion) VALUES (264, 97, '2025-04-29', '2025-05-26');
INSERT INTO detalle_prestamo (prestamo_id, libro_id) VALUES (264, 19);
INSERT INTO prestamos (id, usuario_id, fecha_prestamo, fecha_devolucion) VALUES (265, 48, '2025-04-14', '2025-05-09');
INSERT INTO detalle_prestamo (prestamo_id, libro_id) VALUES (265, 381);
INSERT INTO detalle_prestamo (prestamo_id, libro_id) VALUES (265, 403);
INSERT INTO prestamos (id, usuario_id, fecha_prestamo, fecha_devolucion) VALUES (266, 61, '2025-02-15', '2025-03-11');
INSERT INTO detalle_prestamo (prestamo_id, libro_id) VALUES (266, 417);
INSERT INTO detalle_prestamo (prestamo_id, libro_id) VALUES (266, 240);
INSERT INTO detalle_prestamo (prestamo_id, libro_id) VALUES (266, 123);
INSERT INTO prestamos (id, usuario_id, fecha_prestamo, fecha_devolucion) VALUES (267, 5, '2025-01-13', '2025-02-05');
INSERT INTO detalle_prestamo (prestamo_id, libro_id) VALUES (267, 56);
INSERT INTO detalle_prestamo (prestamo_id, libro_id) VALUES (267, 402);
INSERT INTO detalle_prestamo (prestamo_id, libro_id) VALUES (267, 63);
INSERT INTO devoluciones (id, prestamo_id, fecha_devolucion, observaciones) VALUES (155, 267, '2025-02-05', 'Sin observaciones');
INSERT INTO prestamos (id, usuario_id, fecha_prestamo, fecha_devolucion) VALUES (268, 78, '2025-04-12', '2025-04-24');
INSERT INTO detalle_prestamo (prestamo_id, libro_id) VALUES (268, 113);
INSERT INTO prestamos (id, usuario_id, fecha_prestamo, fecha_devolucion) VALUES (269, 23, '2024-07-17', '2024-08-16');
INSERT INTO detalle_prestamo (prestamo_id, libro_id) VALUES (269, 261);
INSERT INTO detalle_prestamo (prestamo_id, libro_id) VALUES (269, 5);
INSERT INTO devoluciones (id, prestamo_id, fecha_devolucion, observaciones) VALUES (156, 269, '2024-08-16', 'Sin observaciones');
INSERT INTO prestamos (id, usuario_id, fecha_prestamo, fecha_devolucion) VALUES (270, 25, '2024-08-22', '2024-09-04');
INSERT INTO detalle_prestamo (prestamo_id, libro_id) VALUES (270, 21);
INSERT INTO detalle_prestamo (prestamo_id, libro_id) VALUES (270, 231);
INSERT INTO detalle_prestamo (prestamo_id, libro_id) VALUES (270, 223);
INSERT INTO devoluciones (id, prestamo_id, fecha_devolucion, observaciones) VALUES (157, 270, '2024-09-04', 'Sin observaciones');
INSERT INTO prestamos (id, usuario_id, fecha_prestamo, fecha_devolucion) VALUES (271, 74, '2024-09-28', '2024-10-05');
INSERT INTO detalle_prestamo (prestamo_id, libro_id) VALUES (271, 238);
INSERT INTO detalle_prestamo (prestamo_id, libro_id) VALUES (271, 492);
INSERT INTO devoluciones (id, prestamo_id, fecha_devolucion, observaciones) VALUES (158, 271, '2024-10-05', 'Sin observaciones');
INSERT INTO prestamos (id, usuario_id, fecha_prestamo, fecha_devolucion) VALUES (272, 46, '2025-03-02', '2025-03-15');
INSERT INTO detalle_prestamo (prestamo_id, libro_id) VALUES (272, 301);
INSERT INTO detalle_prestamo (prestamo_id, libro_id) VALUES (272, 238);
INSERT INTO devoluciones (id, prestamo_id, fecha_devolucion, observaciones) VALUES (159, 272, '2025-03-15', 'Sin observaciones');
INSERT INTO prestamos (id, usuario_id, fecha_prestamo, fecha_devolucion) VALUES (273, 30, '2025-02-15', '2025-03-09');
INSERT INTO detalle_prestamo (prestamo_id, libro_id) VALUES (273, 157);
INSERT INTO detalle_prestamo (prestamo_id, libro_id) VALUES (273, 361);
INSERT INTO detalle_prestamo (prestamo_id, libro_id) VALUES (273, 465);
INSERT INTO prestamos (id, usuario_id, fecha_prestamo, fecha_devolucion) VALUES (274, 92, '2025-03-05', '2025-04-03');
INSERT INTO detalle_prestamo (prestamo_id, libro_id) VALUES (274, 210);
INSERT INTO devoluciones (id, prestamo_id, fecha_devolucion, observaciones) VALUES (160, 274, '2025-04-03', 'Sin observaciones');
INSERT INTO prestamos (id, usuario_id, fecha_prestamo, fecha_devolucion) VALUES (275, 48, '2025-01-22', '2025-02-11');
INSERT INTO detalle_prestamo (prestamo_id, libro_id) VALUES (275, 366);
INSERT INTO detalle_prestamo (prestamo_id, libro_id) VALUES (275, 15);
INSERT INTO detalle_prestamo (prestamo_id, libro_id) VALUES (275, 215);
INSERT INTO devoluciones (id, prestamo_id, fecha_devolucion, observaciones) VALUES (161, 275, '2025-02-11', 'Sin observaciones');
INSERT INTO prestamos (id, usuario_id, fecha_prestamo, fecha_devolucion) VALUES (276, 61, '2025-04-16', '2025-05-16');
INSERT INTO detalle_prestamo (prestamo_id, libro_id) VALUES (276, 460);
INSERT INTO detalle_prestamo (prestamo_id, libro_id) VALUES (276, 185);
INSERT INTO detalle_prestamo (prestamo_id, libro_id) VALUES (276, 279);
INSERT INTO devoluciones (id, prestamo_id, fecha_devolucion, observaciones) VALUES (162, 276, '2025-05-16', 'Sin observaciones');
INSERT INTO prestamos (id, usuario_id, fecha_prestamo, fecha_devolucion) VALUES (277, 17, '2025-05-13', '2025-06-04');
INSERT INTO detalle_prestamo (prestamo_id, libro_id) VALUES (277, 220);
INSERT INTO detalle_prestamo (prestamo_id, libro_id) VALUES (277, 325);
INSERT INTO detalle_prestamo (prestamo_id, libro_id) VALUES (277, 176);
INSERT INTO prestamos (id, usuario_id, fecha_prestamo, fecha_devolucion) VALUES (278, 45, '2025-01-10', '2025-01-23');
INSERT INTO detalle_prestamo (prestamo_id, libro_id) VALUES (278, 478);
INSERT INTO detalle_prestamo (prestamo_id, libro_id) VALUES (278, 406);
INSERT INTO detalle_prestamo (prestamo_id, libro_id) VALUES (278, 194);
INSERT INTO devoluciones (id, prestamo_id, fecha_devolucion, observaciones) VALUES (163, 278, '2025-01-23', 'Sin observaciones');
INSERT INTO prestamos (id, usuario_id, fecha_prestamo, fecha_devolucion) VALUES (279, 75, '2024-08-29', '2024-09-07');
INSERT INTO detalle_prestamo (prestamo_id, libro_id) VALUES (279, 494);
INSERT INTO detalle_prestamo (prestamo_id, libro_id) VALUES (279, 240);
INSERT INTO prestamos (id, usuario_id, fecha_prestamo, fecha_devolucion) VALUES (280, 56, '2024-07-27', '2024-08-14');
INSERT INTO detalle_prestamo (prestamo_id, libro_id) VALUES (280, 156);
INSERT INTO detalle_prestamo (prestamo_id, libro_id) VALUES (280, 334);
INSERT INTO devoluciones (id, prestamo_id, fecha_devolucion, observaciones) VALUES (164, 280, '2024-08-14', 'Sin observaciones');
INSERT INTO prestamos (id, usuario_id, fecha_prestamo, fecha_devolucion) VALUES (281, 16, '2024-10-19', '2024-11-05');
INSERT INTO detalle_prestamo (prestamo_id, libro_id) VALUES (281, 15);
INSERT INTO detalle_prestamo (prestamo_id, libro_id) VALUES (281, 264);
INSERT INTO prestamos (id, usuario_id, fecha_prestamo, fecha_devolucion) VALUES (282, 88, '2024-11-01', '2024-11-22');
INSERT INTO detalle_prestamo (prestamo_id, libro_id) VALUES (282, 1);
INSERT INTO detalle_prestamo (prestamo_id, libro_id) VALUES (282, 387);
INSERT INTO prestamos (id, usuario_id, fecha_prestamo, fecha_devolucion) VALUES (283, 40, '2025-04-10', '2025-05-09');
INSERT INTO detalle_prestamo (prestamo_id, libro_id) VALUES (283, 36);
INSERT INTO detalle_prestamo (prestamo_id, libro_id) VALUES (283, 387);
INSERT INTO detalle_prestamo (prestamo_id, libro_id) VALUES (283, 197);
INSERT INTO prestamos (id, usuario_id, fecha_prestamo, fecha_devolucion) VALUES (284, 53, '2025-04-28', '2025-05-07');
INSERT INTO detalle_prestamo (prestamo_id, libro_id) VALUES (284, 236);
INSERT INTO detalle_prestamo (prestamo_id, libro_id) VALUES (284, 382);
INSERT INTO detalle_prestamo (prestamo_id, libro_id) VALUES (284, 452);
INSERT INTO prestamos (id, usuario_id, fecha_prestamo, fecha_devolucion) VALUES (285, 78, '2024-11-16', '2024-12-06');
INSERT INTO detalle_prestamo (prestamo_id, libro_id) VALUES (285, 278);
INSERT INTO prestamos (id, usuario_id, fecha_prestamo, fecha_devolucion) VALUES (286, 77, '2025-04-14', '2025-05-14');
INSERT INTO detalle_prestamo (prestamo_id, libro_id) VALUES (286, 77);
INSERT INTO devoluciones (id, prestamo_id, fecha_devolucion, observaciones) VALUES (165, 286, '2025-05-14', 'Sin observaciones');
INSERT INTO prestamos (id, usuario_id, fecha_prestamo, fecha_devolucion) VALUES (287, 35, '2025-04-23', '2025-05-22');
INSERT INTO detalle_prestamo (prestamo_id, libro_id) VALUES (287, 497);
INSERT INTO detalle_prestamo (prestamo_id, libro_id) VALUES (287, 311);
INSERT INTO devoluciones (id, prestamo_id, fecha_devolucion, observaciones) VALUES (166, 287, '2025-05-22', 'Sin observaciones');
INSERT INTO prestamos (id, usuario_id, fecha_prestamo, fecha_devolucion) VALUES (288, 95, '2024-10-08', '2024-10-17');
INSERT INTO detalle_prestamo (prestamo_id, libro_id) VALUES (288, 166);
INSERT INTO detalle_prestamo (prestamo_id, libro_id) VALUES (288, 252);
INSERT INTO prestamos (id, usuario_id, fecha_prestamo, fecha_devolucion) VALUES (289, 54, '2024-11-16', '2024-12-02');
INSERT INTO detalle_prestamo (prestamo_id, libro_id) VALUES (289, 128);
INSERT INTO devoluciones (id, prestamo_id, fecha_devolucion, observaciones) VALUES (167, 289, '2024-12-02', 'Sin observaciones');
INSERT INTO prestamos (id, usuario_id, fecha_prestamo, fecha_devolucion) VALUES (290, 93, '2025-04-29', '2025-05-25');
INSERT INTO detalle_prestamo (prestamo_id, libro_id) VALUES (290, 274);
INSERT INTO detalle_prestamo (prestamo_id, libro_id) VALUES (290, 393);
INSERT INTO detalle_prestamo (prestamo_id, libro_id) VALUES (290, 237);
INSERT INTO devoluciones (id, prestamo_id, fecha_devolucion, observaciones) VALUES (168, 290, '2025-05-25', 'Sin observaciones');
INSERT INTO prestamos (id, usuario_id, fecha_prestamo, fecha_devolucion) VALUES (291, 69, '2025-02-15', '2025-03-14');
INSERT INTO detalle_prestamo (prestamo_id, libro_id) VALUES (291, 172);
INSERT INTO detalle_prestamo (prestamo_id, libro_id) VALUES (291, 258);
INSERT INTO detalle_prestamo (prestamo_id, libro_id) VALUES (291, 31);
INSERT INTO devoluciones (id, prestamo_id, fecha_devolucion, observaciones) VALUES (169, 291, '2025-03-14', 'Sin observaciones');
INSERT INTO prestamos (id, usuario_id, fecha_prestamo, fecha_devolucion) VALUES (292, 58, '2024-10-28', '2024-11-17');
INSERT INTO detalle_prestamo (prestamo_id, libro_id) VALUES (292, 431);
INSERT INTO prestamos (id, usuario_id, fecha_prestamo, fecha_devolucion) VALUES (293, 62, '2024-06-04', '2024-06-13');
INSERT INTO detalle_prestamo (prestamo_id, libro_id) VALUES (293, 212);
INSERT INTO detalle_prestamo (prestamo_id, libro_id) VALUES (293, 467);
INSERT INTO prestamos (id, usuario_id, fecha_prestamo, fecha_devolucion) VALUES (294, 48, '2025-03-29', '2025-04-13');
INSERT INTO detalle_prestamo (prestamo_id, libro_id) VALUES (294, 294);
INSERT INTO devoluciones (id, prestamo_id, fecha_devolucion, observaciones) VALUES (170, 294, '2025-04-13', 'Sin observaciones');
INSERT INTO prestamos (id, usuario_id, fecha_prestamo, fecha_devolucion) VALUES (295, 28, '2025-04-02', '2025-04-16');
INSERT INTO detalle_prestamo (prestamo_id, libro_id) VALUES (295, 306);
INSERT INTO devoluciones (id, prestamo_id, fecha_devolucion, observaciones) VALUES (171, 295, '2025-04-16', 'Sin observaciones');
INSERT INTO prestamos (id, usuario_id, fecha_prestamo, fecha_devolucion) VALUES (296, 41, '2024-09-04', '2024-09-25');
INSERT INTO detalle_prestamo (prestamo_id, libro_id) VALUES (296, 75);
INSERT INTO detalle_prestamo (prestamo_id, libro_id) VALUES (296, 411);
INSERT INTO detalle_prestamo (prestamo_id, libro_id) VALUES (296, 447);
INSERT INTO prestamos (id, usuario_id, fecha_prestamo, fecha_devolucion) VALUES (297, 72, '2024-09-14', '2024-10-11');
INSERT INTO detalle_prestamo (prestamo_id, libro_id) VALUES (297, 448);
INSERT INTO prestamos (id, usuario_id, fecha_prestamo, fecha_devolucion) VALUES (298, 25, '2024-09-06', '2024-09-30');
INSERT INTO detalle_prestamo (prestamo_id, libro_id) VALUES (298, 132);
INSERT INTO detalle_prestamo (prestamo_id, libro_id) VALUES (298, 301);
INSERT INTO prestamos (id, usuario_id, fecha_prestamo, fecha_devolucion) VALUES (299, 71, '2025-05-01', '2025-05-14');
INSERT INTO detalle_prestamo (prestamo_id, libro_id) VALUES (299, 185);
INSERT INTO detalle_prestamo (prestamo_id, libro_id) VALUES (299, 454);
INSERT INTO devoluciones (id, prestamo_id, fecha_devolucion, observaciones) VALUES (172, 299, '2025-05-14', 'Sin observaciones');
INSERT INTO prestamos (id, usuario_id, fecha_prestamo, fecha_devolucion) VALUES (300, 12, '2025-05-30', '2025-06-18');
INSERT INTO detalle_prestamo (prestamo_id, libro_id) VALUES (300, 478);
INSERT INTO detalle_prestamo (prestamo_id, libro_id) VALUES (300, 70);
INSERT INTO detalle_prestamo (prestamo_id, libro_id) VALUES (300, 246);
INSERT INTO devoluciones (id, prestamo_id, fecha_devolucion, observaciones) VALUES (173, 300, '2025-06-18', 'Sin observaciones');

-- Sanciones
INSERT INTO sanciones (id, usuario_id, motivo, fecha) VALUES (1, 48, 'Daño', '2025-06-01');
INSERT INTO sanciones (id, usuario_id, motivo, fecha) VALUES (2, 2, 'Mora en devolución', '2025-06-01');
INSERT INTO sanciones (id, usuario_id, motivo, fecha) VALUES (3, 17, 'Mora en devolución', '2025-06-01');
INSERT INTO sanciones (id, usuario_id, motivo, fecha) VALUES (4, 87, 'Pérdida de libro', '2025-06-01');
INSERT INTO sanciones (id, usuario_id, motivo, fecha) VALUES (5, 66, 'Mora en devolución', '2025-06-01');
INSERT INTO sanciones (id, usuario_id, motivo, fecha) VALUES (6, 12, 'Daño', '2025-06-01');
INSERT INTO sanciones (id, usuario_id, motivo, fecha) VALUES (7, 33, 'Mora en devolución', '2025-06-01');
INSERT INTO sanciones (id, usuario_id, motivo, fecha) VALUES (8, 48, 'Daño', '2025-06-01');
INSERT INTO sanciones (id, usuario_id, motivo, fecha) VALUES (9, 47, 'Daño', '2025-06-01');
INSERT INTO sanciones (id, usuario_id, motivo, fecha) VALUES (10, 35, 'Pérdida de libro', '2025-06-01');
INSERT INTO sanciones (id, usuario_id, motivo, fecha) VALUES (11, 93, 'Daño', '2025-06-01');
INSERT INTO sanciones (id, usuario_id, motivo, fecha) VALUES (12, 64, 'Mora en devolución', '2025-06-01');
INSERT INTO sanciones (id, usuario_id, motivo, fecha) VALUES (13, 33, 'Daño', '2025-06-01');
INSERT INTO sanciones (id, usuario_id, motivo, fecha) VALUES (14, 18, 'Daño', '2025-06-01');
INSERT INTO sanciones (id, usuario_id, motivo, fecha) VALUES (15, 9, 'Pérdida de libro', '2025-06-01');
INSERT INTO sanciones (id, usuario_id, motivo, fecha) VALUES (16, 3, 'Pérdida de libro', '2025-06-01');
INSERT INTO sanciones (id, usuario_id, motivo, fecha) VALUES (17, 37, 'Mora en devolución', '2025-06-01');
INSERT INTO sanciones (id, usuario_id, motivo, fecha) VALUES (18, 17, 'Mora en devolución', '2025-06-01');
INSERT INTO sanciones (id, usuario_id, motivo, fecha) VALUES (19, 7, 'Daño', '2025-06-01');
INSERT INTO sanciones (id, usuario_id, motivo, fecha) VALUES (20, 11, 'Daño', '2025-06-01');
INSERT INTO sanciones (id, usuario_id, motivo, fecha) VALUES (21, 94, 'Pérdida de libro', '2025-06-01');
INSERT INTO sanciones (id, usuario_id, motivo, fecha) VALUES (22, 87, 'Mora en devolución', '2025-06-01');
INSERT INTO sanciones (id, usuario_id, motivo, fecha) VALUES (23, 96, 'Mora en devolución', '2025-06-01');
INSERT INTO sanciones (id, usuario_id, motivo, fecha) VALUES (24, 83, 'Daño', '2025-06-01');
INSERT INTO sanciones (id, usuario_id, motivo, fecha) VALUES (25, 92, 'Mora en devolución', '2025-06-01');
INSERT INTO sanciones (id, usuario_id, motivo, fecha) VALUES (26, 79, 'Daño', '2025-06-01');
INSERT INTO sanciones (id, usuario_id, motivo, fecha) VALUES (27, 71, 'Daño', '2025-06-01');
INSERT INTO sanciones (id, usuario_id, motivo, fecha) VALUES (28, 89, 'Mora en devolución', '2025-06-01');
INSERT INTO sanciones (id, usuario_id, motivo, fecha) VALUES (29, 65, 'Daño', '2025-06-01');
INSERT INTO sanciones (id, usuario_id, motivo, fecha) VALUES (30, 11, 'Mora en devolución', '2025-06-01');
INSERT INTO sanciones (id, usuario_id, motivo, fecha) VALUES (31, 88, 'Pérdida de libro', '2025-06-01');
INSERT INTO sanciones (id, usuario_id, motivo, fecha) VALUES (32, 85, 'Pérdida de libro', '2025-06-01');
INSERT INTO sanciones (id, usuario_id, motivo, fecha) VALUES (33, 23, 'Mora en devolución', '2025-06-01');
INSERT INTO sanciones (id, usuario_id, motivo, fecha) VALUES (34, 71, 'Daño', '2025-06-01');
INSERT INTO sanciones (id, usuario_id, motivo, fecha) VALUES (35, 80, 'Daño', '2025-06-01');
INSERT INTO sanciones (id, usuario_id, motivo, fecha) VALUES (36, 6, 'Mora en devolución', '2025-06-01');
INSERT INTO sanciones (id, usuario_id, motivo, fecha) VALUES (37, 4, 'Mora en devolución', '2025-06-01');
INSERT INTO sanciones (id, usuario_id, motivo, fecha) VALUES (38, 95, 'Mora en devolución', '2025-06-01');
INSERT INTO sanciones (id, usuario_id, motivo, fecha) VALUES (39, 40, 'Mora en devolución', '2025-06-01');
INSERT INTO sanciones (id, usuario_id, motivo, fecha) VALUES (40, 30, 'Daño', '2025-06-01');
INSERT INTO sanciones (id, usuario_id, motivo, fecha) VALUES (41, 49, 'Pérdida de libro', '2025-06-01');
INSERT INTO sanciones (id, usuario_id, motivo, fecha) VALUES (42, 39, 'Daño', '2025-06-01');
INSERT INTO sanciones (id, usuario_id, motivo, fecha) VALUES (43, 22, 'Pérdida de libro', '2025-06-01');
INSERT INTO sanciones (id, usuario_id, motivo, fecha) VALUES (44, 81, 'Daño', '2025-06-01');
INSERT INTO sanciones (id, usuario_id, motivo, fecha) VALUES (45, 7, 'Pérdida de libro', '2025-06-01');
INSERT INTO sanciones (id, usuario_id, motivo, fecha) VALUES (46, 79, 'Mora en devolución', '2025-06-01');
INSERT INTO sanciones (id, usuario_id, motivo, fecha) VALUES (47, 72, 'Pérdida de libro', '2025-06-01');
INSERT INTO sanciones (id, usuario_id, motivo, fecha) VALUES (48, 63, 'Pérdida de libro', '2025-06-01');
INSERT INTO sanciones (id, usuario_id, motivo, fecha) VALUES (49, 36, 'Daño', '2025-06-01');
INSERT INTO sanciones (id, usuario_id, motivo, fecha) VALUES (50, 96, 'Daño', '2025-06-01');

-- Comentarios
INSERT INTO comentarios (id, usuario_id, libro_id, comentario, fecha) VALUES (1, 3, 39, 'Population feel maybe degree my population break report drug third.', '2024-07-04');
INSERT INTO comentarios (id, usuario_id, libro_id, comentario, fecha) VALUES (2, 10, 362, 'System new north them nation sing board adult store.', '2025-05-10');
INSERT INTO comentarios (id, usuario_id, libro_id, comentario, fecha) VALUES (3, 14, 229, 'Know per east interest court office place focus.', '2025-03-22');
INSERT INTO comentarios (id, usuario_id, libro_id, comentario, fecha) VALUES (4, 90, 320, 'Tax similar of American anything table.', '2024-11-09');
INSERT INTO comentarios (id, usuario_id, libro_id, comentario, fecha) VALUES (5, 74, 340, 'Chance visit despite miss theory there analysis.', '2025-03-16');
INSERT INTO comentarios (id, usuario_id, libro_id, comentario, fecha) VALUES (6, 86, 283, 'Then any research sign.', '2025-02-07');
INSERT INTO comentarios (id, usuario_id, libro_id, comentario, fecha) VALUES (7, 12, 447, 'Future guess among group position down quickly heart child.', '2024-06-07');
INSERT INTO comentarios (id, usuario_id, libro_id, comentario, fecha) VALUES (8, 37, 435, 'Space history free not easy.', '2025-05-16');
INSERT INTO comentarios (id, usuario_id, libro_id, comentario, fecha) VALUES (9, 74, 147, 'Affect here various network item.', '2024-08-23');
INSERT INTO comentarios (id, usuario_id, libro_id, comentario, fecha) VALUES (10, 57, 65, 'Those imagine side guess hear.', '2024-08-24');
INSERT INTO comentarios (id, usuario_id, libro_id, comentario, fecha) VALUES (11, 42, 336, 'Blue camera front two.', '2025-04-29');
INSERT INTO comentarios (id, usuario_id, libro_id, comentario, fecha) VALUES (12, 54, 270, 'Site yard others per agency pull participant law.', '2024-08-09');
INSERT INTO comentarios (id, usuario_id, libro_id, comentario, fecha) VALUES (13, 18, 305, 'Old respond fish your moment pull card kind explain.', '2025-05-09');
INSERT INTO comentarios (id, usuario_id, libro_id, comentario, fecha) VALUES (14, 100, 188, 'Challenge event among oil century himself high big plant again.', '2024-12-10');
INSERT INTO comentarios (id, usuario_id, libro_id, comentario, fecha) VALUES (15, 96, 154, 'Individual senior design clearly themselves again.', '2024-09-30');
INSERT INTO comentarios (id, usuario_id, libro_id, comentario, fecha) VALUES (16, 9, 352, 'Worker measure bed process care nature learn.', '2024-06-16');
INSERT INTO comentarios (id, usuario_id, libro_id, comentario, fecha) VALUES (17, 60, 234, 'Player myself play themselves thank home skin.', '2025-05-13');
INSERT INTO comentarios (id, usuario_id, libro_id, comentario, fecha) VALUES (18, 92, 457, 'Dream consumer list one able former bit.', '2024-07-03');
INSERT INTO comentarios (id, usuario_id, libro_id, comentario, fecha) VALUES (19, 85, 131, 'Boy within research away.', '2024-11-23');
INSERT INTO comentarios (id, usuario_id, libro_id, comentario, fecha) VALUES (20, 75, 72, 'American skin bit suffer include pressure rest.', '2025-02-10');
INSERT INTO comentarios (id, usuario_id, libro_id, comentario, fecha) VALUES (21, 77, 333, 'Sort improve know since.', '2024-12-09');
INSERT INTO comentarios (id, usuario_id, libro_id, comentario, fecha) VALUES (22, 92, 148, 'Southern example throughout car issue sit.', '2025-01-03');
INSERT INTO comentarios (id, usuario_id, libro_id, comentario, fecha) VALUES (23, 95, 59, 'Keep this affect head know check.', '2025-02-09');
INSERT INTO comentarios (id, usuario_id, libro_id, comentario, fecha) VALUES (24, 15, 124, 'Road fly owner amount high couple reach remain.', '2024-08-17');
INSERT INTO comentarios (id, usuario_id, libro_id, comentario, fecha) VALUES (25, 100, 67, 'Alone small partner campaign grow born dinner reveal choose easy.', '2024-08-08');
INSERT INTO comentarios (id, usuario_id, libro_id, comentario, fecha) VALUES (26, 41, 98, 'Back begin religious mean bill.', '2025-01-19');
INSERT INTO comentarios (id, usuario_id, libro_id, comentario, fecha) VALUES (27, 68, 240, 'Environment sport street road sure.', '2025-01-09');
INSERT INTO comentarios (id, usuario_id, libro_id, comentario, fecha) VALUES (28, 66, 305, 'Member education fall once public upon cell blue personal.', '2024-11-11');
INSERT INTO comentarios (id, usuario_id, libro_id, comentario, fecha) VALUES (29, 33, 19, 'Put type level bill agreement government old.', '2024-06-18');
INSERT INTO comentarios (id, usuario_id, libro_id, comentario, fecha) VALUES (30, 28, 357, 'Image my question main everyone deal continue arrive history second.', '2024-12-07');
INSERT INTO comentarios (id, usuario_id, libro_id, comentario, fecha) VALUES (31, 98, 314, 'Able these hundred continue probably professional less.', '2024-07-21');
INSERT INTO comentarios (id, usuario_id, libro_id, comentario, fecha) VALUES (32, 36, 183, 'Meeting blue mention investment final.', '2024-07-16');
INSERT INTO comentarios (id, usuario_id, libro_id, comentario, fecha) VALUES (33, 95, 144, 'My draw Congress friend imagine operation.', '2024-11-15');
INSERT INTO comentarios (id, usuario_id, libro_id, comentario, fecha) VALUES (34, 10, 296, 'Check rather ago happy drive model pattern that.', '2024-06-21');
INSERT INTO comentarios (id, usuario_id, libro_id, comentario, fecha) VALUES (35, 62, 330, 'Which relationship wind seek give management which from suffer accept mother.', '2025-03-13');
INSERT INTO comentarios (id, usuario_id, libro_id, comentario, fecha) VALUES (36, 2, 308, 'Our region foreign new save.', '2025-03-21');
INSERT INTO comentarios (id, usuario_id, libro_id, comentario, fecha) VALUES (37, 59, 159, 'Reach billion kitchen discover increase shake.', '2024-06-08');
INSERT INTO comentarios (id, usuario_id, libro_id, comentario, fecha) VALUES (38, 93, 260, 'Deep edge end six government drop.', '2024-11-17');
INSERT INTO comentarios (id, usuario_id, libro_id, comentario, fecha) VALUES (39, 90, 399, 'Social say hot morning.', '2024-10-10');
INSERT INTO comentarios (id, usuario_id, libro_id, comentario, fecha) VALUES (40, 18, 460, 'In produce charge moment role pretty city.', '2025-05-10');
INSERT INTO comentarios (id, usuario_id, libro_id, comentario, fecha) VALUES (41, 5, 76, 'For beautiful process tough worker building audience walk head traditional.', '2024-11-28');
INSERT INTO comentarios (id, usuario_id, libro_id, comentario, fecha) VALUES (42, 92, 288, 'Himself garden second church Mrs free.', '2024-08-22');
INSERT INTO comentarios (id, usuario_id, libro_id, comentario, fecha) VALUES (43, 30, 379, 'Court teacher music town whole ability crime safe.', '2024-11-15');
INSERT INTO comentarios (id, usuario_id, libro_id, comentario, fecha) VALUES (44, 22, 172, 'Bed experience think movement father check by different grow.', '2024-12-04');
INSERT INTO comentarios (id, usuario_id, libro_id, comentario, fecha) VALUES (45, 9, 33, 'Memory both bit common learn north finish style.', '2025-04-07');
INSERT INTO comentarios (id, usuario_id, libro_id, comentario, fecha) VALUES (46, 4, 47, 'Main should politics range to few government consumer.', '2025-03-08');
INSERT INTO comentarios (id, usuario_id, libro_id, comentario, fecha) VALUES (47, 46, 217, 'Environmental candidate against throw I practice according vote house who.', '2024-09-20');
INSERT INTO comentarios (id, usuario_id, libro_id, comentario, fecha) VALUES (48, 72, 165, 'Issue easy door shoulder strategy between itself lawyer.', '2024-11-10');
INSERT INTO comentarios (id, usuario_id, libro_id, comentario, fecha) VALUES (49, 1, 161, 'Yourself either rate message size whom thing already miss media.', '2025-01-11');
INSERT INTO comentarios (id, usuario_id, libro_id, comentario, fecha) VALUES (50, 2, 133, 'By situation owner radio few too.', '2024-07-18');
INSERT INTO comentarios (id, usuario_id, libro_id, comentario, fecha) VALUES (51, 58, 147, 'Its collection officer catch before TV wear work.', '2024-07-06');
INSERT INTO comentarios (id, usuario_id, libro_id, comentario, fecha) VALUES (52, 55, 185, 'Themselves your sure personal leave suggest later military yeah loss.', '2024-08-02');
INSERT INTO comentarios (id, usuario_id, libro_id, comentario, fecha) VALUES (53, 98, 281, 'During action natural nearly society board adult could particular at.', '2024-07-12');
INSERT INTO comentarios (id, usuario_id, libro_id, comentario, fecha) VALUES (54, 3, 221, 'Up figure must series happy.', '2025-02-08');
INSERT INTO comentarios (id, usuario_id, libro_id, comentario, fecha) VALUES (55, 39, 174, 'Big must attorney statement product development kid democratic instead design.', '2025-02-16');
INSERT INTO comentarios (id, usuario_id, libro_id, comentario, fecha) VALUES (56, 9, 36, 'Store seem chair network investment wish range service alone box.', '2025-05-02');
INSERT INTO comentarios (id, usuario_id, libro_id, comentario, fecha) VALUES (57, 11, 215, 'Education also beyond beat drug cost have half certainly collection.', '2025-02-23');
INSERT INTO comentarios (id, usuario_id, libro_id, comentario, fecha) VALUES (58, 77, 110, 'Single check population hard case late different medical.', '2024-11-20');
INSERT INTO comentarios (id, usuario_id, libro_id, comentario, fecha) VALUES (59, 37, 182, 'Personal follow public perform here include finish on language grow.', '2025-03-21');
INSERT INTO comentarios (id, usuario_id, libro_id, comentario, fecha) VALUES (60, 33, 480, 'Chance fire training art drug appear charge.', '2024-11-01');
INSERT INTO comentarios (id, usuario_id, libro_id, comentario, fecha) VALUES (61, 21, 105, 'Thus ability lawyer amount scientist product performance doctor meet painting dark.', '2024-08-17');
INSERT INTO comentarios (id, usuario_id, libro_id, comentario, fecha) VALUES (62, 74, 401, 'Line model husband see mother be.', '2025-03-10');
INSERT INTO comentarios (id, usuario_id, libro_id, comentario, fecha) VALUES (63, 18, 429, 'Wall election your first stand position business.', '2024-11-08');
INSERT INTO comentarios (id, usuario_id, libro_id, comentario, fecha) VALUES (64, 35, 473, 'Foreign some civil green find such cause organization green should discuss.', '2024-12-28');
INSERT INTO comentarios (id, usuario_id, libro_id, comentario, fecha) VALUES (65, 60, 484, 'Still common key base receive successful style couple.', '2024-11-12');
INSERT INTO comentarios (id, usuario_id, libro_id, comentario, fecha) VALUES (66, 35, 381, 'Organization scientist remember floor energy send discover language phone blue anything.', '2024-09-25');
INSERT INTO comentarios (id, usuario_id, libro_id, comentario, fecha) VALUES (67, 15, 16, 'Stand move state region prevent appear never indicate.', '2024-11-11');
INSERT INTO comentarios (id, usuario_id, libro_id, comentario, fecha) VALUES (68, 92, 133, 'We answer wrong conference effect even imagine use director responsibility sort.', '2025-02-26');
INSERT INTO comentarios (id, usuario_id, libro_id, comentario, fecha) VALUES (69, 84, 199, 'Away return music by fact peace phone just.', '2025-04-19');
INSERT INTO comentarios (id, usuario_id, libro_id, comentario, fecha) VALUES (70, 8, 107, 'Language increase determine choice through.', '2025-04-14');
INSERT INTO comentarios (id, usuario_id, libro_id, comentario, fecha) VALUES (71, 89, 232, 'Rather big yeah even and window question travel growth.', '2024-08-05');
INSERT INTO comentarios (id, usuario_id, libro_id, comentario, fecha) VALUES (72, 7, 140, 'Rest board find daughter site develop ball trouble research record.', '2025-04-05');
INSERT INTO comentarios (id, usuario_id, libro_id, comentario, fecha) VALUES (73, 90, 13, 'Continue fire break into Mr nearly million.', '2024-09-03');
INSERT INTO comentarios (id, usuario_id, libro_id, comentario, fecha) VALUES (74, 90, 125, 'Material hundred size region produce member dream those ground.', '2024-11-26');
INSERT INTO comentarios (id, usuario_id, libro_id, comentario, fecha) VALUES (75, 89, 491, 'Other listen within figure quite hand.', '2025-02-28');
INSERT INTO comentarios (id, usuario_id, libro_id, comentario, fecha) VALUES (76, 79, 215, 'Although live study paper pattern guy.', '2025-01-05');
INSERT INTO comentarios (id, usuario_id, libro_id, comentario, fecha) VALUES (77, 80, 336, 'Hundred risk sing structure bill dream explain thank.', '2024-06-16');
INSERT INTO comentarios (id, usuario_id, libro_id, comentario, fecha) VALUES (78, 32, 188, 'Compare teach production pressure here ten list history.', '2024-09-28');
INSERT INTO comentarios (id, usuario_id, libro_id, comentario, fecha) VALUES (79, 41, 312, 'Result line thought however find study price.', '2025-02-02');
INSERT INTO comentarios (id, usuario_id, libro_id, comentario, fecha) VALUES (80, 55, 189, 'Little major spend table their.', '2025-05-31');
INSERT INTO comentarios (id, usuario_id, libro_id, comentario, fecha) VALUES (81, 71, 499, 'Same within everybody site life others.', '2024-12-27');
INSERT INTO comentarios (id, usuario_id, libro_id, comentario, fecha) VALUES (82, 73, 272, 'Plant to writer trouble under upon society strong.', '2024-10-30');
INSERT INTO comentarios (id, usuario_id, libro_id, comentario, fecha) VALUES (83, 42, 184, 'Call piece news blue its several.', '2025-04-06');
INSERT INTO comentarios (id, usuario_id, libro_id, comentario, fecha) VALUES (84, 12, 243, 'Build police responsibility my.', '2024-06-24');
INSERT INTO comentarios (id, usuario_id, libro_id, comentario, fecha) VALUES (85, 80, 425, 'Save bill its body indicate.', '2025-05-26');
INSERT INTO comentarios (id, usuario_id, libro_id, comentario, fecha) VALUES (86, 77, 320, 'Pay lose join anything either choice.', '2025-02-18');
INSERT INTO comentarios (id, usuario_id, libro_id, comentario, fecha) VALUES (87, 64, 396, 'Represent serious you sound water hope report.', '2025-03-19');
INSERT INTO comentarios (id, usuario_id, libro_id, comentario, fecha) VALUES (88, 52, 288, 'Matter above wear network part campaign.', '2025-02-19');
INSERT INTO comentarios (id, usuario_id, libro_id, comentario, fecha) VALUES (89, 43, 430, 'Natural option main poor serious but wide detail.', '2024-10-05');
INSERT INTO comentarios (id, usuario_id, libro_id, comentario, fecha) VALUES (90, 99, 180, 'Assume thing population firm effect action audience any service.', '2024-08-15');
INSERT INTO comentarios (id, usuario_id, libro_id, comentario, fecha) VALUES (91, 55, 144, 'Cup respond sense eight doctor analysis.', '2024-12-19');
INSERT INTO comentarios (id, usuario_id, libro_id, comentario, fecha) VALUES (92, 11, 163, 'Social recognize long someone identify.', '2024-09-28');
INSERT INTO comentarios (id, usuario_id, libro_id, comentario, fecha) VALUES (93, 93, 130, 'She recently group and meeting executive between heart so learn.', '2025-03-05');
INSERT INTO comentarios (id, usuario_id, libro_id, comentario, fecha) VALUES (94, 37, 151, 'Risk serve wide accept ball lawyer red always partner doctor.', '2024-10-09');
INSERT INTO comentarios (id, usuario_id, libro_id, comentario, fecha) VALUES (95, 20, 368, 'Discuss clear wide common defense trouble unit.', '2024-09-23');
INSERT INTO comentarios (id, usuario_id, libro_id, comentario, fecha) VALUES (96, 40, 416, 'Realize hair look grow especially none phone either among yard.', '2024-06-18');
INSERT INTO comentarios (id, usuario_id, libro_id, comentario, fecha) VALUES (97, 70, 205, 'Economic part but end rock another box.', '2025-02-21');
INSERT INTO comentarios (id, usuario_id, libro_id, comentario, fecha) VALUES (98, 87, 277, 'Meet thought herself like professional.', '2024-08-22');
INSERT INTO comentarios (id, usuario_id, libro_id, comentario, fecha) VALUES (99, 30, 391, 'Administration enter decision soldier drop reveal allow professor.', '2025-03-18');
INSERT INTO comentarios (id, usuario_id, libro_id, comentario, fecha) VALUES (100, 43, 53, 'Indicate perform senior kind our.', '2025-04-25');
INSERT INTO comentarios (id, usuario_id, libro_id, comentario, fecha) VALUES (101, 68, 131, 'Cut against light fact establish.', '2025-02-09');
INSERT INTO comentarios (id, usuario_id, libro_id, comentario, fecha) VALUES (102, 8, 38, 'Law respond away project shake.', '2024-06-17');
INSERT INTO comentarios (id, usuario_id, libro_id, comentario, fecha) VALUES (103, 85, 168, 'Effect modern individual attorney inside effort ready consumer.', '2024-10-28');
INSERT INTO comentarios (id, usuario_id, libro_id, comentario, fecha) VALUES (104, 19, 218, 'Treat table choose treatment accept audience.', '2025-04-15');
INSERT INTO comentarios (id, usuario_id, libro_id, comentario, fecha) VALUES (105, 11, 283, 'World maybe even summer dream consumer.', '2025-03-04');
INSERT INTO comentarios (id, usuario_id, libro_id, comentario, fecha) VALUES (106, 78, 424, 'Money national I shake around source.', '2025-04-13');
INSERT INTO comentarios (id, usuario_id, libro_id, comentario, fecha) VALUES (107, 81, 78, 'Under rather husband long dream both service.', '2025-05-09');
INSERT INTO comentarios (id, usuario_id, libro_id, comentario, fecha) VALUES (108, 26, 25, 'Whose try school policy able whole reveal.', '2024-09-05');
INSERT INTO comentarios (id, usuario_id, libro_id, comentario, fecha) VALUES (109, 59, 359, 'Could begin reflect book ability institution view wall data.', '2025-03-11');
INSERT INTO comentarios (id, usuario_id, libro_id, comentario, fecha) VALUES (110, 60, 292, 'Either would material perhaps deep floor my simply nature.', '2024-08-16');
INSERT INTO comentarios (id, usuario_id, libro_id, comentario, fecha) VALUES (111, 85, 24, 'Hand future question commercial begin listen coach tough act.', '2024-09-12');
INSERT INTO comentarios (id, usuario_id, libro_id, comentario, fecha) VALUES (112, 25, 433, 'Over quality maybe gas man few artist.', '2025-02-02');
INSERT INTO comentarios (id, usuario_id, libro_id, comentario, fecha) VALUES (113, 43, 204, 'Generation bad will entire lose Mr.', '2025-01-08');
INSERT INTO comentarios (id, usuario_id, libro_id, comentario, fecha) VALUES (114, 58, 444, 'Drop yet well example sit note.', '2024-07-22');
INSERT INTO comentarios (id, usuario_id, libro_id, comentario, fecha) VALUES (115, 63, 28, 'Sister force stage join.', '2024-07-20');
INSERT INTO comentarios (id, usuario_id, libro_id, comentario, fecha) VALUES (116, 61, 500, 'Can dark security hard parent weight ready however find perhaps.', '2024-11-27');
INSERT INTO comentarios (id, usuario_id, libro_id, comentario, fecha) VALUES (117, 22, 118, 'Subject middle present start upon work full.', '2025-05-07');
INSERT INTO comentarios (id, usuario_id, libro_id, comentario, fecha) VALUES (118, 1, 55, 'Figure cover do key too call old activity answer collection.', '2024-07-16');
INSERT INTO comentarios (id, usuario_id, libro_id, comentario, fecha) VALUES (119, 80, 318, 'Possible possible per can start.', '2024-09-06');
INSERT INTO comentarios (id, usuario_id, libro_id, comentario, fecha) VALUES (120, 89, 331, 'Technology determine vote same exist.', '2025-05-25');
INSERT INTO comentarios (id, usuario_id, libro_id, comentario, fecha) VALUES (121, 88, 455, 'Herself television week blue century central maybe total.', '2024-10-10');
INSERT INTO comentarios (id, usuario_id, libro_id, comentario, fecha) VALUES (122, 63, 334, 'Away young Republican skill television.', '2025-01-06');
INSERT INTO comentarios (id, usuario_id, libro_id, comentario, fecha) VALUES (123, 61, 469, 'Whose onto test chance near leader.', '2024-06-19');
INSERT INTO comentarios (id, usuario_id, libro_id, comentario, fecha) VALUES (124, 43, 99, 'Fast two guy according drive source style section such.', '2024-06-17');
INSERT INTO comentarios (id, usuario_id, libro_id, comentario, fecha) VALUES (125, 86, 431, 'Step when recognize go believe.', '2025-04-10');
INSERT INTO comentarios (id, usuario_id, libro_id, comentario, fecha) VALUES (126, 69, 76, 'Bag choice ago onto organization wrong movie do TV.', '2024-11-30');
INSERT INTO comentarios (id, usuario_id, libro_id, comentario, fecha) VALUES (127, 56, 180, 'Water one positive data table true community themselves.', '2024-09-19');
INSERT INTO comentarios (id, usuario_id, libro_id, comentario, fecha) VALUES (128, 10, 260, 'Though black station activity direction ahead drive meeting drive around.', '2024-06-02');
INSERT INTO comentarios (id, usuario_id, libro_id, comentario, fecha) VALUES (129, 31, 250, 'Mind material involve accept Mr the author cover.', '2025-01-03');
INSERT INTO comentarios (id, usuario_id, libro_id, comentario, fecha) VALUES (130, 82, 330, 'Buy film five understand picture none cost nearly.', '2025-01-01');
INSERT INTO comentarios (id, usuario_id, libro_id, comentario, fecha) VALUES (131, 20, 92, 'Laugh pattern his likely century magazine impact game.', '2024-09-28');
INSERT INTO comentarios (id, usuario_id, libro_id, comentario, fecha) VALUES (132, 49, 302, 'Recently talk not produce skill democratic future plant wrong better.', '2024-10-31');
INSERT INTO comentarios (id, usuario_id, libro_id, comentario, fecha) VALUES (133, 34, 305, 'Trouble able require prepare stage should gas make.', '2025-01-03');
INSERT INTO comentarios (id, usuario_id, libro_id, comentario, fecha) VALUES (134, 72, 185, 'Specific never arm deal owner get day long if sing.', '2025-03-11');
INSERT INTO comentarios (id, usuario_id, libro_id, comentario, fecha) VALUES (135, 79, 256, 'According skill pick conference.', '2024-09-18');
INSERT INTO comentarios (id, usuario_id, libro_id, comentario, fecha) VALUES (136, 47, 166, 'One partner site half seem within do language seven design go.', '2024-06-29');
INSERT INTO comentarios (id, usuario_id, libro_id, comentario, fecha) VALUES (137, 71, 225, 'Account point then green home that measure among as quite.', '2025-01-13');
INSERT INTO comentarios (id, usuario_id, libro_id, comentario, fecha) VALUES (138, 89, 211, 'Lawyer development feeling image world style test expect around believe.', '2024-12-02');
INSERT INTO comentarios (id, usuario_id, libro_id, comentario, fecha) VALUES (139, 80, 149, 'Set reveal best say happen stage author either financial stand.', '2024-06-06');
INSERT INTO comentarios (id, usuario_id, libro_id, comentario, fecha) VALUES (140, 54, 490, 'Character firm challenge teach anyone design friend every.', '2024-12-31');
INSERT INTO comentarios (id, usuario_id, libro_id, comentario, fecha) VALUES (141, 82, 269, 'Large performance hope soldier job morning could thank stay.', '2024-06-24');
INSERT INTO comentarios (id, usuario_id, libro_id, comentario, fecha) VALUES (142, 70, 401, 'Thus but choice with during trade message try.', '2025-04-16');
INSERT INTO comentarios (id, usuario_id, libro_id, comentario, fecha) VALUES (143, 40, 475, 'Before man serious camera agency class hot quality fly.', '2025-01-21');
INSERT INTO comentarios (id, usuario_id, libro_id, comentario, fecha) VALUES (144, 35, 123, 'Surface modern care year public every ago water tell near record.', '2025-05-08');
INSERT INTO comentarios (id, usuario_id, libro_id, comentario, fecha) VALUES (145, 83, 181, 'Picture enjoy test best down.', '2024-08-24');
INSERT INTO comentarios (id, usuario_id, libro_id, comentario, fecha) VALUES (146, 88, 76, 'Good also break response fact activity.', '2025-05-04');
INSERT INTO comentarios (id, usuario_id, libro_id, comentario, fecha) VALUES (147, 23, 428, 'How generation range meet watch worker time particularly.', '2024-12-18');
INSERT INTO comentarios (id, usuario_id, libro_id, comentario, fecha) VALUES (148, 31, 321, 'Election sure major leader organization almost team court Mrs.', '2025-05-04');
INSERT INTO comentarios (id, usuario_id, libro_id, comentario, fecha) VALUES (149, 49, 412, 'Local second series can sense buy consumer.', '2025-03-28');
INSERT INTO comentarios (id, usuario_id, libro_id, comentario, fecha) VALUES (150, 7, 132, 'What parent performance season service book get item.', '2024-10-13');
INSERT INTO comentarios (id, usuario_id, libro_id, comentario, fecha) VALUES (151, 48, 152, 'Civil I cold market.', '2025-05-19');
INSERT INTO comentarios (id, usuario_id, libro_id, comentario, fecha) VALUES (152, 4, 346, 'Until just without who specific win.', '2024-06-29');
INSERT INTO comentarios (id, usuario_id, libro_id, comentario, fecha) VALUES (153, 73, 341, 'Sign finish read lot impact create spring news.', '2024-09-11');
INSERT INTO comentarios (id, usuario_id, libro_id, comentario, fecha) VALUES (154, 87, 2, 'Reduce outside clearly employee including move wind shake tend from.', '2025-03-13');
INSERT INTO comentarios (id, usuario_id, libro_id, comentario, fecha) VALUES (155, 51, 272, 'Will give agent pretty fact.', '2024-09-04');
INSERT INTO comentarios (id, usuario_id, libro_id, comentario, fecha) VALUES (156, 9, 450, 'Before career see have author ready certain.', '2025-03-27');
INSERT INTO comentarios (id, usuario_id, libro_id, comentario, fecha) VALUES (157, 64, 309, 'So we seem media woman executive third poor others true.', '2024-10-04');
INSERT INTO comentarios (id, usuario_id, libro_id, comentario, fecha) VALUES (158, 2, 422, 'Significant time bank wish writer building walk executive bank.', '2024-12-21');
INSERT INTO comentarios (id, usuario_id, libro_id, comentario, fecha) VALUES (159, 32, 193, 'Community say science series keep.', '2024-08-24');
INSERT INTO comentarios (id, usuario_id, libro_id, comentario, fecha) VALUES (160, 2, 491, 'Value total capital lose necessary alone other left.', '2024-11-12');
INSERT INTO comentarios (id, usuario_id, libro_id, comentario, fecha) VALUES (161, 31, 14, 'Stand around attack sense simply stock month apply easy.', '2024-10-02');
INSERT INTO comentarios (id, usuario_id, libro_id, comentario, fecha) VALUES (162, 91, 417, 'Consider past company everyone range fill check.', '2025-02-23');
INSERT INTO comentarios (id, usuario_id, libro_id, comentario, fecha) VALUES (163, 62, 62, 'Power dog American pull Congress we administration until.', '2025-05-26');
INSERT INTO comentarios (id, usuario_id, libro_id, comentario, fecha) VALUES (164, 65, 428, 'Than bill leader away summer plan participant.', '2024-07-02');
INSERT INTO comentarios (id, usuario_id, libro_id, comentario, fecha) VALUES (165, 32, 112, 'Realize someone throughout training effect because.', '2024-08-14');
INSERT INTO comentarios (id, usuario_id, libro_id, comentario, fecha) VALUES (166, 75, 175, 'Process support protect represent physical try six per.', '2024-09-10');
INSERT INTO comentarios (id, usuario_id, libro_id, comentario, fecha) VALUES (167, 90, 413, 'Stay floor story use item general case toward buy new analysis.', '2024-07-03');
INSERT INTO comentarios (id, usuario_id, libro_id, comentario, fecha) VALUES (168, 73, 361, 'Eat outside tree politics fire heart production image rather.', '2025-01-21');
INSERT INTO comentarios (id, usuario_id, libro_id, comentario, fecha) VALUES (169, 77, 107, 'Note character nice begin be fear within event religious three new.', '2024-06-03');
INSERT INTO comentarios (id, usuario_id, libro_id, comentario, fecha) VALUES (170, 14, 441, 'Art expect single first position price yeah pay begin.', '2025-03-20');
INSERT INTO comentarios (id, usuario_id, libro_id, comentario, fecha) VALUES (171, 13, 73, 'Try these federal common friend party.', '2024-08-06');
INSERT INTO comentarios (id, usuario_id, libro_id, comentario, fecha) VALUES (172, 70, 102, 'Draw concern team wrong throughout.', '2024-07-09');
INSERT INTO comentarios (id, usuario_id, libro_id, comentario, fecha) VALUES (173, 18, 350, 'Body economic happy energy marriage thought marriage day campaign.', '2024-10-31');
INSERT INTO comentarios (id, usuario_id, libro_id, comentario, fecha) VALUES (174, 44, 194, 'Long avoid he number house them none street moment color their.', '2025-05-09');
INSERT INTO comentarios (id, usuario_id, libro_id, comentario, fecha) VALUES (175, 39, 335, 'Very right analysis quickly receive marriage history.', '2024-08-07');
INSERT INTO comentarios (id, usuario_id, libro_id, comentario, fecha) VALUES (176, 53, 457, 'Never explain opportunity such above heavy kitchen.', '2024-11-26');
INSERT INTO comentarios (id, usuario_id, libro_id, comentario, fecha) VALUES (177, 24, 399, 'Sure west environmental culture through glass agency boy couple enter.', '2024-11-17');
INSERT INTO comentarios (id, usuario_id, libro_id, comentario, fecha) VALUES (178, 70, 406, 'Something couple throw family result history.', '2024-12-03');
INSERT INTO comentarios (id, usuario_id, libro_id, comentario, fecha) VALUES (179, 80, 151, 'Because chair despite hold range positive entire seat daughter.', '2025-04-05');
INSERT INTO comentarios (id, usuario_id, libro_id, comentario, fecha) VALUES (180, 3, 97, 'Gas wish tonight practice practice.', '2025-01-25');
INSERT INTO comentarios (id, usuario_id, libro_id, comentario, fecha) VALUES (181, 97, 364, 'Defense meet question imagine seem trial.', '2024-08-16');
INSERT INTO comentarios (id, usuario_id, libro_id, comentario, fecha) VALUES (182, 8, 21, 'Training agent information suggest people girl million although bad political.', '2024-08-02');
INSERT INTO comentarios (id, usuario_id, libro_id, comentario, fecha) VALUES (183, 32, 310, 'This consumer trial challenge billion remember.', '2024-08-19');
INSERT INTO comentarios (id, usuario_id, libro_id, comentario, fecha) VALUES (184, 22, 347, 'Tax what nature decade way executive final.', '2025-04-05');
INSERT INTO comentarios (id, usuario_id, libro_id, comentario, fecha) VALUES (185, 71, 412, 'Heart any mean wall miss prepare fine.', '2025-02-22');
INSERT INTO comentarios (id, usuario_id, libro_id, comentario, fecha) VALUES (186, 37, 81, 'Participant message catch anything goal consider election.', '2025-04-26');
INSERT INTO comentarios (id, usuario_id, libro_id, comentario, fecha) VALUES (187, 98, 109, 'Tell from stuff red group interesting environmental space tree great.', '2025-02-14');
INSERT INTO comentarios (id, usuario_id, libro_id, comentario, fecha) VALUES (188, 51, 49, 'Two again to whom cup return hope catch.', '2024-09-14');
INSERT INTO comentarios (id, usuario_id, libro_id, comentario, fecha) VALUES (189, 95, 352, 'Strong report environment site check newspaper democratic military rather.', '2024-09-16');
INSERT INTO comentarios (id, usuario_id, libro_id, comentario, fecha) VALUES (190, 39, 176, 'Me head society knowledge everybody low do identify employee once.', '2025-04-02');
INSERT INTO comentarios (id, usuario_id, libro_id, comentario, fecha) VALUES (191, 23, 4, 'Idea explain finally industry capital kitchen upon possible lay.', '2024-11-11');
INSERT INTO comentarios (id, usuario_id, libro_id, comentario, fecha) VALUES (192, 10, 58, 'Common campaign picture cold growth able choice.', '2025-05-04');
INSERT INTO comentarios (id, usuario_id, libro_id, comentario, fecha) VALUES (193, 61, 301, 'Media force reality time door fly performance property until.', '2025-05-06');
INSERT INTO comentarios (id, usuario_id, libro_id, comentario, fecha) VALUES (194, 10, 148, 'Century low might usually yes fine several chance newspaper.', '2024-10-15');
INSERT INTO comentarios (id, usuario_id, libro_id, comentario, fecha) VALUES (195, 88, 247, 'Evening young condition who program difference find wait.', '2025-04-13');
INSERT INTO comentarios (id, usuario_id, libro_id, comentario, fecha) VALUES (196, 67, 448, 'However special structure fact success when house bank.', '2025-03-24');
INSERT INTO comentarios (id, usuario_id, libro_id, comentario, fecha) VALUES (197, 4, 79, 'Key next drive feel beyond ready.', '2025-03-20');
INSERT INTO comentarios (id, usuario_id, libro_id, comentario, fecha) VALUES (198, 28, 441, 'Represent brother property range out.', '2025-01-17');
INSERT INTO comentarios (id, usuario_id, libro_id, comentario, fecha) VALUES (199, 8, 415, 'Market level pressure lawyer item hundred through weight note.', '2025-01-03');
INSERT INTO comentarios (id, usuario_id, libro_id, comentario, fecha) VALUES (200, 7, 62, 'Than energy peace office become.', '2024-06-17');